"Name","Count"
"rx_beam_momentum_x_turnover_curve","126"
"rx_beam_momentum_curve_x_vol_curve","115"
"rx_turnover_curve_zscore_rank","77"
"rx_beam_open_gap_x_vol_curve","44"
"rx_beam_momentum_x_volume_curve","42"
"rx_beam_prior_close_position_x_amount_curve","41"
"rx_beam_prior_close_position_x_turnover_curve","40"
"rx_beam_prior_close_position_x_volume_curve","40"
"rx_beam_prior_close_position_x_volatility","40"
"rx_beam_momentum_x_vol_curve","39"
"rx_beam_prior_close_position_x_vol_curve","36"
"rx_vol_curve_inverted_rank","34"
"rx_vol_curve_rank","31"
"rx_vol_curve_zscore_rank","27"
"rx_volume_curve_zscore_rank","22"
"rx_volume_curve_rank","9"
"rx_volume_curve_inverted_rank","9"
"rx_cross_prior_close_position_x_vol_curve","3"
"rx_turnover_curve_rank","3"
"rx_beam_momentum_x_float_cap_amount_residual","2"
"rx_beam_prior_close_position_x_float_cap_amount_residual","2"
"rx_float_cap_amount_residual_inverted_rank","1"
"rx_float_cap_amount_residual_zscore_rank","1"
"rx_float_cap_amount_residual_rank","1"
