source_registry,source_group,dataset,field_name,field_family,route,selector_allowed,pit_rule,priority,asset_status,integration_hint,panel_materialized,panel_aliases,factor_pack_referenced,factor_pack_aliases,factor_pack_names,selector_selected,selector_aliases,availability_executable_seen,availability_aliases,blocked_or_metadata,high_value_family,integration_status,recommended_repair_action,repair_priority_score
global_field_route,cn_fundamental_akshare_batch_v1_20260531\aggregated_v1,balance_sheet_report_em,ADVICE_ASSIGN_DIVIDEND,holder_corporate_action,announcement_pit_feature,candidate_after_pit_contract,use notice/disclosure date plus conservative next-trading-day lag,medium,registered,,False,,False,,,False,,False,,False,True,contract_only,materialize_pit_sidecar_before_formula_search,5.6
global_field_route,cn_fundamental_akshare_batch_v1_20260531\aggregated_v1,balance_sheet_report_em,ADVICE_ASSIGN_DIVIDEND_YOY,holder_corporate_action,announcement_pit_feature,candidate_after_pit_contract,use notice/disclosure date plus conservative next-trading-day lag,medium,registered,,False,,False,,,False,,False,,False,True,contract_only,materialize_pit_sidecar_before_formula_search,5.6
global_field_route,cn_fundamental_akshare_batch_v1_20260531\aggregated_v1,balance_sheet_report_em,AGENT_BUSINESS_ASSET,fundamental_quality_risk,announcement_pit_feature,candidate_after_pit_contract,use notice/disclosure date plus conservative next-trading-day lag,medium,registered,,False,,False,,,False,,False,,False,True,contract_only,materialize_pit_sidecar_before_formula_search,5.8
global_field_route,cn_fundamental_akshare_batch_v1_20260531\aggregated_v1,balance_sheet_report_em,AGENT_BUSINESS_ASSET_YOY,fundamental_quality_risk,announcement_pit_feature,candidate_after_pit_contract,use notice/disclosure date plus conservative next-trading-day lag,medium,registered,,False,,False,,,False,,False,,False,True,contract_only,materialize_pit_sidecar_before_formula_search,5.8
global_field_route,cn_fundamental_akshare_batch_v1_20260531\aggregated_v1,balance_sheet_report_em,AGENT_BUSINESS_LIAB,fundamental_quality_risk,announcement_pit_feature,candidate_after_pit_contract,use notice/disclosure date plus conservative next-trading-day lag,medium,registered,,False,,False,,,False,,False,,False,True,contract_only,materialize_pit_sidecar_before_formula_search,5.8
global_field_route,cn_fundamental_akshare_batch_v1_20260531\aggregated_v1,balance_sheet_report_em,AGENT_BUSINESS_LIAB_YOY,fundamental_quality_risk,announcement_pit_feature,candidate_after_pit_contract,use notice/disclosure date plus conservative next-trading-day lag,medium,registered,,False,,False,,,False,,False,,False,True,contract_only,materialize_pit_sidecar_before_formula_search,5.8
global_field_route,cn_fundamental_akshare_batch_v1_20260531\aggregated_v1,balance_sheet_report_em,CASH_DEPOSIT_PBC,fundamental_quality_risk,announcement_pit_feature,candidate_after_pit_contract,use notice/disclosure date plus conservative next-trading-day lag,medium,registered,,False,,False,,,False,,False,,False,True,contract_only,materialize_pit_sidecar_before_formula_search,5.8
global_field_route,cn_fundamental_akshare_batch_v1_20260531\aggregated_v1,balance_sheet_report_em,CASH_DEPOSIT_PBC_YOY,fundamental_quality_risk,announcement_pit_feature,candidate_after_pit_contract,use notice/disclosure date plus conservative next-trading-day lag,medium,registered,,False,,False,,,False,,False,,False,True,contract_only,materialize_pit_sidecar_before_formula_search,5.8
global_field_route,cn_fundamental_akshare_batch_v1_20260531\aggregated_v1,balance_sheet_report_em,IND_ACC_ASSET,fundamental_quality_risk,announcement_pit_feature,candidate_after_pit_contract,use notice/disclosure date plus conservative next-trading-day lag,medium,registered,,False,,False,,,False,,False,,False,True,contract_only,materialize_pit_sidecar_before_formula_search,5.8
global_field_route,cn_fundamental_akshare_batch_v1_20260531\aggregated_v1,balance_sheet_report_em,IND_ACC_ASSET_YOY,fundamental_quality_risk,announcement_pit_feature,candidate_after_pit_contract,use notice/disclosure date plus conservative next-trading-day lag,medium,registered,,False,,False,,,False,,False,,False,True,contract_only,materialize_pit_sidecar_before_formula_search,5.8
global_field_route,cn_fundamental_akshare_batch_v1_20260531\aggregated_v1,balance_sheet_report_em,IND_ACC_LIAB,fundamental_quality_risk,announcement_pit_feature,candidate_after_pit_contract,use notice/disclosure date plus conservative next-trading-day lag,medium,registered,,False,,False,,,False,,False,,False,True,contract_only,materialize_pit_sidecar_before_formula_search,5.8
global_field_route,cn_fundamental_akshare_batch_v1_20260531\aggregated_v1,balance_sheet_report_em,IND_ACC_LIAB_YOY,fundamental_quality_risk,announcement_pit_feature,candidate_after_pit_contract,use notice/disclosure date plus conservative next-trading-day lag,medium,registered,,False,,False,,,False,,False,,False,True,contract_only,materialize_pit_sidecar_before_formula_search,5.8
global_field_route,cn_fundamental_akshare_batch_v1_20260531\aggregated_v1,balance_sheet_report_em,MORTGAGE_ASSET_IMPAIRMENT,fundamental_quality_risk,announcement_pit_feature,candidate_after_pit_contract,use notice/disclosure date plus conservative next-trading-day lag,medium,registered,,False,,False,,,False,,False,,False,True,contract_only,materialize_pit_sidecar_before_formula_search,5.8
global_field_route,cn_fundamental_akshare_batch_v1_20260531\aggregated_v1,balance_sheet_report_em,MORTGAGE_ASSET_IMPAIRMENT_YOY,fundamental_quality_risk,announcement_pit_feature,candidate_after_pit_contract,use notice/disclosure date plus conservative next-trading-day lag,medium,registered,,False,,False,,,False,,False,,False,True,contract_only,materialize_pit_sidecar_before_formula_search,5.8
global_field_route,cn_fundamental_akshare_batch_v1_20260531\aggregated_v1,balance_sheet_report_em,NET_PENDMORTGAGE_ASSET,fundamental_quality_risk,announcement_pit_feature,candidate_after_pit_contract,use notice/disclosure date plus conservative next-trading-day lag,medium,registered,,False,,False,,,False,,False,,False,True,contract_only,materialize_pit_sidecar_before_formula_search,5.8
global_field_route,cn_fundamental_akshare_batch_v1_20260531\aggregated_v1,balance_sheet_report_em,NET_PENDMORTGAGE_ASSET_YOY,fundamental_quality_risk,announcement_pit_feature,candidate_after_pit_contract,use notice/disclosure date plus conservative next-trading-day lag,medium,registered,,False,,False,,,False,,False,,False,True,contract_only,materialize_pit_sidecar_before_formula_search,5.8
global_field_route,cn_fundamental_akshare_batch_v1_20260531\aggregated_v1,balance_sheet_report_em,OTHER_ASSET,fundamental_quality_risk,announcement_pit_feature,candidate_after_pit_contract,use notice/disclosure date plus conservative next-trading-day lag,medium,registered,,False,,False,,,False,,False,,False,True,contract_only,materialize_pit_sidecar_before_formula_search,5.8
global_field_route,cn_fundamental_akshare_batch_v1_20260531\aggregated_v1,balance_sheet_report_em,OTHER_ASSET_YOY,fundamental_quality_risk,announcement_pit_feature,candidate_after_pit_contract,use notice/disclosure date plus conservative next-trading-day lag,medium,registered,,False,,False,,,False,,False,,False,True,contract_only,materialize_pit_sidecar_before_formula_search,5.8
global_field_route,cn_fundamental_akshare_batch_v1_20260531\aggregated_v1,balance_sheet_report_em,OTHER_LIAB,fundamental_quality_risk,announcement_pit_feature,candidate_after_pit_contract,use notice/disclosure date plus conservative next-trading-day lag,medium,registered,,False,,False,,,False,,False,,False,True,contract_only,materialize_pit_sidecar_before_formula_search,5.8
global_field_route,cn_fundamental_akshare_batch_v1_20260531\aggregated_v1,balance_sheet_report_em,OTHER_LIAB_YOY,fundamental_quality_risk,announcement_pit_feature,candidate_after_pit_contract,use notice/disclosure date plus conservative next-trading-day lag,medium,registered,,False,,False,,,False,,False,,False,True,contract_only,materialize_pit_sidecar_before_formula_search,5.8
global_field_route,cn_fundamental_akshare_batch_v1_20260531\aggregated_v1,balance_sheet_report_em,PEND_MORTGAGE_ASSET,fundamental_quality_risk,announcement_pit_feature,candidate_after_pit_contract,use notice/disclosure date plus conservative next-trading-day lag,medium,registered,,False,,False,,,False,,False,,False,True,contract_only,materialize_pit_sidecar_before_formula_search,5.8
global_field_route,cn_fundamental_akshare_batch_v1_20260531\aggregated_v1,balance_sheet_report_em,PEND_MORTGAGE_ASSET_YOY,fundamental_quality_risk,announcement_pit_feature,candidate_after_pit_contract,use notice/disclosure date plus conservative next-trading-day lag,medium,registered,,False,,False,,,False,,False,,False,True,contract_only,materialize_pit_sidecar_before_formula_search,5.8
global_field_route,cn_fundamental_akshare_batch_v1_20260531\aggregated_v1,balance_sheet_report_em,POLICY_BONUS_PAYABLE,holder_corporate_action,announcement_pit_feature,candidate_after_pit_contract,use notice/disclosure date plus conservative next-trading-day lag,medium,registered,,False,,False,,,False,,False,,False,True,contract_only,materialize_pit_sidecar_before_formula_search,5.6
global_field_route,cn_fundamental_akshare_batch_v1_20260531\aggregated_v1,balance_sheet_report_em,POLICY_BONUS_PAYABLE_YOY,holder_corporate_action,announcement_pit_feature,candidate_after_pit_contract,use notice/disclosure date plus conservative next-trading-day lag,medium,registered,,False,,False,,,False,,False,,False,True,contract_only,materialize_pit_sidecar_before_formula_search,5.6
global_field_route,cn_fundamental_akshare_batch_v1_20260531\aggregated_v1,balance_sheet_report_em,REFUND_CAPITAL_DEPOSIT,capacity_size,announcement_pit_feature,candidate_after_pit_contract,use notice/disclosure date plus conservative next-trading-day lag,high,registered,,False,,False,,,False,,False,,False,True,contract_only,materialize_pit_sidecar_before_formula_search,7.6
global_field_route,cn_fundamental_akshare_batch_v1_20260531\aggregated_v1,balance_sheet_report_em,REFUND_CAPITAL_DEPOSIT_YOY,capacity_size,announcement_pit_feature,candidate_after_pit_contract,use notice/disclosure date plus conservative next-trading-day lag,high,registered,,False,,False,,,False,,False,,False,True,contract_only,materialize_pit_sidecar_before_formula_search,7.6
global_field_route,cn_fundamental_akshare_batch_v1_20260531\aggregated_v1,balance_sheet_report_em,TRADE_SEAT_FEE,disclosure_event_flow,announcement_pit_feature,candidate_after_pit_contract,use notice/disclosure date plus conservative next-trading-day lag,medium,registered,,False,,False,,,False,,False,,False,True,contract_only,materialize_pit_sidecar_before_formula_search,6.1
global_field_route,cn_fundamental_akshare_batch_v1_20260531\aggregated_v1,balance_sheet_report_em,TRADE_SEAT_FEE_YOY,disclosure_event_flow,announcement_pit_feature,candidate_after_pit_contract,use notice/disclosure date plus conservative next-trading-day lag,medium,registered,,False,,False,,,False,,False,,False,True,contract_only,materialize_pit_sidecar_before_formula_search,6.1
global_field_route,cn_fundamental_akshare_batch_v1_20260531\aggregated_v1,cash_flow_sheet_report_em,ACCEPT_INVEST_CASH,price_state,announcement_pit_feature,candidate_after_pit_contract,use notice/disclosure date plus conservative next-trading-day lag,low,registered,,False,,False,,,False,,False,,False,True,contract_only,materialize_pit_sidecar_before_formula_search,4.4
global_field_route,cn_fundamental_akshare_batch_v1_20260531\aggregated_v1,cash_flow_sheet_report_em,ACCEPT_INVEST_CASH_YOY,price_state,announcement_pit_feature,candidate_after_pit_contract,use notice/disclosure date plus conservative next-trading-day lag,low,registered,,False,,False,,,False,,False,,False,True,contract_only,materialize_pit_sidecar_before_formula_search,4.4
global_field_route,cn_fundamental_akshare_batch_v1_20260531\aggregated_v1,cash_flow_sheet_report_em,ACCOUNTS_RECE_ADD,price_state,announcement_pit_feature,candidate_after_pit_contract,use notice/disclosure date plus conservative next-trading-day lag,low,registered,,False,,False,,,False,,False,,False,True,contract_only,materialize_pit_sidecar_before_formula_search,4.4
global_field_route,cn_fundamental_akshare_batch_v1_20260531\aggregated_v1,cash_flow_sheet_report_em,ACCOUNTS_RECE_ADD_YOY,price_state,announcement_pit_feature,candidate_after_pit_contract,use notice/disclosure date plus conservative next-trading-day lag,low,registered,,False,,False,,,False,,False,,False,True,contract_only,materialize_pit_sidecar_before_formula_search,4.4
global_field_route,cn_fundamental_akshare_batch_v1_20260531\aggregated_v1,cash_flow_sheet_report_em,ACCRUED_EXPENSE_ADD,price_state,announcement_pit_feature,candidate_after_pit_contract,use notice/disclosure date plus conservative next-trading-day lag,low,registered,,False,,False,,,False,,False,,False,True,contract_only,materialize_pit_sidecar_before_formula_search,4.4
global_field_route,cn_fundamental_akshare_batch_v1_20260531\aggregated_v1,cash_flow_sheet_report_em,ACCRUED_EXPENSE_ADD_YOY,price_state,announcement_pit_feature,candidate_after_pit_contract,use notice/disclosure date plus conservative next-trading-day lag,low,registered,,False,,False,,,False,,False,,False,True,contract_only,materialize_pit_sidecar_before_formula_search,4.4
global_field_route,cn_fundamental_akshare_batch_v1_20260531\aggregated_v1,cash_flow_sheet_report_em,AFA_REDUCE,price_state,announcement_pit_feature,candidate_after_pit_contract,use notice/disclosure date plus conservative next-trading-day lag,low,registered,,False,,False,,,False,,False,,False,True,contract_only,materialize_pit_sidecar_before_formula_search,4.4
global_field_route,cn_fundamental_akshare_batch_v1_20260531\aggregated_v1,cash_flow_sheet_report_em,AFA_REDUCE_YOY,price_state,announcement_pit_feature,candidate_after_pit_contract,use notice/disclosure date plus conservative next-trading-day lag,low,registered,,False,,False,,,False,,False,,False,True,contract_only,materialize_pit_sidecar_before_formula_search,4.4
global_field_route,cn_fundamental_akshare_batch_v1_20260531\aggregated_v1,cash_flow_sheet_report_em,ASSET_IMPAIRMENT_YOY,price_state,announcement_pit_feature,candidate_after_pit_contract,use notice/disclosure date plus conservative next-trading-day lag,low,registered,,False,,False,,,False,,False,,False,True,contract_only,materialize_pit_sidecar_before_formula_search,4.4
global_field_route,cn_fundamental_akshare_batch_v1_20260531\aggregated_v1,cash_flow_sheet_report_em,ASSIGN_DIVIDEND_PORFIT,price_state,announcement_pit_feature,candidate_after_pit_contract,use notice/disclosure date plus conservative next-trading-day lag,low,registered,,False,,False,,,False,,False,,False,True,contract_only,materialize_pit_sidecar_before_formula_search,4.4
global_field_route,cn_fundamental_akshare_batch_v1_20260531\aggregated_v1,cash_flow_sheet_report_em,ASSIGN_DIVIDEND_PORFIT_YOY,price_state,announcement_pit_feature,candidate_after_pit_contract,use notice/disclosure date plus conservative next-trading-day lag,low,registered,,False,,False,,,False,,False,,False,True,contract_only,materialize_pit_sidecar_before_formula_search,4.4
global_field_route,cn_fundamental_akshare_batch_v1_20260531\aggregated_v1,cash_flow_sheet_report_em,BANKSECURITY_LEND_ADD,price_state,announcement_pit_feature,candidate_after_pit_contract,use notice/disclosure date plus conservative next-trading-day lag,low,registered,,False,,False,,,False,,False,,False,True,contract_only,materialize_pit_sidecar_before_formula_search,4.4
global_field_route,cn_fundamental_akshare_batch_v1_20260531\aggregated_v1,cash_flow_sheet_report_em,BANKSECURITY_LEND_ADD_YOY,price_state,announcement_pit_feature,candidate_after_pit_contract,use notice/disclosure date plus conservative next-trading-day lag,low,registered,,False,,False,,,False,,False,,False,True,contract_only,materialize_pit_sidecar_before_formula_search,4.4
global_field_route,cn_fundamental_akshare_batch_v1_20260531\aggregated_v1,cash_flow_sheet_report_em,BANKSECURITY_LEND_REDUCE,price_state,announcement_pit_feature,candidate_after_pit_contract,use notice/disclosure date plus conservative next-trading-day lag,low,registered,,False,,False,,,False,,False,,False,True,contract_only,materialize_pit_sidecar_before_formula_search,4.4
global_field_route,cn_fundamental_akshare_batch_v1_20260531\aggregated_v1,cash_flow_sheet_report_em,BANKSECURITY_LEND_REDUCE_YOY,price_state,announcement_pit_feature,candidate_after_pit_contract,use notice/disclosure date plus conservative next-trading-day lag,low,registered,,False,,False,,,False,,False,,False,True,contract_only,materialize_pit_sidecar_before_formula_search,4.4
global_field_route,cn_fundamental_akshare_batch_v1_20260531\aggregated_v1,cash_flow_sheet_report_em,BANKSECURITY_REPO_ADD,price_state,announcement_pit_feature,candidate_after_pit_contract,use notice/disclosure date plus conservative next-trading-day lag,low,registered,,False,,False,,,False,,False,,False,True,contract_only,materialize_pit_sidecar_before_formula_search,4.4
global_field_route,cn_fundamental_akshare_batch_v1_20260531\aggregated_v1,cash_flow_sheet_report_em,BANKSECURITY_REPO_ADD_YOY,price_state,announcement_pit_feature,candidate_after_pit_contract,use notice/disclosure date plus conservative next-trading-day lag,low,registered,,False,,False,,,False,,False,,False,True,contract_only,materialize_pit_sidecar_before_formula_search,4.4
global_field_route,cn_fundamental_akshare_batch_v1_20260531\aggregated_v1,cash_flow_sheet_report_em,BANKSECURITY_REPO_REDUCE,price_state,announcement_pit_feature,candidate_after_pit_contract,use notice/disclosure date plus conservative next-trading-day lag,low,registered,,False,,False,,,False,,False,,False,True,contract_only,materialize_pit_sidecar_before_formula_search,4.4
global_field_route,cn_fundamental_akshare_batch_v1_20260531\aggregated_v1,cash_flow_sheet_report_em,BANKSECURITY_REPO_REDUCE_YOY,price_state,announcement_pit_feature,candidate_after_pit_contract,use notice/disclosure date plus conservative next-trading-day lag,low,registered,,False,,False,,,False,,False,,False,True,contract_only,materialize_pit_sidecar_before_formula_search,4.4
global_field_route,cn_fundamental_akshare_batch_v1_20260531\aggregated_v1,cash_flow_sheet_report_em,BANKSECURITY_RESALE_ADD,price_state,announcement_pit_feature,candidate_after_pit_contract,use notice/disclosure date plus conservative next-trading-day lag,low,registered,,False,,False,,,False,,False,,False,True,contract_only,materialize_pit_sidecar_before_formula_search,4.4
global_field_route,cn_fundamental_akshare_batch_v1_20260531\aggregated_v1,cash_flow_sheet_report_em,BANKSECURITY_RESALE_ADD_YOY,price_state,announcement_pit_feature,candidate_after_pit_contract,use notice/disclosure date plus conservative next-trading-day lag,low,registered,,False,,False,,,False,,False,,False,True,contract_only,materialize_pit_sidecar_before_formula_search,4.4
global_field_route,cn_fundamental_akshare_batch_v1_20260531\aggregated_v1,cash_flow_sheet_report_em,BANKSECURITY_RESALE_REDUCE,price_state,announcement_pit_feature,candidate_after_pit_contract,use notice/disclosure date plus conservative next-trading-day lag,low,registered,,False,,False,,,False,,False,,False,True,contract_only,materialize_pit_sidecar_before_formula_search,4.4
global_field_route,cn_fundamental_akshare_batch_v1_20260531\aggregated_v1,cash_flow_sheet_report_em,BANKSECURITY_RESALE_REDUCE_YOY,price_state,announcement_pit_feature,candidate_after_pit_contract,use notice/disclosure date plus conservative next-trading-day lag,low,registered,,False,,False,,,False,,False,,False,True,contract_only,materialize_pit_sidecar_before_formula_search,4.4
global_field_route,cn_fundamental_akshare_batch_v1_20260531\aggregated_v1,cash_flow_sheet_report_em,BEGIN_CASH,price_state,announcement_pit_feature,candidate_after_pit_contract,use notice/disclosure date plus conservative next-trading-day lag,low,registered,,False,,False,,,False,,False,,False,True,contract_only,materialize_pit_sidecar_before_formula_search,4.4
global_field_route,cn_fundamental_akshare_batch_v1_20260531\aggregated_v1,cash_flow_sheet_report_em,BEGIN_CASH_EQUIVALENTS,price_state,announcement_pit_feature,candidate_after_pit_contract,use notice/disclosure date plus conservative next-trading-day lag,low,registered,,False,,False,,,False,,False,,False,True,contract_only,materialize_pit_sidecar_before_formula_search,4.4
global_field_route,cn_fundamental_akshare_batch_v1_20260531\aggregated_v1,cash_flow_sheet_report_em,BEGIN_CASH_EQUIVALENTS_YOY,price_state,announcement_pit_feature,candidate_after_pit_contract,use notice/disclosure date plus conservative next-trading-day lag,low,registered,,False,,False,,,False,,False,,False,True,contract_only,materialize_pit_sidecar_before_formula_search,4.4
global_field_route,cn_fundamental_akshare_batch_v1_20260531\aggregated_v1,cash_flow_sheet_report_em,BEGIN_CASH_YOY,price_state,announcement_pit_feature,candidate_after_pit_contract,use notice/disclosure date plus conservative next-trading-day lag,low,registered,,False,,False,,,False,,False,,False,True,contract_only,materialize_pit_sidecar_before_formula_search,4.4
global_field_route,cn_fundamental_akshare_batch_v1_20260531\aggregated_v1,cash_flow_sheet_report_em,BEGIN_CCE,price_state,announcement_pit_feature,candidate_after_pit_contract,use notice/disclosure date plus conservative next-trading-day lag,low,registered,,False,,False,,,False,,False,,False,True,contract_only,materialize_pit_sidecar_before_formula_search,4.4
global_field_route,cn_fundamental_akshare_batch_v1_20260531\aggregated_v1,cash_flow_sheet_report_em,BEGIN_CCE_YOY,price_state,announcement_pit_feature,candidate_after_pit_contract,use notice/disclosure date plus conservative next-trading-day lag,low,registered,,False,,False,,,False,,False,,False,True,contract_only,materialize_pit_sidecar_before_formula_search,4.4
global_field_route,cn_fundamental_akshare_batch_v1_20260531\aggregated_v1,cash_flow_sheet_report_em,BOND_INTEREST_EXPENSE,price_state,announcement_pit_feature,candidate_after_pit_contract,use notice/disclosure date plus conservative next-trading-day lag,low,registered,,False,,False,,,False,,False,,False,True,contract_only,materialize_pit_sidecar_before_formula_search,4.4
global_field_route,cn_fundamental_akshare_batch_v1_20260531\aggregated_v1,cash_flow_sheet_report_em,BOND_INTEREST_EXPENSE_YOY,price_state,announcement_pit_feature,candidate_after_pit_contract,use notice/disclosure date plus conservative next-trading-day lag,low,registered,,False,,False,,,False,,False,,False,True,contract_only,materialize_pit_sidecar_before_formula_search,4.4
global_field_route,cn_fundamental_akshare_batch_v1_20260531\aggregated_v1,cash_flow_sheet_report_em,BORROW_FUND_ADD,price_state,announcement_pit_feature,candidate_after_pit_contract,use notice/disclosure date plus conservative next-trading-day lag,low,registered,,False,,False,,,False,,False,,False,True,contract_only,materialize_pit_sidecar_before_formula_search,4.4
global_field_route,cn_fundamental_akshare_batch_v1_20260531\aggregated_v1,cash_flow_sheet_report_em,BORROW_FUND_ADD_YOY,price_state,announcement_pit_feature,candidate_after_pit_contract,use notice/disclosure date plus conservative next-trading-day lag,low,registered,,False,,False,,,False,,False,,False,True,contract_only,materialize_pit_sidecar_before_formula_search,4.4
global_field_route,cn_fundamental_akshare_batch_v1_20260531\aggregated_v1,cash_flow_sheet_report_em,BORROW_FUND_REDUCE,price_state,announcement_pit_feature,candidate_after_pit_contract,use notice/disclosure date plus conservative next-trading-day lag,low,registered,,False,,False,,,False,,False,,False,True,contract_only,materialize_pit_sidecar_before_formula_search,4.4
global_field_route,cn_fundamental_akshare_batch_v1_20260531\aggregated_v1,cash_flow_sheet_report_em,BORROW_FUND_REDUCE_YOY,price_state,announcement_pit_feature,candidate_after_pit_contract,use notice/disclosure date plus conservative next-trading-day lag,low,registered,,False,,False,,,False,,False,,False,True,contract_only,materialize_pit_sidecar_before_formula_search,4.4
global_field_route,cn_fundamental_akshare_batch_v1_20260531\aggregated_v1,cash_flow_sheet_report_em,BORROW_REPO_ADD,price_state,announcement_pit_feature,candidate_after_pit_contract,use notice/disclosure date plus conservative next-trading-day lag,low,registered,,False,,False,,,False,,False,,False,True,contract_only,materialize_pit_sidecar_before_formula_search,4.4
global_field_route,cn_fundamental_akshare_batch_v1_20260531\aggregated_v1,cash_flow_sheet_report_em,BORROW_REPO_ADD_YOY,price_state,announcement_pit_feature,candidate_after_pit_contract,use notice/disclosure date plus conservative next-trading-day lag,low,registered,,False,,False,,,False,,False,,False,True,contract_only,materialize_pit_sidecar_before_formula_search,4.4
global_field_route,cn_fundamental_akshare_batch_v1_20260531\aggregated_v1,cash_flow_sheet_report_em,BORROW_REPO_REDUCE,price_state,announcement_pit_feature,candidate_after_pit_contract,use notice/disclosure date plus conservative next-trading-day lag,low,registered,,False,,False,,,False,,False,,False,True,contract_only,materialize_pit_sidecar_before_formula_search,4.4
global_field_route,cn_fundamental_akshare_batch_v1_20260531\aggregated_v1,cash_flow_sheet_report_em,BORROW_REPO_REDUCE_YOY,price_state,announcement_pit_feature,candidate_after_pit_contract,use notice/disclosure date plus conservative next-trading-day lag,low,registered,,False,,False,,,False,,False,,False,True,contract_only,materialize_pit_sidecar_before_formula_search,4.4
global_field_route,cn_fundamental_akshare_batch_v1_20260531\aggregated_v1,cash_flow_sheet_report_em,BUY_FIN_LEASE,price_state,announcement_pit_feature,candidate_after_pit_contract,use notice/disclosure date plus conservative next-trading-day lag,low,registered,,False,,False,,,False,,False,,False,True,contract_only,materialize_pit_sidecar_before_formula_search,4.4
global_field_route,cn_fundamental_akshare_batch_v1_20260531\aggregated_v1,cash_flow_sheet_report_em,BUY_FIN_LEASE_YOY,price_state,announcement_pit_feature,candidate_after_pit_contract,use notice/disclosure date plus conservative next-trading-day lag,low,registered,,False,,False,,,False,,False,,False,True,contract_only,materialize_pit_sidecar_before_formula_search,4.4
global_field_route,cn_fundamental_akshare_batch_v1_20260531\aggregated_v1,cash_flow_sheet_report_em,BUY_RESALE_ADD,price_state,announcement_pit_feature,candidate_after_pit_contract,use notice/disclosure date plus conservative next-trading-day lag,low,registered,,False,,False,,,False,,False,,False,True,contract_only,materialize_pit_sidecar_before_formula_search,4.4
global_field_route,cn_fundamental_akshare_batch_v1_20260531\aggregated_v1,cash_flow_sheet_report_em,BUY_RESALE_ADD_YOY,price_state,announcement_pit_feature,candidate_after_pit_contract,use notice/disclosure date plus conservative next-trading-day lag,low,registered,,False,,False,,,False,,False,,False,True,contract_only,materialize_pit_sidecar_before_formula_search,4.4
global_field_route,cn_fundamental_akshare_batch_v1_20260531\aggregated_v1,cash_flow_sheet_report_em,BUY_RESALE_REDUCE,price_state,announcement_pit_feature,candidate_after_pit_contract,use notice/disclosure date plus conservative next-trading-day lag,low,registered,,False,,False,,,False,,False,,False,True,contract_only,materialize_pit_sidecar_before_formula_search,4.4
global_field_route,cn_fundamental_akshare_batch_v1_20260531\aggregated_v1,cash_flow_sheet_report_em,BUY_RESALE_REDUCE_YOY,price_state,announcement_pit_feature,candidate_after_pit_contract,use notice/disclosure date plus conservative next-trading-day lag,low,registered,,False,,False,,,False,,False,,False,True,contract_only,materialize_pit_sidecar_before_formula_search,4.4
global_field_route,cn_fundamental_akshare_batch_v1_20260531\aggregated_v1,cash_flow_sheet_report_em,BUY_SERVICES,price_state,announcement_pit_feature,candidate_after_pit_contract,use notice/disclosure date plus conservative next-trading-day lag,low,registered,,False,,False,,,False,,False,,False,True,contract_only,materialize_pit_sidecar_before_formula_search,4.4
global_field_route,cn_fundamental_akshare_batch_v1_20260531\aggregated_v1,cash_flow_sheet_report_em,BUY_SERVICES_YOY,price_state,announcement_pit_feature,candidate_after_pit_contract,use notice/disclosure date plus conservative next-trading-day lag,low,registered,,False,,False,,,False,,False,,False,True,contract_only,materialize_pit_sidecar_before_formula_search,4.4
global_field_route,cn_fundamental_akshare_batch_v1_20260531\aggregated_v1,cash_flow_sheet_report_em,BUY_SUBSIDIARY_EQUITY,price_state,announcement_pit_feature,candidate_after_pit_contract,use notice/disclosure date plus conservative next-trading-day lag,low,registered,,False,,False,,,False,,False,,False,True,contract_only,materialize_pit_sidecar_before_formula_search,4.4
global_field_route,cn_fundamental_akshare_batch_v1_20260531\aggregated_v1,cash_flow_sheet_report_em,BUY_SUBSIDIARY_EQUITY_YOY,price_state,announcement_pit_feature,candidate_after_pit_contract,use notice/disclosure date plus conservative next-trading-day lag,low,registered,,False,,False,,,False,,False,,False,True,contract_only,materialize_pit_sidecar_before_formula_search,4.4
global_field_route,cn_fundamental_akshare_batch_v1_20260531\aggregated_v1,cash_flow_sheet_report_em,CCE_ADD,price_state,announcement_pit_feature,candidate_after_pit_contract,use notice/disclosure date plus conservative next-trading-day lag,low,registered,,False,,False,,,False,,False,,False,True,contract_only,materialize_pit_sidecar_before_formula_search,4.4
global_field_route,cn_fundamental_akshare_batch_v1_20260531\aggregated_v1,cash_flow_sheet_report_em,CCE_ADDNOTE,price_state,announcement_pit_feature,candidate_after_pit_contract,use notice/disclosure date plus conservative next-trading-day lag,low,registered,,False,,False,,,False,,False,,False,True,contract_only,materialize_pit_sidecar_before_formula_search,4.4
global_field_route,cn_fundamental_akshare_batch_v1_20260531\aggregated_v1,cash_flow_sheet_report_em,CCE_ADDNOTE_YOY,price_state,announcement_pit_feature,candidate_after_pit_contract,use notice/disclosure date plus conservative next-trading-day lag,low,registered,,False,,False,,,False,,False,,False,True,contract_only,materialize_pit_sidecar_before_formula_search,4.4
global_field_route,cn_fundamental_akshare_batch_v1_20260531\aggregated_v1,cash_flow_sheet_report_em,CCE_ADD_BALANCE,price_state,announcement_pit_feature,candidate_after_pit_contract,use notice/disclosure date plus conservative next-trading-day lag,low,registered,,False,,False,,,False,,False,,False,True,contract_only,materialize_pit_sidecar_before_formula_search,4.4
global_field_route,cn_fundamental_akshare_batch_v1_20260531\aggregated_v1,cash_flow_sheet_report_em,CCE_ADD_BALANCENOTE,price_state,announcement_pit_feature,candidate_after_pit_contract,use notice/disclosure date plus conservative next-trading-day lag,low,registered,,False,,False,,,False,,False,,False,True,contract_only,materialize_pit_sidecar_before_formula_search,4.4
global_field_route,cn_fundamental_akshare_batch_v1_20260531\aggregated_v1,cash_flow_sheet_report_em,CCE_ADD_BALANCENOTE_YOY,price_state,announcement_pit_feature,candidate_after_pit_contract,use notice/disclosure date plus conservative next-trading-day lag,low,registered,,False,,False,,,False,,False,,False,True,contract_only,materialize_pit_sidecar_before_formula_search,4.4
global_field_route,cn_fundamental_akshare_batch_v1_20260531\aggregated_v1,cash_flow_sheet_report_em,CCE_ADD_BALANCE_YOY,price_state,announcement_pit_feature,candidate_after_pit_contract,use notice/disclosure date plus conservative next-trading-day lag,low,registered,,False,,False,,,False,,False,,False,True,contract_only,materialize_pit_sidecar_before_formula_search,4.4
global_field_route,cn_fundamental_akshare_batch_v1_20260531\aggregated_v1,cash_flow_sheet_report_em,CCE_ADD_OTHER,price_state,announcement_pit_feature,candidate_after_pit_contract,use notice/disclosure date plus conservative next-trading-day lag,low,registered,,False,,False,,,False,,False,,False,True,contract_only,materialize_pit_sidecar_before_formula_search,4.4
global_field_route,cn_fundamental_akshare_batch_v1_20260531\aggregated_v1,cash_flow_sheet_report_em,CCE_ADD_OTHERNOTE,price_state,announcement_pit_feature,candidate_after_pit_contract,use notice/disclosure date plus conservative next-trading-day lag,low,registered,,False,,False,,,False,,False,,False,True,contract_only,materialize_pit_sidecar_before_formula_search,4.4
global_field_route,cn_fundamental_akshare_batch_v1_20260531\aggregated_v1,cash_flow_sheet_report_em,CCE_ADD_OTHERNOTE_YOY,price_state,announcement_pit_feature,candidate_after_pit_contract,use notice/disclosure date plus conservative next-trading-day lag,low,registered,,False,,False,,,False,,False,,False,True,contract_only,materialize_pit_sidecar_before_formula_search,4.4
global_field_route,cn_fundamental_akshare_batch_v1_20260531\aggregated_v1,cash_flow_sheet_report_em,CCE_ADD_OTHER_YOY,price_state,announcement_pit_feature,candidate_after_pit_contract,use notice/disclosure date plus conservative next-trading-day lag,low,registered,,False,,False,,,False,,False,,False,True,contract_only,materialize_pit_sidecar_before_formula_search,4.4
global_field_route,cn_fundamental_akshare_batch_v1_20260531\aggregated_v1,cash_flow_sheet_report_em,CCE_ADD_YOY,price_state,announcement_pit_feature,candidate_after_pit_contract,use notice/disclosure date plus conservative next-trading-day lag,low,registered,,False,,False,,,False,,False,,False,True,contract_only,materialize_pit_sidecar_before_formula_search,4.4
global_field_route,cn_fundamental_akshare_batch_v1_20260531\aggregated_v1,cash_flow_sheet_report_em,CONSTRUCT_LONG_ASSET,price_state,announcement_pit_feature,candidate_after_pit_contract,use notice/disclosure date plus conservative next-trading-day lag,low,registered,,False,,False,,,False,,False,,False,True,contract_only,materialize_pit_sidecar_before_formula_search,4.4
global_field_route,cn_fundamental_akshare_batch_v1_20260531\aggregated_v1,cash_flow_sheet_report_em,CONSTRUCT_LONG_ASSET_YOY,price_state,announcement_pit_feature,candidate_after_pit_contract,use notice/disclosure date plus conservative next-trading-day lag,low,registered,,False,,False,,,False,,False,,False,True,contract_only,materialize_pit_sidecar_before_formula_search,4.4
global_field_route,cn_fundamental_akshare_batch_v1_20260531\aggregated_v1,cash_flow_sheet_report_em,CONVERT_BOND_1YEAR,price_state,announcement_pit_feature,candidate_after_pit_contract,use notice/disclosure date plus conservative next-trading-day lag,low,registered,,False,,False,,,False,,False,,False,True,contract_only,materialize_pit_sidecar_before_formula_search,4.4
global_field_route,cn_fundamental_akshare_batch_v1_20260531\aggregated_v1,cash_flow_sheet_report_em,CONVERT_BOND_1YEAR_YOY,price_state,announcement_pit_feature,candidate_after_pit_contract,use notice/disclosure date plus conservative next-trading-day lag,low,registered,,False,,False,,,False,,False,,False,True,contract_only,materialize_pit_sidecar_before_formula_search,4.4
global_field_route,cn_fundamental_akshare_batch_v1_20260531\aggregated_v1,cash_flow_sheet_report_em,CURRENCY,price_state,announcement_pit_feature,candidate_after_pit_contract,use notice/disclosure date plus conservative next-trading-day lag,low,registered,,False,,False,,,False,,False,,False,True,contract_only,materialize_pit_sidecar_before_formula_search,4.4
global_field_route,cn_fundamental_akshare_batch_v1_20260531\aggregated_v1,cash_flow_sheet_report_em,CUSTOMER_DEPOSIT_ADD,price_state,announcement_pit_feature,candidate_after_pit_contract,use notice/disclosure date plus conservative next-trading-day lag,low,registered,,False,,False,,,False,,False,,False,True,contract_only,materialize_pit_sidecar_before_formula_search,4.4
global_field_route,cn_fundamental_akshare_batch_v1_20260531\aggregated_v1,cash_flow_sheet_report_em,CUSTOMER_DEPOSIT_ADD_YOY,price_state,announcement_pit_feature,candidate_after_pit_contract,use notice/disclosure date plus conservative next-trading-day lag,low,registered,,False,,False,,,False,,False,,False,True,contract_only,materialize_pit_sidecar_before_formula_search,4.4
global_field_route,cn_fundamental_akshare_batch_v1_20260531\aggregated_v1,cash_flow_sheet_report_em,DEBT_TRANSFER_CAPITAL,capacity_size,announcement_pit_feature,candidate_after_pit_contract,use notice/disclosure date plus conservative next-trading-day lag,high,registered,,False,,False,,,False,,False,,False,True,contract_only,materialize_pit_sidecar_before_formula_search,7.6
global_field_route,cn_fundamental_akshare_batch_v1_20260531\aggregated_v1,cash_flow_sheet_report_em,DEBT_TRANSFER_CAPITAL_YOY,capacity_size,announcement_pit_feature,candidate_after_pit_contract,use notice/disclosure date plus conservative next-trading-day lag,high,registered,,False,,False,,,False,,False,,False,True,contract_only,materialize_pit_sidecar_before_formula_search,7.6
global_field_route,cn_fundamental_akshare_batch_v1_20260531\aggregated_v1,cash_flow_sheet_report_em,DEFER_INCOME_AMORTIZE,price_state,announcement_pit_feature,candidate_after_pit_contract,use notice/disclosure date plus conservative next-trading-day lag,low,registered,,False,,False,,,False,,False,,False,True,contract_only,materialize_pit_sidecar_before_formula_search,4.4
global_field_route,cn_fundamental_akshare_batch_v1_20260531\aggregated_v1,cash_flow_sheet_report_em,DEFER_INCOME_AMORTIZE_YOY,price_state,announcement_pit_feature,candidate_after_pit_contract,use notice/disclosure date plus conservative next-trading-day lag,low,registered,,False,,False,,,False,,False,,False,True,contract_only,materialize_pit_sidecar_before_formula_search,4.4
global_field_route,cn_fundamental_akshare_batch_v1_20260531\aggregated_v1,cash_flow_sheet_report_em,DEFER_TAX_YOY,price_state,announcement_pit_feature,candidate_after_pit_contract,use notice/disclosure date plus conservative next-trading-day lag,low,registered,,False,,False,,,False,,False,,False,True,contract_only,materialize_pit_sidecar_before_formula_search,4.4
global_field_route,cn_fundamental_akshare_batch_v1_20260531\aggregated_v1,cash_flow_sheet_report_em,DEPOSIT_ADD,price_state,announcement_pit_feature,candidate_after_pit_contract,use notice/disclosure date plus conservative next-trading-day lag,low,registered,,False,,False,,,False,,False,,False,True,contract_only,materialize_pit_sidecar_before_formula_search,4.4
global_field_route,cn_fundamental_akshare_batch_v1_20260531\aggregated_v1,cash_flow_sheet_report_em,DEPOSIT_ADD_YOY,price_state,announcement_pit_feature,candidate_after_pit_contract,use notice/disclosure date plus conservative next-trading-day lag,low,registered,,False,,False,,,False,,False,,False,True,contract_only,materialize_pit_sidecar_before_formula_search,4.4
global_field_route,cn_fundamental_akshare_batch_v1_20260531\aggregated_v1,cash_flow_sheet_report_em,DEPOSIT_INTERBANK_ADD,price_state,announcement_pit_feature,candidate_after_pit_contract,use notice/disclosure date plus conservative next-trading-day lag,low,registered,,False,,False,,,False,,False,,False,True,contract_only,materialize_pit_sidecar_before_formula_search,4.4
global_field_route,cn_fundamental_akshare_batch_v1_20260531\aggregated_v1,cash_flow_sheet_report_em,DEPOSIT_INTERBANK_ADD_YOY,price_state,announcement_pit_feature,candidate_after_pit_contract,use notice/disclosure date plus conservative next-trading-day lag,low,registered,,False,,False,,,False,,False,,False,True,contract_only,materialize_pit_sidecar_before_formula_search,4.4
global_field_route,cn_fundamental_akshare_batch_v1_20260531\aggregated_v1,cash_flow_sheet_report_em,DEPOSIT_IOFI_ADD,price_state,announcement_pit_feature,candidate_after_pit_contract,use notice/disclosure date plus conservative next-trading-day lag,low,registered,,False,,False,,,False,,False,,False,True,contract_only,materialize_pit_sidecar_before_formula_search,4.4
global_field_route,cn_fundamental_akshare_batch_v1_20260531\aggregated_v1,cash_flow_sheet_report_em,DEPOSIT_IOFI_ADD_YOY,price_state,announcement_pit_feature,candidate_after_pit_contract,use notice/disclosure date plus conservative next-trading-day lag,low,registered,,False,,False,,,False,,False,,False,True,contract_only,materialize_pit_sidecar_before_formula_search,4.4
global_field_route,cn_fundamental_akshare_batch_v1_20260531\aggregated_v1,cash_flow_sheet_report_em,DEPOSIT_IOFI_OTHER,price_state,announcement_pit_feature,candidate_after_pit_contract,use notice/disclosure date plus conservative next-trading-day lag,low,registered,,False,,False,,,False,,False,,False,True,contract_only,materialize_pit_sidecar_before_formula_search,4.4
global_field_route,cn_fundamental_akshare_batch_v1_20260531\aggregated_v1,cash_flow_sheet_report_em,DEPOSIT_IOFI_OTHER_YOY,price_state,announcement_pit_feature,candidate_after_pit_contract,use notice/disclosure date plus conservative next-trading-day lag,low,registered,,False,,False,,,False,,False,,False,True,contract_only,materialize_pit_sidecar_before_formula_search,4.4
global_field_route,cn_fundamental_akshare_batch_v1_20260531\aggregated_v1,cash_flow_sheet_report_em,DEPOSIT_IOFI_REDUCE,price_state,announcement_pit_feature,candidate_after_pit_contract,use notice/disclosure date plus conservative next-trading-day lag,low,registered,,False,,False,,,False,,False,,False,True,contract_only,materialize_pit_sidecar_before_formula_search,4.4
global_field_route,cn_fundamental_akshare_batch_v1_20260531\aggregated_v1,cash_flow_sheet_report_em,DEPOSIT_IOFI_REDUCE_YOY,price_state,announcement_pit_feature,candidate_after_pit_contract,use notice/disclosure date plus conservative next-trading-day lag,low,registered,,False,,False,,,False,,False,,False,True,contract_only,materialize_pit_sidecar_before_formula_search,4.4
global_field_route,cn_fundamental_akshare_batch_v1_20260531\aggregated_v1,cash_flow_sheet_report_em,DEPOSIT_PBC_ADD,price_state,announcement_pit_feature,candidate_after_pit_contract,use notice/disclosure date plus conservative next-trading-day lag,low,registered,,False,,False,,,False,,False,,False,True,contract_only,materialize_pit_sidecar_before_formula_search,4.4
global_field_route,cn_fundamental_akshare_batch_v1_20260531\aggregated_v1,cash_flow_sheet_report_em,DEPOSIT_PBC_ADD_YOY,price_state,announcement_pit_feature,candidate_after_pit_contract,use notice/disclosure date plus conservative next-trading-day lag,low,registered,,False,,False,,,False,,False,,False,True,contract_only,materialize_pit_sidecar_before_formula_search,4.4
global_field_route,cn_fundamental_akshare_batch_v1_20260531\aggregated_v1,cash_flow_sheet_report_em,DEPOSIT_PBC_REDUCE,price_state,announcement_pit_feature,candidate_after_pit_contract,use notice/disclosure date plus conservative next-trading-day lag,low,registered,,False,,False,,,False,,False,,False,True,contract_only,materialize_pit_sidecar_before_formula_search,4.4
global_field_route,cn_fundamental_akshare_batch_v1_20260531\aggregated_v1,cash_flow_sheet_report_em,DEPOSIT_PBC_REDUCE_YOY,price_state,announcement_pit_feature,candidate_after_pit_contract,use notice/disclosure date plus conservative next-trading-day lag,low,registered,,False,,False,,,False,,False,,False,True,contract_only,materialize_pit_sidecar_before_formula_search,4.4
global_field_route,cn_fundamental_akshare_batch_v1_20260531\aggregated_v1,cash_flow_sheet_report_em,DIRECT_INVEST_ADD,price_state,announcement_pit_feature,candidate_after_pit_contract,use notice/disclosure date plus conservative next-trading-day lag,low,registered,,False,,False,,,False,,False,,False,True,contract_only,materialize_pit_sidecar_before_formula_search,4.4
global_field_route,cn_fundamental_akshare_batch_v1_20260531\aggregated_v1,cash_flow_sheet_report_em,DIRECT_INVEST_ADD_YOY,price_state,announcement_pit_feature,candidate_after_pit_contract,use notice/disclosure date plus conservative next-trading-day lag,low,registered,,False,,False,,,False,,False,,False,True,contract_only,materialize_pit_sidecar_before_formula_search,4.4
global_field_route,cn_fundamental_akshare_batch_v1_20260531\aggregated_v1,cash_flow_sheet_report_em,DIRECT_INVEST_REDUCE,price_state,announcement_pit_feature,candidate_after_pit_contract,use notice/disclosure date plus conservative next-trading-day lag,low,registered,,False,,False,,,False,,False,,False,True,contract_only,materialize_pit_sidecar_before_formula_search,4.4
global_field_route,cn_fundamental_akshare_batch_v1_20260531\aggregated_v1,cash_flow_sheet_report_em,DIRECT_INVEST_REDUCE_YOY,price_state,announcement_pit_feature,candidate_after_pit_contract,use notice/disclosure date plus conservative next-trading-day lag,low,registered,,False,,False,,,False,,False,,False,True,contract_only,materialize_pit_sidecar_before_formula_search,4.4
global_field_route,cn_fundamental_akshare_batch_v1_20260531\aggregated_v1,cash_flow_sheet_report_em,DISPOSAL_AFA_ADD,price_state,announcement_pit_feature,candidate_after_pit_contract,use notice/disclosure date plus conservative next-trading-day lag,low,registered,,False,,False,,,False,,False,,False,True,contract_only,materialize_pit_sidecar_before_formula_search,4.4
global_field_route,cn_fundamental_akshare_batch_v1_20260531\aggregated_v1,cash_flow_sheet_report_em,DISPOSAL_AFA_ADD_YOY,price_state,announcement_pit_feature,candidate_after_pit_contract,use notice/disclosure date plus conservative next-trading-day lag,low,registered,,False,,False,,,False,,False,,False,True,contract_only,materialize_pit_sidecar_before_formula_search,4.4
global_field_route,cn_fundamental_akshare_batch_v1_20260531\aggregated_v1,cash_flow_sheet_report_em,DISPOSAL_AFA_REDUCE,price_state,announcement_pit_feature,candidate_after_pit_contract,use notice/disclosure date plus conservative next-trading-day lag,low,registered,,False,,False,,,False,,False,,False,True,contract_only,materialize_pit_sidecar_before_formula_search,4.4
global_field_route,cn_fundamental_akshare_batch_v1_20260531\aggregated_v1,cash_flow_sheet_report_em,DISPOSAL_AFA_REDUCE_YOY,price_state,announcement_pit_feature,candidate_after_pit_contract,use notice/disclosure date plus conservative next-trading-day lag,low,registered,,False,,False,,,False,,False,,False,True,contract_only,materialize_pit_sidecar_before_formula_search,4.4
global_field_route,cn_fundamental_akshare_batch_v1_20260531\aggregated_v1,cash_flow_sheet_report_em,DISPOSAL_LONGASSET_LOSS,price_state,announcement_pit_feature,candidate_after_pit_contract,use notice/disclosure date plus conservative next-trading-day lag,low,registered,,False,,False,,,False,,False,,False,True,contract_only,materialize_pit_sidecar_before_formula_search,4.4
global_field_route,cn_fundamental_akshare_batch_v1_20260531\aggregated_v1,cash_flow_sheet_report_em,DISPOSAL_LONGASSET_LOSS_YOY,price_state,announcement_pit_feature,candidate_after_pit_contract,use notice/disclosure date plus conservative next-trading-day lag,low,registered,,False,,False,,,False,,False,,False,True,contract_only,materialize_pit_sidecar_before_formula_search,4.4
global_field_route,cn_fundamental_akshare_batch_v1_20260531\aggregated_v1,cash_flow_sheet_report_em,DISPOSAL_LONG_ASSET,price_state,announcement_pit_feature,candidate_after_pit_contract,use notice/disclosure date plus conservative next-trading-day lag,low,registered,,False,,False,,,False,,False,,False,True,contract_only,materialize_pit_sidecar_before_formula_search,4.4
global_field_route,cn_fundamental_akshare_batch_v1_20260531\aggregated_v1,cash_flow_sheet_report_em,DISPOSAL_LONG_ASSET_YOY,price_state,announcement_pit_feature,candidate_after_pit_contract,use notice/disclosure date plus conservative next-trading-day lag,low,registered,,False,,False,,,False,,False,,False,True,contract_only,materialize_pit_sidecar_before_formula_search,4.4
global_field_route,cn_fundamental_akshare_batch_v1_20260531\aggregated_v1,cash_flow_sheet_report_em,DISPOSAL_MORTGAGE_ASSET,price_state,announcement_pit_feature,candidate_after_pit_contract,use notice/disclosure date plus conservative next-trading-day lag,low,registered,,False,,False,,,False,,False,,False,True,contract_only,materialize_pit_sidecar_before_formula_search,4.4
global_field_route,cn_fundamental_akshare_batch_v1_20260531\aggregated_v1,cash_flow_sheet_report_em,DISPOSAL_MORTGAGE_ASSET_YOY,price_state,announcement_pit_feature,candidate_after_pit_contract,use notice/disclosure date plus conservative next-trading-day lag,low,registered,,False,,False,,,False,,False,,False,True,contract_only,materialize_pit_sidecar_before_formula_search,4.4
global_field_route,cn_fundamental_akshare_batch_v1_20260531\aggregated_v1,cash_flow_sheet_report_em,DISPOSAL_SUBSIDIARY_JOINT,price_state,announcement_pit_feature,candidate_after_pit_contract,use notice/disclosure date plus conservative next-trading-day lag,low,registered,,False,,False,,,False,,False,,False,True,contract_only,materialize_pit_sidecar_before_formula_search,4.4
global_field_route,cn_fundamental_akshare_batch_v1_20260531\aggregated_v1,cash_flow_sheet_report_em,DISPOSAL_SUBSIDIARY_JOINT_YOY,price_state,announcement_pit_feature,candidate_after_pit_contract,use notice/disclosure date plus conservative next-trading-day lag,low,registered,,False,,False,,,False,,False,,False,True,contract_only,materialize_pit_sidecar_before_formula_search,4.4
global_field_route,cn_fundamental_akshare_batch_v1_20260531\aggregated_v1,cash_flow_sheet_report_em,DISPOSAL_SUBSIDIARY_OTHER,price_state,announcement_pit_feature,candidate_after_pit_contract,use notice/disclosure date plus conservative next-trading-day lag,low,registered,,False,,False,,,False,,False,,False,True,contract_only,materialize_pit_sidecar_before_formula_search,4.4
global_field_route,cn_fundamental_akshare_batch_v1_20260531\aggregated_v1,cash_flow_sheet_report_em,DISPOSAL_SUBSIDIARY_OTHER_YOY,price_state,announcement_pit_feature,candidate_after_pit_contract,use notice/disclosure date plus conservative next-trading-day lag,low,registered,,False,,False,,,False,,False,,False,True,contract_only,materialize_pit_sidecar_before_formula_search,4.4
global_field_route,cn_fundamental_akshare_batch_v1_20260531\aggregated_v1,cash_flow_sheet_report_em,DISPOSAL_SUBSIDIARY_OUTFLOW,price_state,announcement_pit_feature,candidate_after_pit_contract,use notice/disclosure date plus conservative next-trading-day lag,low,registered,,False,,False,,,False,,False,,False,True,contract_only,materialize_pit_sidecar_before_formula_search,4.4
global_field_route,cn_fundamental_akshare_batch_v1_20260531\aggregated_v1,cash_flow_sheet_report_em,DISPOSAL_SUBSIDIARY_OUTFLOW_YOY,price_state,announcement_pit_feature,candidate_after_pit_contract,use notice/disclosure date plus conservative next-trading-day lag,low,registered,,False,,False,,,False,,False,,False,True,contract_only,materialize_pit_sidecar_before_formula_search,4.4
global_field_route,cn_fundamental_akshare_batch_v1_20260531\aggregated_v1,cash_flow_sheet_report_em,DISPOSAL_TFA_ADD,price_state,announcement_pit_feature,candidate_after_pit_contract,use notice/disclosure date plus conservative next-trading-day lag,low,registered,,False,,False,,,False,,False,,False,True,contract_only,materialize_pit_sidecar_before_formula_search,4.4
global_field_route,cn_fundamental_akshare_batch_v1_20260531\aggregated_v1,cash_flow_sheet_report_em,DISPOSAL_TFA_ADD_YOY,price_state,announcement_pit_feature,candidate_after_pit_contract,use notice/disclosure date plus conservative next-trading-day lag,low,registered,,False,,False,,,False,,False,,False,True,contract_only,materialize_pit_sidecar_before_formula_search,4.4
global_field_route,cn_fundamental_akshare_batch_v1_20260531\aggregated_v1,cash_flow_sheet_report_em,DISPOSAL_TFA_REDUCE,price_state,announcement_pit_feature,candidate_after_pit_contract,use notice/disclosure date plus conservative next-trading-day lag,low,registered,,False,,False,,,False,,False,,False,True,contract_only,materialize_pit_sidecar_before_formula_search,4.4
global_field_route,cn_fundamental_akshare_batch_v1_20260531\aggregated_v1,cash_flow_sheet_report_em,DISPOSAL_TFA_REDUCE_YOY,price_state,announcement_pit_feature,candidate_after_pit_contract,use notice/disclosure date plus conservative next-trading-day lag,low,registered,,False,,False,,,False,,False,,False,True,contract_only,materialize_pit_sidecar_before_formula_search,4.4
global_field_route,cn_fundamental_akshare_batch_v1_20260531\aggregated_v1,cash_flow_sheet_report_em,DT_ASSET_REDUCE,price_state,announcement_pit_feature,candidate_after_pit_contract,use notice/disclosure date plus conservative next-trading-day lag,low,registered,,False,,False,,,False,,False,,False,True,contract_only,materialize_pit_sidecar_before_formula_search,4.4
global_field_route,cn_fundamental_akshare_batch_v1_20260531\aggregated_v1,cash_flow_sheet_report_em,DT_ASSET_REDUCE_YOY,price_state,announcement_pit_feature,candidate_after_pit_contract,use notice/disclosure date plus conservative next-trading-day lag,low,registered,,False,,False,,,False,,False,,False,True,contract_only,materialize_pit_sidecar_before_formula_search,4.4
global_field_route,cn_fundamental_akshare_batch_v1_20260531\aggregated_v1,cash_flow_sheet_report_em,DT_LIAB_ADD,price_state,announcement_pit_feature,candidate_after_pit_contract,use notice/disclosure date plus conservative next-trading-day lag,low,registered,,False,,False,,,False,,False,,False,True,contract_only,materialize_pit_sidecar_before_formula_search,4.4
global_field_route,cn_fundamental_akshare_batch_v1_20260531\aggregated_v1,cash_flow_sheet_report_em,DT_LIAB_ADD_YOY,price_state,announcement_pit_feature,candidate_after_pit_contract,use notice/disclosure date plus conservative next-trading-day lag,low,registered,,False,,False,,,False,,False,,False,True,contract_only,materialize_pit_sidecar_before_formula_search,4.4
global_field_route,cn_fundamental_akshare_batch_v1_20260531\aggregated_v1,cash_flow_sheet_report_em,END_CASH,price_state,announcement_pit_feature,candidate_after_pit_contract,use notice/disclosure date plus conservative next-trading-day lag,low,registered,,False,,False,,,False,,False,,False,True,contract_only,materialize_pit_sidecar_before_formula_search,4.4
global_field_route,cn_fundamental_akshare_batch_v1_20260531\aggregated_v1,cash_flow_sheet_report_em,END_CASH_EQUIVALENTS,price_state,announcement_pit_feature,candidate_after_pit_contract,use notice/disclosure date plus conservative next-trading-day lag,low,registered,,False,,False,,,False,,False,,False,True,contract_only,materialize_pit_sidecar_before_formula_search,4.4
global_field_route,cn_fundamental_akshare_batch_v1_20260531\aggregated_v1,cash_flow_sheet_report_em,END_CASH_EQUIVALENTS_YOY,price_state,announcement_pit_feature,candidate_after_pit_contract,use notice/disclosure date plus conservative next-trading-day lag,low,registered,,False,,False,,,False,,False,,False,True,contract_only,materialize_pit_sidecar_before_formula_search,4.4
global_field_route,cn_fundamental_akshare_batch_v1_20260531\aggregated_v1,cash_flow_sheet_report_em,END_CASH_YOY,price_state,announcement_pit_feature,candidate_after_pit_contract,use notice/disclosure date plus conservative next-trading-day lag,low,registered,,False,,False,,,False,,False,,False,True,contract_only,materialize_pit_sidecar_before_formula_search,4.4
global_field_route,cn_fundamental_akshare_batch_v1_20260531\aggregated_v1,cash_flow_sheet_report_em,END_CCE,price_state,announcement_pit_feature,candidate_after_pit_contract,use notice/disclosure date plus conservative next-trading-day lag,low,registered,,True,ctx_fund_cf_end_cce,False,,,False,,False,,False,True,panel_only,build_factor_pack_candidates_then_selector_canary,7.4
global_field_route,cn_fundamental_akshare_batch_v1_20260531\aggregated_v1,cash_flow_sheet_report_em,END_CCE_BALANCE,price_state,announcement_pit_feature,candidate_after_pit_contract,use notice/disclosure date plus conservative next-trading-day lag,low,registered,,False,,False,,,False,,False,,False,True,contract_only,materialize_pit_sidecar_before_formula_search,4.4
global_field_route,cn_fundamental_akshare_batch_v1_20260531\aggregated_v1,cash_flow_sheet_report_em,END_CCE_BALANCE_YOY,price_state,announcement_pit_feature,candidate_after_pit_contract,use notice/disclosure date plus conservative next-trading-day lag,low,registered,,False,,False,,,False,,False,,False,True,contract_only,materialize_pit_sidecar_before_formula_search,4.4
global_field_route,cn_fundamental_akshare_batch_v1_20260531\aggregated_v1,cash_flow_sheet_report_em,END_CCE_OTHER,price_state,announcement_pit_feature,candidate_after_pit_contract,use notice/disclosure date plus conservative next-trading-day lag,low,registered,,False,,False,,,False,,False,,False,True,contract_only,materialize_pit_sidecar_before_formula_search,4.4
global_field_route,cn_fundamental_akshare_batch_v1_20260531\aggregated_v1,cash_flow_sheet_report_em,END_CCE_OTHER_YOY,price_state,announcement_pit_feature,candidate_after_pit_contract,use notice/disclosure date plus conservative next-trading-day lag,low,registered,,False,,False,,,False,,False,,False,True,contract_only,materialize_pit_sidecar_before_formula_search,4.4
global_field_route,cn_fundamental_akshare_batch_v1_20260531\aggregated_v1,cash_flow_sheet_report_em,END_CCE_YOY,price_state,announcement_pit_feature,candidate_after_pit_contract,use notice/disclosure date plus conservative next-trading-day lag,low,registered,,False,,False,,,False,,False,,False,True,contract_only,materialize_pit_sidecar_before_formula_search,4.4
global_field_route,cn_fundamental_akshare_batch_v1_20260531\aggregated_v1,cash_flow_sheet_report_em,EXCHANGE_LOSS,price_state,announcement_pit_feature,candidate_after_pit_contract,use notice/disclosure date plus conservative next-trading-day lag,low,registered,,False,,False,,,False,,False,,False,True,contract_only,materialize_pit_sidecar_before_formula_search,4.4
global_field_route,cn_fundamental_akshare_batch_v1_20260531\aggregated_v1,cash_flow_sheet_report_em,EXCHANGE_LOSS_YOY,price_state,announcement_pit_feature,candidate_after_pit_contract,use notice/disclosure date plus conservative next-trading-day lag,low,registered,,False,,False,,,False,,False,,False,True,contract_only,materialize_pit_sidecar_before_formula_search,4.4
global_field_route,cn_fundamental_akshare_batch_v1_20260531\aggregated_v1,cash_flow_sheet_report_em,EXTRACT_INSURANCE_RESERVE,price_state,announcement_pit_feature,candidate_after_pit_contract,use notice/disclosure date plus conservative next-trading-day lag,low,registered,,False,,False,,,False,,False,,False,True,contract_only,materialize_pit_sidecar_before_formula_search,4.4
global_field_route,cn_fundamental_akshare_batch_v1_20260531\aggregated_v1,cash_flow_sheet_report_em,EXTRACT_INSURANCE_RESERVE_YOY,price_state,announcement_pit_feature,candidate_after_pit_contract,use notice/disclosure date plus conservative next-trading-day lag,low,registered,,False,,False,,,False,,False,,False,True,contract_only,materialize_pit_sidecar_before_formula_search,4.4
global_field_route,cn_fundamental_akshare_batch_v1_20260531\aggregated_v1,cash_flow_sheet_report_em,EXTRACT_UNEXPIRE_RESERVE,price_state,announcement_pit_feature,candidate_after_pit_contract,use notice/disclosure date plus conservative next-trading-day lag,low,registered,,False,,False,,,False,,False,,False,True,contract_only,materialize_pit_sidecar_before_formula_search,4.4
global_field_route,cn_fundamental_akshare_batch_v1_20260531\aggregated_v1,cash_flow_sheet_report_em,EXTRACT_UNEXPIRE_RESERVE_YOY,price_state,announcement_pit_feature,candidate_after_pit_contract,use notice/disclosure date plus conservative next-trading-day lag,low,registered,,False,,False,,,False,,False,,False,True,contract_only,materialize_pit_sidecar_before_formula_search,4.4
global_field_route,cn_fundamental_akshare_batch_v1_20260531\aggregated_v1,cash_flow_sheet_report_em,FAIRVALUE_CHANGE_LOSS,price_state,announcement_pit_feature,candidate_after_pit_contract,use notice/disclosure date plus conservative next-trading-day lag,low,registered,,False,,False,,,False,,False,,False,True,contract_only,materialize_pit_sidecar_before_formula_search,4.4
global_field_route,cn_fundamental_akshare_batch_v1_20260531\aggregated_v1,cash_flow_sheet_report_em,FAIRVALUE_CHANGE_LOSS_YOY,price_state,announcement_pit_feature,candidate_after_pit_contract,use notice/disclosure date plus conservative next-trading-day lag,low,registered,,False,,False,,,False,,False,,False,True,contract_only,materialize_pit_sidecar_before_formula_search,4.4
global_field_route,cn_fundamental_akshare_batch_v1_20260531\aggregated_v1,cash_flow_sheet_report_em,FA_IR_DEPR,price_state,announcement_pit_feature,candidate_after_pit_contract,use notice/disclosure date plus conservative next-trading-day lag,low,registered,,False,,False,,,False,,False,,False,True,contract_only,materialize_pit_sidecar_before_formula_search,4.4
global_field_route,cn_fundamental_akshare_batch_v1_20260531\aggregated_v1,cash_flow_sheet_report_em,FA_IR_DEPR_YOY,price_state,announcement_pit_feature,candidate_after_pit_contract,use notice/disclosure date plus conservative next-trading-day lag,low,registered,,False,,False,,,False,,False,,False,True,contract_only,materialize_pit_sidecar_before_formula_search,4.4
global_field_route,cn_fundamental_akshare_batch_v1_20260531\aggregated_v1,cash_flow_sheet_report_em,FA_SCRAP_LOSS,price_state,announcement_pit_feature,candidate_after_pit_contract,use notice/disclosure date plus conservative next-trading-day lag,low,registered,,False,,False,,,False,,False,,False,True,contract_only,materialize_pit_sidecar_before_formula_search,4.4
global_field_route,cn_fundamental_akshare_batch_v1_20260531\aggregated_v1,cash_flow_sheet_report_em,FA_SCRAP_LOSS_YOY,price_state,announcement_pit_feature,candidate_after_pit_contract,use notice/disclosure date plus conservative next-trading-day lag,low,registered,,False,,False,,,False,,False,,False,True,contract_only,materialize_pit_sidecar_before_formula_search,4.4
global_field_route,cn_fundamental_akshare_batch_v1_20260531\aggregated_v1,cash_flow_sheet_report_em,FBCCE_ADD,price_state,announcement_pit_feature,candidate_after_pit_contract,use notice/disclosure date plus conservative next-trading-day lag,low,registered,,False,,False,,,False,,False,,False,True,contract_only,materialize_pit_sidecar_before_formula_search,4.4
global_field_route,cn_fundamental_akshare_batch_v1_20260531\aggregated_v1,cash_flow_sheet_report_em,FBCCE_ADD_BALANCE,price_state,announcement_pit_feature,candidate_after_pit_contract,use notice/disclosure date plus conservative next-trading-day lag,low,registered,,False,,False,,,False,,False,,False,True,contract_only,materialize_pit_sidecar_before_formula_search,4.4
global_field_route,cn_fundamental_akshare_batch_v1_20260531\aggregated_v1,cash_flow_sheet_report_em,FBCCE_ADD_BALANCE_YOY,price_state,announcement_pit_feature,candidate_after_pit_contract,use notice/disclosure date plus conservative next-trading-day lag,low,registered,,False,,False,,,False,,False,,False,True,contract_only,materialize_pit_sidecar_before_formula_search,4.4
global_field_route,cn_fundamental_akshare_batch_v1_20260531\aggregated_v1,cash_flow_sheet_report_em,FBCCE_ADD_OTHER,price_state,announcement_pit_feature,candidate_after_pit_contract,use notice/disclosure date plus conservative next-trading-day lag,low,registered,,False,,False,,,False,,False,,False,True,contract_only,materialize_pit_sidecar_before_formula_search,4.4
global_field_route,cn_fundamental_akshare_batch_v1_20260531\aggregated_v1,cash_flow_sheet_report_em,FBCCE_ADD_OTHER_YOY,price_state,announcement_pit_feature,candidate_after_pit_contract,use notice/disclosure date plus conservative next-trading-day lag,low,registered,,False,,False,,,False,,False,,False,True,contract_only,materialize_pit_sidecar_before_formula_search,4.4
global_field_route,cn_fundamental_akshare_batch_v1_20260531\aggregated_v1,cash_flow_sheet_report_em,FBCCE_ADD_YOY,price_state,announcement_pit_feature,candidate_after_pit_contract,use notice/disclosure date plus conservative next-trading-day lag,low,registered,,False,,False,,,False,,False,,False,True,contract_only,materialize_pit_sidecar_before_formula_search,4.4
global_field_route,cn_fundamental_akshare_batch_v1_20260531\aggregated_v1,cash_flow_sheet_report_em,FBNETCASH_OPERATE,price_state,announcement_pit_feature,candidate_after_pit_contract,use notice/disclosure date plus conservative next-trading-day lag,low,registered,,False,,False,,,False,,False,,False,True,contract_only,materialize_pit_sidecar_before_formula_search,4.4
global_field_route,cn_fundamental_akshare_batch_v1_20260531\aggregated_v1,cash_flow_sheet_report_em,FBNETCASH_OPERATE_YOY,price_state,announcement_pit_feature,candidate_after_pit_contract,use notice/disclosure date plus conservative next-trading-day lag,low,registered,,False,,False,,,False,,False,,False,True,contract_only,materialize_pit_sidecar_before_formula_search,4.4
global_field_route,cn_fundamental_akshare_batch_v1_20260531\aggregated_v1,cash_flow_sheet_report_em,FBOPERATE_NETCASH_BALANCE,price_state,announcement_pit_feature,candidate_after_pit_contract,use notice/disclosure date plus conservative next-trading-day lag,low,registered,,False,,False,,,False,,False,,False,True,contract_only,materialize_pit_sidecar_before_formula_search,4.4
global_field_route,cn_fundamental_akshare_batch_v1_20260531\aggregated_v1,cash_flow_sheet_report_em,FBOPERATE_NETCASH_BALANCE_YOY,price_state,announcement_pit_feature,candidate_after_pit_contract,use notice/disclosure date plus conservative next-trading-day lag,low,registered,,False,,False,,,False,,False,,False,True,contract_only,materialize_pit_sidecar_before_formula_search,4.4
global_field_route,cn_fundamental_akshare_batch_v1_20260531\aggregated_v1,cash_flow_sheet_report_em,FBOPERATE_NETCASH_OTHER,price_state,announcement_pit_feature,candidate_after_pit_contract,use notice/disclosure date plus conservative next-trading-day lag,low,registered,,False,,False,,,False,,False,,False,True,contract_only,materialize_pit_sidecar_before_formula_search,4.4
global_field_route,cn_fundamental_akshare_batch_v1_20260531\aggregated_v1,cash_flow_sheet_report_em,FBOPERATE_NETCASH_OTHER_YOY,price_state,announcement_pit_feature,candidate_after_pit_contract,use notice/disclosure date plus conservative next-trading-day lag,low,registered,,False,,False,,,False,,False,,False,True,contract_only,materialize_pit_sidecar_before_formula_search,4.4
global_field_route,cn_fundamental_akshare_batch_v1_20260531\aggregated_v1,cash_flow_sheet_report_em,FB_CCE_ADD,price_state,announcement_pit_feature,candidate_after_pit_contract,use notice/disclosure date plus conservative next-trading-day lag,low,registered,,False,,False,,,False,,False,,False,True,contract_only,materialize_pit_sidecar_before_formula_search,4.4
global_field_route,cn_fundamental_akshare_batch_v1_20260531\aggregated_v1,cash_flow_sheet_report_em,FB_CCE_ADD_BALANCE,price_state,announcement_pit_feature,candidate_after_pit_contract,use notice/disclosure date plus conservative next-trading-day lag,low,registered,,False,,False,,,False,,False,,False,True,contract_only,materialize_pit_sidecar_before_formula_search,4.4
global_field_route,cn_fundamental_akshare_batch_v1_20260531\aggregated_v1,cash_flow_sheet_report_em,FB_CCE_ADD_BALANCE_YOY,price_state,announcement_pit_feature,candidate_after_pit_contract,use notice/disclosure date plus conservative next-trading-day lag,low,registered,,False,,False,,,False,,False,,False,True,contract_only,materialize_pit_sidecar_before_formula_search,4.4
global_field_route,cn_fundamental_akshare_batch_v1_20260531\aggregated_v1,cash_flow_sheet_report_em,FB_CCE_ADD_OTHER,price_state,announcement_pit_feature,candidate_after_pit_contract,use notice/disclosure date plus conservative next-trading-day lag,low,registered,,False,,False,,,False,,False,,False,True,contract_only,materialize_pit_sidecar_before_formula_search,4.4
global_field_route,cn_fundamental_akshare_batch_v1_20260531\aggregated_v1,cash_flow_sheet_report_em,FB_CCE_ADD_OTHER_YOY,price_state,announcement_pit_feature,candidate_after_pit_contract,use notice/disclosure date plus conservative next-trading-day lag,low,registered,,False,,False,,,False,,False,,False,True,contract_only,materialize_pit_sidecar_before_formula_search,4.4
global_field_route,cn_fundamental_akshare_batch_v1_20260531\aggregated_v1,cash_flow_sheet_report_em,FB_CCE_ADD_YOY,price_state,announcement_pit_feature,candidate_after_pit_contract,use notice/disclosure date plus conservative next-trading-day lag,low,registered,,False,,False,,,False,,False,,False,True,contract_only,materialize_pit_sidecar_before_formula_search,4.4
global_field_route,cn_fundamental_akshare_batch_v1_20260531\aggregated_v1,cash_flow_sheet_report_em,FB_NETCASH_OPERATE_YOY,price_state,announcement_pit_feature,candidate_after_pit_contract,use notice/disclosure date plus conservative next-trading-day lag,low,registered,,False,,False,,,False,,False,,False,True,contract_only,materialize_pit_sidecar_before_formula_search,4.4
global_field_route,cn_fundamental_akshare_batch_v1_20260531\aggregated_v1,cash_flow_sheet_report_em,FB_OPERATE_NETCASH_BALANCE,price_state,announcement_pit_feature,candidate_after_pit_contract,use notice/disclosure date plus conservative next-trading-day lag,low,registered,,False,,False,,,False,,False,,False,True,contract_only,materialize_pit_sidecar_before_formula_search,4.4
global_field_route,cn_fundamental_akshare_batch_v1_20260531\aggregated_v1,cash_flow_sheet_report_em,FB_OPERATE_NETCASH_BALANCE_YOY,price_state,announcement_pit_feature,candidate_after_pit_contract,use notice/disclosure date plus conservative next-trading-day lag,low,registered,,False,,False,,,False,,False,,False,True,contract_only,materialize_pit_sidecar_before_formula_search,4.4
global_field_route,cn_fundamental_akshare_batch_v1_20260531\aggregated_v1,cash_flow_sheet_report_em,FB_OPERATE_NETCASH_OTHER,price_state,announcement_pit_feature,candidate_after_pit_contract,use notice/disclosure date plus conservative next-trading-day lag,low,registered,,False,,False,,,False,,False,,False,True,contract_only,materialize_pit_sidecar_before_formula_search,4.4
global_field_route,cn_fundamental_akshare_batch_v1_20260531\aggregated_v1,cash_flow_sheet_report_em,FB_OPERATE_NETCASH_OTHER_YOY,price_state,announcement_pit_feature,candidate_after_pit_contract,use notice/disclosure date plus conservative next-trading-day lag,low,registered,,False,,False,,,False,,False,,False,True,contract_only,materialize_pit_sidecar_before_formula_search,4.4
global_field_route,cn_fundamental_akshare_batch_v1_20260531\aggregated_v1,cash_flow_sheet_report_em,FINANCE_INFLOW_BALANCE,price_state,announcement_pit_feature,candidate_after_pit_contract,use notice/disclosure date plus conservative next-trading-day lag,low,registered,,False,,False,,,False,,False,,False,True,contract_only,materialize_pit_sidecar_before_formula_search,4.4
global_field_route,cn_fundamental_akshare_batch_v1_20260531\aggregated_v1,cash_flow_sheet_report_em,FINANCE_INFLOW_BALANCE_YOY,price_state,announcement_pit_feature,candidate_after_pit_contract,use notice/disclosure date plus conservative next-trading-day lag,low,registered,,False,,False,,,False,,False,,False,True,contract_only,materialize_pit_sidecar_before_formula_search,4.4
global_field_route,cn_fundamental_akshare_batch_v1_20260531\aggregated_v1,cash_flow_sheet_report_em,FINANCE_INFLOW_OTHER,price_state,announcement_pit_feature,candidate_after_pit_contract,use notice/disclosure date plus conservative next-trading-day lag,low,registered,,False,,False,,,False,,False,,False,True,contract_only,materialize_pit_sidecar_before_formula_search,4.4
global_field_route,cn_fundamental_akshare_batch_v1_20260531\aggregated_v1,cash_flow_sheet_report_em,FINANCE_INFLOW_OTHER_YOY,price_state,announcement_pit_feature,candidate_after_pit_contract,use notice/disclosure date plus conservative next-trading-day lag,low,registered,,False,,False,,,False,,False,,False,True,contract_only,materialize_pit_sidecar_before_formula_search,4.4
global_field_route,cn_fundamental_akshare_batch_v1_20260531\aggregated_v1,cash_flow_sheet_report_em,FINANCE_NETCASH_BALANCE,price_state,announcement_pit_feature,candidate_after_pit_contract,use notice/disclosure date plus conservative next-trading-day lag,low,registered,,False,,False,,,False,,False,,False,True,contract_only,materialize_pit_sidecar_before_formula_search,4.4
global_field_route,cn_fundamental_akshare_batch_v1_20260531\aggregated_v1,cash_flow_sheet_report_em,FINANCE_NETCASH_BALANCE_YOY,price_state,announcement_pit_feature,candidate_after_pit_contract,use notice/disclosure date plus conservative next-trading-day lag,low,registered,,False,,False,,,False,,False,,False,True,contract_only,materialize_pit_sidecar_before_formula_search,4.4
global_field_route,cn_fundamental_akshare_batch_v1_20260531\aggregated_v1,cash_flow_sheet_report_em,FINANCE_NETCASH_OTHER,price_state,announcement_pit_feature,candidate_after_pit_contract,use notice/disclosure date plus conservative next-trading-day lag,low,registered,,False,,False,,,False,,False,,False,True,contract_only,materialize_pit_sidecar_before_formula_search,4.4
global_field_route,cn_fundamental_akshare_batch_v1_20260531\aggregated_v1,cash_flow_sheet_report_em,FINANCE_NETCASH_OTHER_YOY,price_state,announcement_pit_feature,candidate_after_pit_contract,use notice/disclosure date plus conservative next-trading-day lag,low,registered,,False,,False,,,False,,False,,False,True,contract_only,materialize_pit_sidecar_before_formula_search,4.4
global_field_route,cn_fundamental_akshare_batch_v1_20260531\aggregated_v1,cash_flow_sheet_report_em,FINANCE_OUTFLOW_BALANCE,price_state,announcement_pit_feature,candidate_after_pit_contract,use notice/disclosure date plus conservative next-trading-day lag,low,registered,,False,,False,,,False,,False,,False,True,contract_only,materialize_pit_sidecar_before_formula_search,4.4
global_field_route,cn_fundamental_akshare_batch_v1_20260531\aggregated_v1,cash_flow_sheet_report_em,FINANCE_OUTFLOW_BALANCE_YOY,price_state,announcement_pit_feature,candidate_after_pit_contract,use notice/disclosure date plus conservative next-trading-day lag,low,registered,,False,,False,,,False,,False,,False,True,contract_only,materialize_pit_sidecar_before_formula_search,4.4
global_field_route,cn_fundamental_akshare_batch_v1_20260531\aggregated_v1,cash_flow_sheet_report_em,FINANCE_OUTFLOW_OTHER,price_state,announcement_pit_feature,candidate_after_pit_contract,use notice/disclosure date plus conservative next-trading-day lag,low,registered,,False,,False,,,False,,False,,False,True,contract_only,materialize_pit_sidecar_before_formula_search,4.4
global_field_route,cn_fundamental_akshare_batch_v1_20260531\aggregated_v1,cash_flow_sheet_report_em,FINANCE_OUTFLOW_OTHER_YOY,price_state,announcement_pit_feature,candidate_after_pit_contract,use notice/disclosure date plus conservative next-trading-day lag,low,registered,,False,,False,,,False,,False,,False,True,contract_only,materialize_pit_sidecar_before_formula_search,4.4
global_field_route,cn_fundamental_akshare_batch_v1_20260531\aggregated_v1,cash_flow_sheet_report_em,FINASSET_REDUCE,price_state,announcement_pit_feature,candidate_after_pit_contract,use notice/disclosure date plus conservative next-trading-day lag,low,registered,,False,,False,,,False,,False,,False,True,contract_only,materialize_pit_sidecar_before_formula_search,4.4
global_field_route,cn_fundamental_akshare_batch_v1_20260531\aggregated_v1,cash_flow_sheet_report_em,FINASSET_REDUCE_YOY,price_state,announcement_pit_feature,candidate_after_pit_contract,use notice/disclosure date plus conservative next-trading-day lag,low,registered,,False,,False,,,False,,False,,False,True,contract_only,materialize_pit_sidecar_before_formula_search,4.4
global_field_route,cn_fundamental_akshare_batch_v1_20260531\aggregated_v1,cash_flow_sheet_report_em,FINLEASE_OBTAIN_FA,price_state,announcement_pit_feature,candidate_after_pit_contract,use notice/disclosure date plus conservative next-trading-day lag,low,registered,,False,,False,,,False,,False,,False,True,contract_only,materialize_pit_sidecar_before_formula_search,4.4
global_field_route,cn_fundamental_akshare_batch_v1_20260531\aggregated_v1,cash_flow_sheet_report_em,FINLEASE_OBTAIN_FA_YOY,price_state,announcement_pit_feature,candidate_after_pit_contract,use notice/disclosure date plus conservative next-trading-day lag,low,registered,,False,,False,,,False,,False,,False,True,contract_only,materialize_pit_sidecar_before_formula_search,4.4
global_field_route,cn_fundamental_akshare_batch_v1_20260531\aggregated_v1,cash_flow_sheet_report_em,FINLIAB_ADD,price_state,announcement_pit_feature,candidate_after_pit_contract,use notice/disclosure date plus conservative next-trading-day lag,low,registered,,False,,False,,,False,,False,,False,True,contract_only,materialize_pit_sidecar_before_formula_search,4.4
global_field_route,cn_fundamental_akshare_batch_v1_20260531\aggregated_v1,cash_flow_sheet_report_em,FINLIAB_ADD_YOY,price_state,announcement_pit_feature,candidate_after_pit_contract,use notice/disclosure date plus conservative next-trading-day lag,low,registered,,False,,False,,,False,,False,,False,True,contract_only,materialize_pit_sidecar_before_formula_search,4.4
global_field_route,cn_fundamental_akshare_batch_v1_20260531\aggregated_v1,cash_flow_sheet_report_em,FIXED_ASSET_DEPR,price_state,announcement_pit_feature,candidate_after_pit_contract,use notice/disclosure date plus conservative next-trading-day lag,low,registered,,False,,False,,,False,,False,,False,True,contract_only,materialize_pit_sidecar_before_formula_search,4.4
global_field_route,cn_fundamental_akshare_batch_v1_20260531\aggregated_v1,cash_flow_sheet_report_em,FIXED_ASSET_DEPR_YOY,price_state,announcement_pit_feature,candidate_after_pit_contract,use notice/disclosure date plus conservative next-trading-day lag,low,registered,,False,,False,,,False,,False,,False,True,contract_only,materialize_pit_sidecar_before_formula_search,4.4
global_field_route,cn_fundamental_akshare_batch_v1_20260531\aggregated_v1,cash_flow_sheet_report_em,IA_AMORTIZE_YOY,price_state,announcement_pit_feature,candidate_after_pit_contract,use notice/disclosure date plus conservative next-trading-day lag,low,registered,,False,,False,,,False,,False,,False,True,contract_only,materialize_pit_sidecar_before_formula_search,4.4
global_field_route,cn_fundamental_akshare_batch_v1_20260531\aggregated_v1,cash_flow_sheet_report_em,IA_LPE_AMORTIZE,price_state,announcement_pit_feature,candidate_after_pit_contract,use notice/disclosure date plus conservative next-trading-day lag,low,registered,,False,,False,,,False,,False,,False,True,contract_only,materialize_pit_sidecar_before_formula_search,4.4
global_field_route,cn_fundamental_akshare_batch_v1_20260531\aggregated_v1,cash_flow_sheet_report_em,IA_LPE_AMORTIZE_YOY,price_state,announcement_pit_feature,candidate_after_pit_contract,use notice/disclosure date plus conservative next-trading-day lag,low,registered,,False,,False,,,False,,False,,False,True,contract_only,materialize_pit_sidecar_before_formula_search,4.4
global_field_route,cn_fundamental_akshare_batch_v1_20260531\aggregated_v1,cash_flow_sheet_report_em,INSURED_INVEST_ADD,price_state,announcement_pit_feature,candidate_after_pit_contract,use notice/disclosure date plus conservative next-trading-day lag,low,registered,,False,,False,,,False,,False,,False,True,contract_only,materialize_pit_sidecar_before_formula_search,4.4
global_field_route,cn_fundamental_akshare_batch_v1_20260531\aggregated_v1,cash_flow_sheet_report_em,INSURED_INVEST_ADD_YOY,price_state,announcement_pit_feature,candidate_after_pit_contract,use notice/disclosure date plus conservative next-trading-day lag,low,registered,,False,,False,,,False,,False,,False,True,contract_only,materialize_pit_sidecar_before_formula_search,4.4
global_field_route,cn_fundamental_akshare_batch_v1_20260531\aggregated_v1,cash_flow_sheet_report_em,INSURED_INVEST_REDUCE,price_state,announcement_pit_feature,candidate_after_pit_contract,use notice/disclosure date plus conservative next-trading-day lag,low,registered,,False,,False,,,False,,False,,False,True,contract_only,materialize_pit_sidecar_before_formula_search,4.4
global_field_route,cn_fundamental_akshare_batch_v1_20260531\aggregated_v1,cash_flow_sheet_report_em,INSURED_INVEST_REDUCE_YOY,price_state,announcement_pit_feature,candidate_after_pit_contract,use notice/disclosure date plus conservative next-trading-day lag,low,registered,,False,,False,,,False,,False,,False,True,contract_only,materialize_pit_sidecar_before_formula_search,4.4
global_field_route,cn_fundamental_akshare_batch_v1_20260531\aggregated_v1,cash_flow_sheet_report_em,INSURED_PLA,price_state,announcement_pit_feature,candidate_after_pit_contract,use notice/disclosure date plus conservative next-trading-day lag,low,registered,,False,,False,,,False,,False,,False,True,contract_only,materialize_pit_sidecar_before_formula_search,4.4
global_field_route,cn_fundamental_akshare_batch_v1_20260531\aggregated_v1,cash_flow_sheet_report_em,INSURED_PLA_YOY,price_state,announcement_pit_feature,candidate_after_pit_contract,use notice/disclosure date plus conservative next-trading-day lag,low,registered,,False,,False,,,False,,False,,False,True,contract_only,materialize_pit_sidecar_before_formula_search,4.4
global_field_route,cn_fundamental_akshare_batch_v1_20260531\aggregated_v1,cash_flow_sheet_report_em,INTERBANK_OTHER_REDUCE,price_state,announcement_pit_feature,candidate_after_pit_contract,use notice/disclosure date plus conservative next-trading-day lag,low,registered,,False,,False,,,False,,False,,False,True,contract_only,materialize_pit_sidecar_before_formula_search,4.4
global_field_route,cn_fundamental_akshare_batch_v1_20260531\aggregated_v1,cash_flow_sheet_report_em,INTERBANK_OTHER_REDUCE_YOY,price_state,announcement_pit_feature,candidate_after_pit_contract,use notice/disclosure date plus conservative next-trading-day lag,low,registered,,False,,False,,,False,,False,,False,True,contract_only,materialize_pit_sidecar_before_formula_search,4.4
global_field_route,cn_fundamental_akshare_batch_v1_20260531\aggregated_v1,cash_flow_sheet_report_em,INVENTORY_REDUCE,price_state,announcement_pit_feature,candidate_after_pit_contract,use notice/disclosure date plus conservative next-trading-day lag,low,registered,,False,,False,,,False,,False,,False,True,contract_only,materialize_pit_sidecar_before_formula_search,4.4
global_field_route,cn_fundamental_akshare_batch_v1_20260531\aggregated_v1,cash_flow_sheet_report_em,INVENTORY_REDUCE_YOY,price_state,announcement_pit_feature,candidate_after_pit_contract,use notice/disclosure date plus conservative next-trading-day lag,low,registered,,False,,False,,,False,,False,,False,True,contract_only,materialize_pit_sidecar_before_formula_search,4.4
global_field_route,cn_fundamental_akshare_batch_v1_20260531\aggregated_v1,cash_flow_sheet_report_em,INVEST_INFLOW_BALANCE,price_state,announcement_pit_feature,candidate_after_pit_contract,use notice/disclosure date plus conservative next-trading-day lag,low,registered,,False,,False,,,False,,False,,False,True,contract_only,materialize_pit_sidecar_before_formula_search,4.4
global_field_route,cn_fundamental_akshare_batch_v1_20260531\aggregated_v1,cash_flow_sheet_report_em,INVEST_INFLOW_BALANCE_YOY,price_state,announcement_pit_feature,candidate_after_pit_contract,use notice/disclosure date plus conservative next-trading-day lag,low,registered,,False,,False,,,False,,False,,False,True,contract_only,materialize_pit_sidecar_before_formula_search,4.4
global_field_route,cn_fundamental_akshare_batch_v1_20260531\aggregated_v1,cash_flow_sheet_report_em,INVEST_INFLOW_OTHER,price_state,announcement_pit_feature,candidate_after_pit_contract,use notice/disclosure date plus conservative next-trading-day lag,low,registered,,False,,False,,,False,,False,,False,True,contract_only,materialize_pit_sidecar_before_formula_search,4.4
global_field_route,cn_fundamental_akshare_batch_v1_20260531\aggregated_v1,cash_flow_sheet_report_em,INVEST_INFLOW_OTHER_YOY,price_state,announcement_pit_feature,candidate_after_pit_contract,use notice/disclosure date plus conservative next-trading-day lag,low,registered,,False,,False,,,False,,False,,False,True,contract_only,materialize_pit_sidecar_before_formula_search,4.4
global_field_route,cn_fundamental_akshare_batch_v1_20260531\aggregated_v1,cash_flow_sheet_report_em,INVEST_NETCASH_BALANCE,price_state,announcement_pit_feature,candidate_after_pit_contract,use notice/disclosure date plus conservative next-trading-day lag,low,registered,,False,,False,,,False,,False,,False,True,contract_only,materialize_pit_sidecar_before_formula_search,4.4
global_field_route,cn_fundamental_akshare_batch_v1_20260531\aggregated_v1,cash_flow_sheet_report_em,INVEST_NETCASH_BALANCE_YOY,price_state,announcement_pit_feature,candidate_after_pit_contract,use notice/disclosure date plus conservative next-trading-day lag,low,registered,,False,,False,,,False,,False,,False,True,contract_only,materialize_pit_sidecar_before_formula_search,4.4
global_field_route,cn_fundamental_akshare_batch_v1_20260531\aggregated_v1,cash_flow_sheet_report_em,INVEST_NETCASH_OTHER,price_state,announcement_pit_feature,candidate_after_pit_contract,use notice/disclosure date plus conservative next-trading-day lag,low,registered,,False,,False,,,False,,False,,False,True,contract_only,materialize_pit_sidecar_before_formula_search,4.4
global_field_route,cn_fundamental_akshare_batch_v1_20260531\aggregated_v1,cash_flow_sheet_report_em,INVEST_NETCASH_OTHER_YOY,price_state,announcement_pit_feature,candidate_after_pit_contract,use notice/disclosure date plus conservative next-trading-day lag,low,registered,,False,,False,,,False,,False,,False,True,contract_only,materialize_pit_sidecar_before_formula_search,4.4
global_field_route,cn_fundamental_akshare_batch_v1_20260531\aggregated_v1,cash_flow_sheet_report_em,INVEST_OUTFLOW_BALANCE,price_state,announcement_pit_feature,candidate_after_pit_contract,use notice/disclosure date plus conservative next-trading-day lag,low,registered,,False,,False,,,False,,False,,False,True,contract_only,materialize_pit_sidecar_before_formula_search,4.4
global_field_route,cn_fundamental_akshare_batch_v1_20260531\aggregated_v1,cash_flow_sheet_report_em,INVEST_OUTFLOW_BALANCE_YOY,price_state,announcement_pit_feature,candidate_after_pit_contract,use notice/disclosure date plus conservative next-trading-day lag,low,registered,,False,,False,,,False,,False,,False,True,contract_only,materialize_pit_sidecar_before_formula_search,4.4
global_field_route,cn_fundamental_akshare_batch_v1_20260531\aggregated_v1,cash_flow_sheet_report_em,INVEST_OUTFLOW_OTHER,price_state,announcement_pit_feature,candidate_after_pit_contract,use notice/disclosure date plus conservative next-trading-day lag,low,registered,,False,,False,,,False,,False,,False,True,contract_only,materialize_pit_sidecar_before_formula_search,4.4
global_field_route,cn_fundamental_akshare_batch_v1_20260531\aggregated_v1,cash_flow_sheet_report_em,INVEST_OUTFLOW_OTHER_YOY,price_state,announcement_pit_feature,candidate_after_pit_contract,use notice/disclosure date plus conservative next-trading-day lag,low,registered,,False,,False,,,False,,False,,False,True,contract_only,materialize_pit_sidecar_before_formula_search,4.4
global_field_route,cn_fundamental_akshare_batch_v1_20260531\aggregated_v1,cash_flow_sheet_report_em,INVEST_PAY_CASH,price_state,announcement_pit_feature,candidate_after_pit_contract,use notice/disclosure date plus conservative next-trading-day lag,low,registered,,False,,False,,,False,,False,,False,True,contract_only,materialize_pit_sidecar_before_formula_search,4.4
global_field_route,cn_fundamental_akshare_batch_v1_20260531\aggregated_v1,cash_flow_sheet_report_em,INVEST_PAY_CASH_YOY,price_state,announcement_pit_feature,candidate_after_pit_contract,use notice/disclosure date plus conservative next-trading-day lag,low,registered,,False,,False,,,False,,False,,False,True,contract_only,materialize_pit_sidecar_before_formula_search,4.4
global_field_route,cn_fundamental_akshare_batch_v1_20260531\aggregated_v1,cash_flow_sheet_report_em,IOFI_ADD,price_state,announcement_pit_feature,candidate_after_pit_contract,use notice/disclosure date plus conservative next-trading-day lag,low,registered,,False,,False,,,False,,False,,False,True,contract_only,materialize_pit_sidecar_before_formula_search,4.4
global_field_route,cn_fundamental_akshare_batch_v1_20260531\aggregated_v1,cash_flow_sheet_report_em,IOFI_ADD_YOY,price_state,announcement_pit_feature,candidate_after_pit_contract,use notice/disclosure date plus conservative next-trading-day lag,low,registered,,False,,False,,,False,,False,,False,True,contract_only,materialize_pit_sidecar_before_formula_search,4.4
global_field_route,cn_fundamental_akshare_batch_v1_20260531\aggregated_v1,cash_flow_sheet_report_em,IR_DEPR,price_state,announcement_pit_feature,candidate_after_pit_contract,use notice/disclosure date plus conservative next-trading-day lag,low,registered,,False,,False,,,False,,False,,False,True,contract_only,materialize_pit_sidecar_before_formula_search,4.4
global_field_route,cn_fundamental_akshare_batch_v1_20260531\aggregated_v1,cash_flow_sheet_report_em,IR_DEPR_YOY,price_state,announcement_pit_feature,candidate_after_pit_contract,use notice/disclosure date plus conservative next-trading-day lag,low,registered,,False,,False,,,False,,False,,False,True,contract_only,materialize_pit_sidecar_before_formula_search,4.4
global_field_route,cn_fundamental_akshare_batch_v1_20260531\aggregated_v1,cash_flow_sheet_report_em,ISSUED_CD_REDUCE,price_state,announcement_pit_feature,candidate_after_pit_contract,use notice/disclosure date plus conservative next-trading-day lag,low,registered,,False,,False,,,False,,False,,False,True,contract_only,materialize_pit_sidecar_before_formula_search,4.4
global_field_route,cn_fundamental_akshare_batch_v1_20260531\aggregated_v1,cash_flow_sheet_report_em,ISSUED_CD_REDUCE_YOY,price_state,announcement_pit_feature,candidate_after_pit_contract,use notice/disclosure date plus conservative next-trading-day lag,low,registered,,False,,False,,,False,,False,,False,True,contract_only,materialize_pit_sidecar_before_formula_search,4.4
global_field_route,cn_fundamental_akshare_batch_v1_20260531\aggregated_v1,cash_flow_sheet_report_em,ISSUE_BOND,price_state,announcement_pit_feature,candidate_after_pit_contract,use notice/disclosure date plus conservative next-trading-day lag,low,registered,,False,,False,,,False,,False,,False,True,contract_only,materialize_pit_sidecar_before_formula_search,4.4
global_field_route,cn_fundamental_akshare_batch_v1_20260531\aggregated_v1,cash_flow_sheet_report_em,ISSUE_BOND_YOY,price_state,announcement_pit_feature,candidate_after_pit_contract,use notice/disclosure date plus conservative next-trading-day lag,low,registered,,False,,False,,,False,,False,,False,True,contract_only,materialize_pit_sidecar_before_formula_search,4.4
global_field_route,cn_fundamental_akshare_batch_v1_20260531\aggregated_v1,cash_flow_sheet_report_em,ISSUE_CD,price_state,announcement_pit_feature,candidate_after_pit_contract,use notice/disclosure date plus conservative next-trading-day lag,low,registered,,False,,False,,,False,,False,,False,True,contract_only,materialize_pit_sidecar_before_formula_search,4.4
global_field_route,cn_fundamental_akshare_batch_v1_20260531\aggregated_v1,cash_flow_sheet_report_em,ISSUE_CD_YOY,price_state,announcement_pit_feature,candidate_after_pit_contract,use notice/disclosure date plus conservative next-trading-day lag,low,registered,,False,,False,,,False,,False,,False,True,contract_only,materialize_pit_sidecar_before_formula_search,4.4
global_field_route,cn_fundamental_akshare_batch_v1_20260531\aggregated_v1,cash_flow_sheet_report_em,ISSUE_OTHER_BOND,price_state,announcement_pit_feature,candidate_after_pit_contract,use notice/disclosure date plus conservative next-trading-day lag,low,registered,,False,,False,,,False,,False,,False,True,contract_only,materialize_pit_sidecar_before_formula_search,4.4
global_field_route,cn_fundamental_akshare_batch_v1_20260531\aggregated_v1,cash_flow_sheet_report_em,ISSUE_OTHER_BOND_YOY,price_state,announcement_pit_feature,candidate_after_pit_contract,use notice/disclosure date plus conservative next-trading-day lag,low,registered,,False,,False,,,False,,False,,False,True,contract_only,materialize_pit_sidecar_before_formula_search,4.4
global_field_route,cn_fundamental_akshare_batch_v1_20260531\aggregated_v1,cash_flow_sheet_report_em,ISSUE_SHARES_EXPENSE,capacity_size,announcement_pit_feature,candidate_after_pit_contract,use notice/disclosure date plus conservative next-trading-day lag,high,registered,,False,,False,,,False,,False,,False,True,contract_only,materialize_pit_sidecar_before_formula_search,7.6
global_field_route,cn_fundamental_akshare_batch_v1_20260531\aggregated_v1,cash_flow_sheet_report_em,ISSUE_SHARES_EXPENSE_YOY,capacity_size,announcement_pit_feature,candidate_after_pit_contract,use notice/disclosure date plus conservative next-trading-day lag,high,registered,,False,,False,,,False,,False,,False,True,contract_only,materialize_pit_sidecar_before_formula_search,7.6
global_field_route,cn_fundamental_akshare_batch_v1_20260531\aggregated_v1,cash_flow_sheet_report_em,ISSUE_SUBBOND,price_state,announcement_pit_feature,candidate_after_pit_contract,use notice/disclosure date plus conservative next-trading-day lag,low,registered,,False,,False,,,False,,False,,False,True,contract_only,materialize_pit_sidecar_before_formula_search,4.4
