shard,attempt,attempt_dir,summary_path,rows_path,rows_exists,decision,error_count,input_candidate_count,evaluated_candidate_count,memory_hit_count,panel_rows,panel_codes,evaluated_trade_time_count,original_trade_time_count,panel_read_column_count,expression_field_count,lazy_sidecar_enabled,lazy_loaded_field_count,_mtime
shard_00,shard_00_as_v1,G:\Project_V7_Rotation\alpha_pit_data_feature_workspace_20260531\runtime\phase3ba_company_focused_minute_expansion_20260612\shard_00_as_v1,G:\Project_V7_Rotation\alpha_pit_data_feature_workspace_20260531\runtime\phase3ba_company_focused_minute_expansion_20260612\shard_00_as_v1\phase3as_true_1min_sidecar_canary_eval_summary.json,G:\Project_V7_Rotation\alpha_pit_data_feature_workspace_20260531\runtime\phase3ba_company_focused_minute_expansion_20260612\shard_00_as_v1\phase3as_true_1min_sidecar_canary_eval_rows.csv,True,PHASE3BA_PARALLEL_V2_MERGED_TRUE1MIN_EVAL,0,768,768,0,775781,340,2400,58563,26,19,True,1,1781290220.6154902
shard_00,shard_00_chunk_00_as_v1,G:\Project_V7_Rotation\alpha_pit_data_feature_workspace_20260531\runtime\phase3ba_company_focused_minute_expansion_20260612\shard_00_chunk_00_as_v1,G:\Project_V7_Rotation\alpha_pit_data_feature_workspace_20260531\runtime\phase3ba_company_focused_minute_expansion_20260612\shard_00_chunk_00_as_v1\phase3as_true_1min_sidecar_canary_eval_summary.json,G:\Project_V7_Rotation\alpha_pit_data_feature_workspace_20260531\runtime\phase3ba_company_focused_minute_expansion_20260612\shard_00_chunk_00_as_v1\phase3as_true_1min_sidecar_canary_eval_rows.csv,True,PHASE3AS_TRUE_1MIN_SIDECAR_CANARY_EVAL_COMPLETE,0,128,128,0,775781,340,2400,58563,26,19,True,1,1781290222.0254252
shard_00,shard_00_chunk_01_as_v1,G:\Project_V7_Rotation\alpha_pit_data_feature_workspace_20260531\runtime\phase3ba_company_focused_minute_expansion_20260612\shard_00_chunk_01_as_v1,G:\Project_V7_Rotation\alpha_pit_data_feature_workspace_20260531\runtime\phase3ba_company_focused_minute_expansion_20260612\shard_00_chunk_01_as_v1\phase3as_true_1min_sidecar_canary_eval_summary.json,G:\Project_V7_Rotation\alpha_pit_data_feature_workspace_20260531\runtime\phase3ba_company_focused_minute_expansion_20260612\shard_00_chunk_01_as_v1\phase3as_true_1min_sidecar_canary_eval_rows.csv,True,PHASE3AS_TRUE_1MIN_SIDECAR_CANARY_EVAL_COMPLETE,0,128,128,0,775781,340,2400,58563,26,19,True,1,1781290223.265201
shard_00,shard_00_chunk_02_as_v1,G:\Project_V7_Rotation\alpha_pit_data_feature_workspace_20260531\runtime\phase3ba_company_focused_minute_expansion_20260612\shard_00_chunk_02_as_v1,G:\Project_V7_Rotation\alpha_pit_data_feature_workspace_20260531\runtime\phase3ba_company_focused_minute_expansion_20260612\shard_00_chunk_02_as_v1\phase3as_true_1min_sidecar_canary_eval_summary.json,G:\Project_V7_Rotation\alpha_pit_data_feature_workspace_20260531\runtime\phase3ba_company_focused_minute_expansion_20260612\shard_00_chunk_02_as_v1\phase3as_true_1min_sidecar_canary_eval_rows.csv,True,PHASE3AS_TRUE_1MIN_SIDECAR_CANARY_EVAL_COMPLETE,0,128,128,0,775781,340,2400,58563,18,12,True,3,1781290224.5999646
shard_00,shard_00_chunk_03_as_v1,G:\Project_V7_Rotation\alpha_pit_data_feature_workspace_20260531\runtime\phase3ba_company_focused_minute_expansion_20260612\shard_00_chunk_03_as_v1,G:\Project_V7_Rotation\alpha_pit_data_feature_workspace_20260531\runtime\phase3ba_company_focused_minute_expansion_20260612\shard_00_chunk_03_as_v1\phase3as_true_1min_sidecar_canary_eval_summary.json,G:\Project_V7_Rotation\alpha_pit_data_feature_workspace_20260531\runtime\phase3ba_company_focused_minute_expansion_20260612\shard_00_chunk_03_as_v1\phase3as_true_1min_sidecar_canary_eval_rows.csv,True,PHASE3AS_TRUE_1MIN_SIDECAR_CANARY_EVAL_COMPLETE,0,128,128,0,775781,340,2400,58563,27,21,True,2,1781290225.9142184
shard_00,shard_00_chunk_04_as_v1,G:\Project_V7_Rotation\alpha_pit_data_feature_workspace_20260531\runtime\phase3ba_company_focused_minute_expansion_20260612\shard_00_chunk_04_as_v1,G:\Project_V7_Rotation\alpha_pit_data_feature_workspace_20260531\runtime\phase3ba_company_focused_minute_expansion_20260612\shard_00_chunk_04_as_v1\phase3as_true_1min_sidecar_canary_eval_summary.json,G:\Project_V7_Rotation\alpha_pit_data_feature_workspace_20260531\runtime\phase3ba_company_focused_minute_expansion_20260612\shard_00_chunk_04_as_v1\phase3as_true_1min_sidecar_canary_eval_rows.csv,True,PHASE3AS_TRUE_1MIN_SIDECAR_CANARY_EVAL_COMPLETE,0,128,128,0,775781,340,2400,58563,27,22,True,2,1781290227.3839488
shard_00,shard_00_chunk_05_as_v1,G:\Project_V7_Rotation\alpha_pit_data_feature_workspace_20260531\runtime\phase3ba_company_focused_minute_expansion_20260612\shard_00_chunk_05_as_v1,G:\Project_V7_Rotation\alpha_pit_data_feature_workspace_20260531\runtime\phase3ba_company_focused_minute_expansion_20260612\shard_00_chunk_05_as_v1\phase3as_true_1min_sidecar_canary_eval_summary.json,G:\Project_V7_Rotation\alpha_pit_data_feature_workspace_20260531\runtime\phase3ba_company_focused_minute_expansion_20260612\shard_00_chunk_05_as_v1\phase3as_true_1min_sidecar_canary_eval_rows.csv,True,PHASE3AS_TRUE_1MIN_SIDECAR_CANARY_EVAL_COMPLETE,0,128,128,0,775781,340,2400,58563,22,16,True,2,1781290228.8610463
shard_01,shard_01_as_v1,G:\Project_V7_Rotation\alpha_pit_data_feature_workspace_20260531\runtime\phase3ba_company_focused_minute_expansion_20260612\shard_01_as_v1,G:\Project_V7_Rotation\alpha_pit_data_feature_workspace_20260531\runtime\phase3ba_company_focused_minute_expansion_20260612\shard_01_as_v1\phase3as_true_1min_sidecar_canary_eval_summary.json,G:\Project_V7_Rotation\alpha_pit_data_feature_workspace_20260531\runtime\phase3ba_company_focused_minute_expansion_20260612\shard_01_as_v1\phase3as_true_1min_sidecar_canary_eval_rows.csv,True,PHASE3BA_PARALLEL_V2_MERGED_TRUE1MIN_EVAL,0,768,768,0,778939,340,2400,58563,26,19,True,1,1781290230.4918618
shard_01,shard_01_chunk_00_as_v1,G:\Project_V7_Rotation\alpha_pit_data_feature_workspace_20260531\runtime\phase3ba_company_focused_minute_expansion_20260612\shard_01_chunk_00_as_v1,G:\Project_V7_Rotation\alpha_pit_data_feature_workspace_20260531\runtime\phase3ba_company_focused_minute_expansion_20260612\shard_01_chunk_00_as_v1\phase3as_true_1min_sidecar_canary_eval_summary.json,G:\Project_V7_Rotation\alpha_pit_data_feature_workspace_20260531\runtime\phase3ba_company_focused_minute_expansion_20260612\shard_01_chunk_00_as_v1\phase3as_true_1min_sidecar_canary_eval_rows.csv,True,PHASE3AS_TRUE_1MIN_SIDECAR_CANARY_EVAL_COMPLETE,0,128,128,0,778939,340,2400,58563,26,19,True,1,1781290231.882343
shard_01,shard_01_chunk_01_as_v1,G:\Project_V7_Rotation\alpha_pit_data_feature_workspace_20260531\runtime\phase3ba_company_focused_minute_expansion_20260612\shard_01_chunk_01_as_v1,G:\Project_V7_Rotation\alpha_pit_data_feature_workspace_20260531\runtime\phase3ba_company_focused_minute_expansion_20260612\shard_01_chunk_01_as_v1\phase3as_true_1min_sidecar_canary_eval_summary.json,G:\Project_V7_Rotation\alpha_pit_data_feature_workspace_20260531\runtime\phase3ba_company_focused_minute_expansion_20260612\shard_01_chunk_01_as_v1\phase3as_true_1min_sidecar_canary_eval_rows.csv,True,PHASE3AS_TRUE_1MIN_SIDECAR_CANARY_EVAL_COMPLETE,0,128,128,0,778939,340,2400,58563,26,19,True,1,1781290233.2899268
shard_01,shard_01_chunk_02_as_v1,G:\Project_V7_Rotation\alpha_pit_data_feature_workspace_20260531\runtime\phase3ba_company_focused_minute_expansion_20260612\shard_01_chunk_02_as_v1,G:\Project_V7_Rotation\alpha_pit_data_feature_workspace_20260531\runtime\phase3ba_company_focused_minute_expansion_20260612\shard_01_chunk_02_as_v1\phase3as_true_1min_sidecar_canary_eval_summary.json,G:\Project_V7_Rotation\alpha_pit_data_feature_workspace_20260531\runtime\phase3ba_company_focused_minute_expansion_20260612\shard_01_chunk_02_as_v1\phase3as_true_1min_sidecar_canary_eval_rows.csv,True,PHASE3AS_TRUE_1MIN_SIDECAR_CANARY_EVAL_COMPLETE,0,128,128,0,778939,340,2400,58563,18,12,True,3,1781290234.6159568
shard_01,shard_01_chunk_03_as_v1,G:\Project_V7_Rotation\alpha_pit_data_feature_workspace_20260531\runtime\phase3ba_company_focused_minute_expansion_20260612\shard_01_chunk_03_as_v1,G:\Project_V7_Rotation\alpha_pit_data_feature_workspace_20260531\runtime\phase3ba_company_focused_minute_expansion_20260612\shard_01_chunk_03_as_v1\phase3as_true_1min_sidecar_canary_eval_summary.json,G:\Project_V7_Rotation\alpha_pit_data_feature_workspace_20260531\runtime\phase3ba_company_focused_minute_expansion_20260612\shard_01_chunk_03_as_v1\phase3as_true_1min_sidecar_canary_eval_rows.csv,True,PHASE3AS_TRUE_1MIN_SIDECAR_CANARY_EVAL_COMPLETE,0,128,128,0,778939,340,2400,58563,27,21,True,2,1781290236.0128207
shard_01,shard_01_chunk_04_as_v1,G:\Project_V7_Rotation\alpha_pit_data_feature_workspace_20260531\runtime\phase3ba_company_focused_minute_expansion_20260612\shard_01_chunk_04_as_v1,G:\Project_V7_Rotation\alpha_pit_data_feature_workspace_20260531\runtime\phase3ba_company_focused_minute_expansion_20260612\shard_01_chunk_04_as_v1\phase3as_true_1min_sidecar_canary_eval_summary.json,G:\Project_V7_Rotation\alpha_pit_data_feature_workspace_20260531\runtime\phase3ba_company_focused_minute_expansion_20260612\shard_01_chunk_04_as_v1\phase3as_true_1min_sidecar_canary_eval_rows.csv,True,PHASE3AS_TRUE_1MIN_SIDECAR_CANARY_EVAL_COMPLETE,0,128,128,0,778939,340,2400,58563,27,22,True,2,1781290237.42991
shard_01,shard_01_chunk_05_as_v1,G:\Project_V7_Rotation\alpha_pit_data_feature_workspace_20260531\runtime\phase3ba_company_focused_minute_expansion_20260612\shard_01_chunk_05_as_v1,G:\Project_V7_Rotation\alpha_pit_data_feature_workspace_20260531\runtime\phase3ba_company_focused_minute_expansion_20260612\shard_01_chunk_05_as_v1\phase3as_true_1min_sidecar_canary_eval_summary.json,G:\Project_V7_Rotation\alpha_pit_data_feature_workspace_20260531\runtime\phase3ba_company_focused_minute_expansion_20260612\shard_01_chunk_05_as_v1\phase3as_true_1min_sidecar_canary_eval_rows.csv,True,PHASE3AS_TRUE_1MIN_SIDECAR_CANARY_EVAL_COMPLETE,0,128,128,0,778939,340,2400,58563,22,16,True,2,1781290238.8000839
shard_02,shard_02_as_v1,G:\Project_V7_Rotation\alpha_pit_data_feature_workspace_20260531\runtime\phase3ba_company_focused_minute_expansion_20260612\shard_02_as_v1,G:\Project_V7_Rotation\alpha_pit_data_feature_workspace_20260531\runtime\phase3ba_company_focused_minute_expansion_20260612\shard_02_as_v1\phase3as_true_1min_sidecar_canary_eval_summary.json,G:\Project_V7_Rotation\alpha_pit_data_feature_workspace_20260531\runtime\phase3ba_company_focused_minute_expansion_20260612\shard_02_as_v1\phase3as_true_1min_sidecar_canary_eval_rows.csv,True,PHASE3BA_PARALLEL_V2_MERGED_TRUE1MIN_EVAL,0,768,768,0,771422,340,2400,58563,26,19,True,1,1781290240.447001
shard_02,shard_02_chunk_00_as_v1,G:\Project_V7_Rotation\alpha_pit_data_feature_workspace_20260531\runtime\phase3ba_company_focused_minute_expansion_20260612\shard_02_chunk_00_as_v1,G:\Project_V7_Rotation\alpha_pit_data_feature_workspace_20260531\runtime\phase3ba_company_focused_minute_expansion_20260612\shard_02_chunk_00_as_v1\phase3as_true_1min_sidecar_canary_eval_summary.json,G:\Project_V7_Rotation\alpha_pit_data_feature_workspace_20260531\runtime\phase3ba_company_focused_minute_expansion_20260612\shard_02_chunk_00_as_v1\phase3as_true_1min_sidecar_canary_eval_rows.csv,True,PHASE3AS_TRUE_1MIN_SIDECAR_CANARY_EVAL_COMPLETE,0,128,128,0,771422,340,2400,58563,26,19,True,1,1781290241.7872398
shard_02,shard_02_chunk_01_as_v1,G:\Project_V7_Rotation\alpha_pit_data_feature_workspace_20260531\runtime\phase3ba_company_focused_minute_expansion_20260612\shard_02_chunk_01_as_v1,G:\Project_V7_Rotation\alpha_pit_data_feature_workspace_20260531\runtime\phase3ba_company_focused_minute_expansion_20260612\shard_02_chunk_01_as_v1\phase3as_true_1min_sidecar_canary_eval_summary.json,G:\Project_V7_Rotation\alpha_pit_data_feature_workspace_20260531\runtime\phase3ba_company_focused_minute_expansion_20260612\shard_02_chunk_01_as_v1\phase3as_true_1min_sidecar_canary_eval_rows.csv,True,PHASE3AS_TRUE_1MIN_SIDECAR_CANARY_EVAL_COMPLETE,0,128,128,0,771422,340,2400,58563,26,19,True,1,1781290243.1764846
shard_02,shard_02_chunk_02_as_v1,G:\Project_V7_Rotation\alpha_pit_data_feature_workspace_20260531\runtime\phase3ba_company_focused_minute_expansion_20260612\shard_02_chunk_02_as_v1,G:\Project_V7_Rotation\alpha_pit_data_feature_workspace_20260531\runtime\phase3ba_company_focused_minute_expansion_20260612\shard_02_chunk_02_as_v1\phase3as_true_1min_sidecar_canary_eval_summary.json,G:\Project_V7_Rotation\alpha_pit_data_feature_workspace_20260531\runtime\phase3ba_company_focused_minute_expansion_20260612\shard_02_chunk_02_as_v1\phase3as_true_1min_sidecar_canary_eval_rows.csv,True,PHASE3AS_TRUE_1MIN_SIDECAR_CANARY_EVAL_COMPLETE,0,128,128,0,771422,340,2400,58563,18,12,True,3,1781290244.529676
shard_02,shard_02_chunk_03_as_v1,G:\Project_V7_Rotation\alpha_pit_data_feature_workspace_20260531\runtime\phase3ba_company_focused_minute_expansion_20260612\shard_02_chunk_03_as_v1,G:\Project_V7_Rotation\alpha_pit_data_feature_workspace_20260531\runtime\phase3ba_company_focused_minute_expansion_20260612\shard_02_chunk_03_as_v1\phase3as_true_1min_sidecar_canary_eval_summary.json,G:\Project_V7_Rotation\alpha_pit_data_feature_workspace_20260531\runtime\phase3ba_company_focused_minute_expansion_20260612\shard_02_chunk_03_as_v1\phase3as_true_1min_sidecar_canary_eval_rows.csv,True,PHASE3AS_TRUE_1MIN_SIDECAR_CANARY_EVAL_COMPLETE,0,128,128,0,771422,340,2400,58563,27,21,True,2,1781290245.980214
shard_02,shard_02_chunk_04_as_v1,G:\Project_V7_Rotation\alpha_pit_data_feature_workspace_20260531\runtime\phase3ba_company_focused_minute_expansion_20260612\shard_02_chunk_04_as_v1,G:\Project_V7_Rotation\alpha_pit_data_feature_workspace_20260531\runtime\phase3ba_company_focused_minute_expansion_20260612\shard_02_chunk_04_as_v1\phase3as_true_1min_sidecar_canary_eval_summary.json,G:\Project_V7_Rotation\alpha_pit_data_feature_workspace_20260531\runtime\phase3ba_company_focused_minute_expansion_20260612\shard_02_chunk_04_as_v1\phase3as_true_1min_sidecar_canary_eval_rows.csv,True,PHASE3AS_TRUE_1MIN_SIDECAR_CANARY_EVAL_COMPLETE,0,128,128,0,771422,340,2400,58563,27,22,True,2,1781290247.4459722
shard_02,shard_02_chunk_05_as_v1,G:\Project_V7_Rotation\alpha_pit_data_feature_workspace_20260531\runtime\phase3ba_company_focused_minute_expansion_20260612\shard_02_chunk_05_as_v1,G:\Project_V7_Rotation\alpha_pit_data_feature_workspace_20260531\runtime\phase3ba_company_focused_minute_expansion_20260612\shard_02_chunk_05_as_v1\phase3as_true_1min_sidecar_canary_eval_summary.json,G:\Project_V7_Rotation\alpha_pit_data_feature_workspace_20260531\runtime\phase3ba_company_focused_minute_expansion_20260612\shard_02_chunk_05_as_v1\phase3as_true_1min_sidecar_canary_eval_rows.csv,True,PHASE3AS_TRUE_1MIN_SIDECAR_CANARY_EVAL_COMPLETE,0,128,128,0,771422,340,2400,58563,22,16,True,2,1781290248.7498705
shard_03,shard_03_as_v1,G:\Project_V7_Rotation\alpha_pit_data_feature_workspace_20260531\runtime\phase3ba_company_focused_minute_expansion_20260612\shard_03_as_v1,G:\Project_V7_Rotation\alpha_pit_data_feature_workspace_20260531\runtime\phase3ba_company_focused_minute_expansion_20260612\shard_03_as_v1\phase3as_true_1min_sidecar_canary_eval_summary.json,G:\Project_V7_Rotation\alpha_pit_data_feature_workspace_20260531\runtime\phase3ba_company_focused_minute_expansion_20260612\shard_03_as_v1\phase3as_true_1min_sidecar_canary_eval_rows.csv,True,PHASE3BA_PARALLEL_V2_MERGED_TRUE1MIN_EVAL,0,768,768,0,770948,340,2400,58563,26,19,True,1,1781290250.4807765
shard_03,shard_03_chunk_00_as_v1,G:\Project_V7_Rotation\alpha_pit_data_feature_workspace_20260531\runtime\phase3ba_company_focused_minute_expansion_20260612\shard_03_chunk_00_as_v1,G:\Project_V7_Rotation\alpha_pit_data_feature_workspace_20260531\runtime\phase3ba_company_focused_minute_expansion_20260612\shard_03_chunk_00_as_v1\phase3as_true_1min_sidecar_canary_eval_summary.json,G:\Project_V7_Rotation\alpha_pit_data_feature_workspace_20260531\runtime\phase3ba_company_focused_minute_expansion_20260612\shard_03_chunk_00_as_v1\phase3as_true_1min_sidecar_canary_eval_rows.csv,True,PHASE3AS_TRUE_1MIN_SIDECAR_CANARY_EVAL_COMPLETE,0,128,128,0,770948,340,2400,58563,26,19,True,1,1781290251.8125036
shard_03,shard_03_chunk_01_as_v1,G:\Project_V7_Rotation\alpha_pit_data_feature_workspace_20260531\runtime\phase3ba_company_focused_minute_expansion_20260612\shard_03_chunk_01_as_v1,G:\Project_V7_Rotation\alpha_pit_data_feature_workspace_20260531\runtime\phase3ba_company_focused_minute_expansion_20260612\shard_03_chunk_01_as_v1\phase3as_true_1min_sidecar_canary_eval_summary.json,G:\Project_V7_Rotation\alpha_pit_data_feature_workspace_20260531\runtime\phase3ba_company_focused_minute_expansion_20260612\shard_03_chunk_01_as_v1\phase3as_true_1min_sidecar_canary_eval_rows.csv,True,PHASE3AS_TRUE_1MIN_SIDECAR_CANARY_EVAL_COMPLETE,0,128,128,0,770948,340,2400,58563,26,19,True,1,1781290253.1180966
shard_03,shard_03_chunk_02_as_v1,G:\Project_V7_Rotation\alpha_pit_data_feature_workspace_20260531\runtime\phase3ba_company_focused_minute_expansion_20260612\shard_03_chunk_02_as_v1,G:\Project_V7_Rotation\alpha_pit_data_feature_workspace_20260531\runtime\phase3ba_company_focused_minute_expansion_20260612\shard_03_chunk_02_as_v1\phase3as_true_1min_sidecar_canary_eval_summary.json,G:\Project_V7_Rotation\alpha_pit_data_feature_workspace_20260531\runtime\phase3ba_company_focused_minute_expansion_20260612\shard_03_chunk_02_as_v1\phase3as_true_1min_sidecar_canary_eval_rows.csv,True,PHASE3AS_TRUE_1MIN_SIDECAR_CANARY_EVAL_COMPLETE,0,128,128,0,770948,340,2400,58563,18,12,True,3,1781290254.512405
shard_03,shard_03_chunk_03_as_v1,G:\Project_V7_Rotation\alpha_pit_data_feature_workspace_20260531\runtime\phase3ba_company_focused_minute_expansion_20260612\shard_03_chunk_03_as_v1,G:\Project_V7_Rotation\alpha_pit_data_feature_workspace_20260531\runtime\phase3ba_company_focused_minute_expansion_20260612\shard_03_chunk_03_as_v1\phase3as_true_1min_sidecar_canary_eval_summary.json,G:\Project_V7_Rotation\alpha_pit_data_feature_workspace_20260531\runtime\phase3ba_company_focused_minute_expansion_20260612\shard_03_chunk_03_as_v1\phase3as_true_1min_sidecar_canary_eval_rows.csv,True,PHASE3AS_TRUE_1MIN_SIDECAR_CANARY_EVAL_COMPLETE,0,128,128,0,770948,340,2400,58563,27,21,True,2,1781290255.9752035
shard_03,shard_03_chunk_04_as_v1,G:\Project_V7_Rotation\alpha_pit_data_feature_workspace_20260531\runtime\phase3ba_company_focused_minute_expansion_20260612\shard_03_chunk_04_as_v1,G:\Project_V7_Rotation\alpha_pit_data_feature_workspace_20260531\runtime\phase3ba_company_focused_minute_expansion_20260612\shard_03_chunk_04_as_v1\phase3as_true_1min_sidecar_canary_eval_summary.json,G:\Project_V7_Rotation\alpha_pit_data_feature_workspace_20260531\runtime\phase3ba_company_focused_minute_expansion_20260612\shard_03_chunk_04_as_v1\phase3as_true_1min_sidecar_canary_eval_rows.csv,True,PHASE3AS_TRUE_1MIN_SIDECAR_CANARY_EVAL_COMPLETE,0,128,128,0,770948,340,2400,58563,27,22,True,2,1781290257.4578183
shard_03,shard_03_chunk_05_as_v1,G:\Project_V7_Rotation\alpha_pit_data_feature_workspace_20260531\runtime\phase3ba_company_focused_minute_expansion_20260612\shard_03_chunk_05_as_v1,G:\Project_V7_Rotation\alpha_pit_data_feature_workspace_20260531\runtime\phase3ba_company_focused_minute_expansion_20260612\shard_03_chunk_05_as_v1\phase3as_true_1min_sidecar_canary_eval_summary.json,G:\Project_V7_Rotation\alpha_pit_data_feature_workspace_20260531\runtime\phase3ba_company_focused_minute_expansion_20260612\shard_03_chunk_05_as_v1\phase3as_true_1min_sidecar_canary_eval_rows.csv,True,PHASE3AS_TRUE_1MIN_SIDECAR_CANARY_EVAL_COMPLETE,0,128,128,0,770948,340,2400,58563,22,16,True,2,1781290258.812857
shard_04,shard_04_as_v1,G:\Project_V7_Rotation\alpha_pit_data_feature_workspace_20260531\runtime\phase3ba_company_focused_minute_expansion_20260612\shard_04_as_v1,G:\Project_V7_Rotation\alpha_pit_data_feature_workspace_20260531\runtime\phase3ba_company_focused_minute_expansion_20260612\shard_04_as_v1\phase3as_true_1min_sidecar_canary_eval_summary.json,G:\Project_V7_Rotation\alpha_pit_data_feature_workspace_20260531\runtime\phase3ba_company_focused_minute_expansion_20260612\shard_04_as_v1\phase3as_true_1min_sidecar_canary_eval_rows.csv,True,PHASE3BA_PARALLEL_V2_MERGED_TRUE1MIN_EVAL,0,768,768,0,768669,340,2400,58563,26,19,True,1,1781290260.5962968
shard_04,shard_04_chunk_00_as_v1,G:\Project_V7_Rotation\alpha_pit_data_feature_workspace_20260531\runtime\phase3ba_company_focused_minute_expansion_20260612\shard_04_chunk_00_as_v1,G:\Project_V7_Rotation\alpha_pit_data_feature_workspace_20260531\runtime\phase3ba_company_focused_minute_expansion_20260612\shard_04_chunk_00_as_v1\phase3as_true_1min_sidecar_canary_eval_summary.json,G:\Project_V7_Rotation\alpha_pit_data_feature_workspace_20260531\runtime\phase3ba_company_focused_minute_expansion_20260612\shard_04_chunk_00_as_v1\phase3as_true_1min_sidecar_canary_eval_rows.csv,True,PHASE3AS_TRUE_1MIN_SIDECAR_CANARY_EVAL_COMPLETE,0,128,128,0,768669,340,2400,58563,26,19,True,1,1781290261.9627175
shard_04,shard_04_chunk_01_as_v1,G:\Project_V7_Rotation\alpha_pit_data_feature_workspace_20260531\runtime\phase3ba_company_focused_minute_expansion_20260612\shard_04_chunk_01_as_v1,G:\Project_V7_Rotation\alpha_pit_data_feature_workspace_20260531\runtime\phase3ba_company_focused_minute_expansion_20260612\shard_04_chunk_01_as_v1\phase3as_true_1min_sidecar_canary_eval_summary.json,G:\Project_V7_Rotation\alpha_pit_data_feature_workspace_20260531\runtime\phase3ba_company_focused_minute_expansion_20260612\shard_04_chunk_01_as_v1\phase3as_true_1min_sidecar_canary_eval_rows.csv,True,PHASE3AS_TRUE_1MIN_SIDECAR_CANARY_EVAL_COMPLETE,0,128,128,0,768669,340,2400,58563,26,19,True,1,1781290263.395838
shard_04,shard_04_chunk_02_as_v1,G:\Project_V7_Rotation\alpha_pit_data_feature_workspace_20260531\runtime\phase3ba_company_focused_minute_expansion_20260612\shard_04_chunk_02_as_v1,G:\Project_V7_Rotation\alpha_pit_data_feature_workspace_20260531\runtime\phase3ba_company_focused_minute_expansion_20260612\shard_04_chunk_02_as_v1\phase3as_true_1min_sidecar_canary_eval_summary.json,G:\Project_V7_Rotation\alpha_pit_data_feature_workspace_20260531\runtime\phase3ba_company_focused_minute_expansion_20260612\shard_04_chunk_02_as_v1\phase3as_true_1min_sidecar_canary_eval_rows.csv,True,PHASE3AS_TRUE_1MIN_SIDECAR_CANARY_EVAL_COMPLETE,0,128,128,0,768669,340,2400,58563,18,12,True,3,1781290264.7469015
shard_04,shard_04_chunk_03_as_v1,G:\Project_V7_Rotation\alpha_pit_data_feature_workspace_20260531\runtime\phase3ba_company_focused_minute_expansion_20260612\shard_04_chunk_03_as_v1,G:\Project_V7_Rotation\alpha_pit_data_feature_workspace_20260531\runtime\phase3ba_company_focused_minute_expansion_20260612\shard_04_chunk_03_as_v1\phase3as_true_1min_sidecar_canary_eval_summary.json,G:\Project_V7_Rotation\alpha_pit_data_feature_workspace_20260531\runtime\phase3ba_company_focused_minute_expansion_20260612\shard_04_chunk_03_as_v1\phase3as_true_1min_sidecar_canary_eval_rows.csv,True,PHASE3AS_TRUE_1MIN_SIDECAR_CANARY_EVAL_COMPLETE,0,128,128,0,768669,340,2400,58563,27,21,True,2,1781290266.159025
shard_04,shard_04_chunk_04_as_v1,G:\Project_V7_Rotation\alpha_pit_data_feature_workspace_20260531\runtime\phase3ba_company_focused_minute_expansion_20260612\shard_04_chunk_04_as_v1,G:\Project_V7_Rotation\alpha_pit_data_feature_workspace_20260531\runtime\phase3ba_company_focused_minute_expansion_20260612\shard_04_chunk_04_as_v1\phase3as_true_1min_sidecar_canary_eval_summary.json,G:\Project_V7_Rotation\alpha_pit_data_feature_workspace_20260531\runtime\phase3ba_company_focused_minute_expansion_20260612\shard_04_chunk_04_as_v1\phase3as_true_1min_sidecar_canary_eval_rows.csv,True,PHASE3AS_TRUE_1MIN_SIDECAR_CANARY_EVAL_COMPLETE,0,128,128,0,768669,340,2400,58563,27,22,True,2,1781290267.647427
shard_04,shard_04_chunk_05_as_v1,G:\Project_V7_Rotation\alpha_pit_data_feature_workspace_20260531\runtime\phase3ba_company_focused_minute_expansion_20260612\shard_04_chunk_05_as_v1,G:\Project_V7_Rotation\alpha_pit_data_feature_workspace_20260531\runtime\phase3ba_company_focused_minute_expansion_20260612\shard_04_chunk_05_as_v1\phase3as_true_1min_sidecar_canary_eval_summary.json,G:\Project_V7_Rotation\alpha_pit_data_feature_workspace_20260531\runtime\phase3ba_company_focused_minute_expansion_20260612\shard_04_chunk_05_as_v1\phase3as_true_1min_sidecar_canary_eval_rows.csv,True,PHASE3AS_TRUE_1MIN_SIDECAR_CANARY_EVAL_COMPLETE,0,128,128,0,768669,340,2400,58563,22,16,True,2,1781290268.982968
shard_05,shard_05_as_v1,G:\Project_V7_Rotation\alpha_pit_data_feature_workspace_20260531\runtime\phase3ba_company_focused_minute_expansion_20260612\shard_05_as_v1,G:\Project_V7_Rotation\alpha_pit_data_feature_workspace_20260531\runtime\phase3ba_company_focused_minute_expansion_20260612\shard_05_as_v1\phase3as_true_1min_sidecar_canary_eval_summary.json,G:\Project_V7_Rotation\alpha_pit_data_feature_workspace_20260531\runtime\phase3ba_company_focused_minute_expansion_20260612\shard_05_as_v1\phase3as_true_1min_sidecar_canary_eval_rows.csv,True,PHASE3BA_PARALLEL_V2_MERGED_TRUE1MIN_EVAL,0,768,768,0,777615,340,2400,58563,26,19,True,1,1781290270.7145767
shard_05,shard_05_chunk_00_as_v1,G:\Project_V7_Rotation\alpha_pit_data_feature_workspace_20260531\runtime\phase3ba_company_focused_minute_expansion_20260612\shard_05_chunk_00_as_v1,G:\Project_V7_Rotation\alpha_pit_data_feature_workspace_20260531\runtime\phase3ba_company_focused_minute_expansion_20260612\shard_05_chunk_00_as_v1\phase3as_true_1min_sidecar_canary_eval_summary.json,G:\Project_V7_Rotation\alpha_pit_data_feature_workspace_20260531\runtime\phase3ba_company_focused_minute_expansion_20260612\shard_05_chunk_00_as_v1\phase3as_true_1min_sidecar_canary_eval_rows.csv,True,PHASE3AS_TRUE_1MIN_SIDECAR_CANARY_EVAL_COMPLETE,0,128,128,0,777615,340,2400,58563,26,19,True,1,1781290272.1460886
shard_05,shard_05_chunk_01_as_v1,G:\Project_V7_Rotation\alpha_pit_data_feature_workspace_20260531\runtime\phase3ba_company_focused_minute_expansion_20260612\shard_05_chunk_01_as_v1,G:\Project_V7_Rotation\alpha_pit_data_feature_workspace_20260531\runtime\phase3ba_company_focused_minute_expansion_20260612\shard_05_chunk_01_as_v1\phase3as_true_1min_sidecar_canary_eval_summary.json,G:\Project_V7_Rotation\alpha_pit_data_feature_workspace_20260531\runtime\phase3ba_company_focused_minute_expansion_20260612\shard_05_chunk_01_as_v1\phase3as_true_1min_sidecar_canary_eval_rows.csv,True,PHASE3AS_TRUE_1MIN_SIDECAR_CANARY_EVAL_COMPLETE,0,128,128,0,777615,340,2400,58563,26,19,True,1,1781290273.5627725
shard_05,shard_05_chunk_02_as_v1,G:\Project_V7_Rotation\alpha_pit_data_feature_workspace_20260531\runtime\phase3ba_company_focused_minute_expansion_20260612\shard_05_chunk_02_as_v1,G:\Project_V7_Rotation\alpha_pit_data_feature_workspace_20260531\runtime\phase3ba_company_focused_minute_expansion_20260612\shard_05_chunk_02_as_v1\phase3as_true_1min_sidecar_canary_eval_summary.json,G:\Project_V7_Rotation\alpha_pit_data_feature_workspace_20260531\runtime\phase3ba_company_focused_minute_expansion_20260612\shard_05_chunk_02_as_v1\phase3as_true_1min_sidecar_canary_eval_rows.csv,True,PHASE3AS_TRUE_1MIN_SIDECAR_CANARY_EVAL_COMPLETE,0,128,128,0,777615,340,2400,58563,18,12,True,3,1781290274.912524
shard_05,shard_05_chunk_03_as_v1,G:\Project_V7_Rotation\alpha_pit_data_feature_workspace_20260531\runtime\phase3ba_company_focused_minute_expansion_20260612\shard_05_chunk_03_as_v1,G:\Project_V7_Rotation\alpha_pit_data_feature_workspace_20260531\runtime\phase3ba_company_focused_minute_expansion_20260612\shard_05_chunk_03_as_v1\phase3as_true_1min_sidecar_canary_eval_summary.json,G:\Project_V7_Rotation\alpha_pit_data_feature_workspace_20260531\runtime\phase3ba_company_focused_minute_expansion_20260612\shard_05_chunk_03_as_v1\phase3as_true_1min_sidecar_canary_eval_rows.csv,True,PHASE3AS_TRUE_1MIN_SIDECAR_CANARY_EVAL_COMPLETE,0,128,128,0,777615,340,2400,58563,27,21,True,2,1781290276.261535
shard_05,shard_05_chunk_04_as_v1,G:\Project_V7_Rotation\alpha_pit_data_feature_workspace_20260531\runtime\phase3ba_company_focused_minute_expansion_20260612\shard_05_chunk_04_as_v1,G:\Project_V7_Rotation\alpha_pit_data_feature_workspace_20260531\runtime\phase3ba_company_focused_minute_expansion_20260612\shard_05_chunk_04_as_v1\phase3as_true_1min_sidecar_canary_eval_summary.json,G:\Project_V7_Rotation\alpha_pit_data_feature_workspace_20260531\runtime\phase3ba_company_focused_minute_expansion_20260612\shard_05_chunk_04_as_v1\phase3as_true_1min_sidecar_canary_eval_rows.csv,True,PHASE3AS_TRUE_1MIN_SIDECAR_CANARY_EVAL_COMPLETE,0,128,128,0,777615,340,2400,58563,27,22,True,2,1781290277.662606
shard_05,shard_05_chunk_05_as_v1,G:\Project_V7_Rotation\alpha_pit_data_feature_workspace_20260531\runtime\phase3ba_company_focused_minute_expansion_20260612\shard_05_chunk_05_as_v1,G:\Project_V7_Rotation\alpha_pit_data_feature_workspace_20260531\runtime\phase3ba_company_focused_minute_expansion_20260612\shard_05_chunk_05_as_v1\phase3as_true_1min_sidecar_canary_eval_summary.json,G:\Project_V7_Rotation\alpha_pit_data_feature_workspace_20260531\runtime\phase3ba_company_focused_minute_expansion_20260612\shard_05_chunk_05_as_v1\phase3as_true_1min_sidecar_canary_eval_rows.csv,True,PHASE3AS_TRUE_1MIN_SIDECAR_CANARY_EVAL_COMPLETE,0,128,128,0,777615,340,2400,58563,22,16,True,2,1781290279.0380783
shard_06,shard_06_as_v1,G:\Project_V7_Rotation\alpha_pit_data_feature_workspace_20260531\runtime\phase3ba_company_focused_minute_expansion_20260612\shard_06_as_v1,G:\Project_V7_Rotation\alpha_pit_data_feature_workspace_20260531\runtime\phase3ba_company_focused_minute_expansion_20260612\shard_06_as_v1\phase3as_true_1min_sidecar_canary_eval_summary.json,G:\Project_V7_Rotation\alpha_pit_data_feature_workspace_20260531\runtime\phase3ba_company_focused_minute_expansion_20260612\shard_06_as_v1\phase3as_true_1min_sidecar_canary_eval_rows.csv,True,PHASE3BA_PARALLEL_V2_MERGED_TRUE1MIN_EVAL,0,768,768,0,774707,340,2400,58563,26,19,True,1,1781290280.802848
shard_06,shard_06_chunk_00_as_v1,G:\Project_V7_Rotation\alpha_pit_data_feature_workspace_20260531\runtime\phase3ba_company_focused_minute_expansion_20260612\shard_06_chunk_00_as_v1,G:\Project_V7_Rotation\alpha_pit_data_feature_workspace_20260531\runtime\phase3ba_company_focused_minute_expansion_20260612\shard_06_chunk_00_as_v1\phase3as_true_1min_sidecar_canary_eval_summary.json,G:\Project_V7_Rotation\alpha_pit_data_feature_workspace_20260531\runtime\phase3ba_company_focused_minute_expansion_20260612\shard_06_chunk_00_as_v1\phase3as_true_1min_sidecar_canary_eval_rows.csv,True,PHASE3AS_TRUE_1MIN_SIDECAR_CANARY_EVAL_COMPLETE,0,128,128,0,774707,340,2400,58563,26,19,True,1,1781290282.1684992
shard_06,shard_06_chunk_01_as_v1,G:\Project_V7_Rotation\alpha_pit_data_feature_workspace_20260531\runtime\phase3ba_company_focused_minute_expansion_20260612\shard_06_chunk_01_as_v1,G:\Project_V7_Rotation\alpha_pit_data_feature_workspace_20260531\runtime\phase3ba_company_focused_minute_expansion_20260612\shard_06_chunk_01_as_v1\phase3as_true_1min_sidecar_canary_eval_summary.json,G:\Project_V7_Rotation\alpha_pit_data_feature_workspace_20260531\runtime\phase3ba_company_focused_minute_expansion_20260612\shard_06_chunk_01_as_v1\phase3as_true_1min_sidecar_canary_eval_rows.csv,True,PHASE3AS_TRUE_1MIN_SIDECAR_CANARY_EVAL_COMPLETE,0,128,128,0,774707,340,2400,58563,26,19,True,1,1781290283.530506
shard_06,shard_06_chunk_02_as_v1,G:\Project_V7_Rotation\alpha_pit_data_feature_workspace_20260531\runtime\phase3ba_company_focused_minute_expansion_20260612\shard_06_chunk_02_as_v1,G:\Project_V7_Rotation\alpha_pit_data_feature_workspace_20260531\runtime\phase3ba_company_focused_minute_expansion_20260612\shard_06_chunk_02_as_v1\phase3as_true_1min_sidecar_canary_eval_summary.json,G:\Project_V7_Rotation\alpha_pit_data_feature_workspace_20260531\runtime\phase3ba_company_focused_minute_expansion_20260612\shard_06_chunk_02_as_v1\phase3as_true_1min_sidecar_canary_eval_rows.csv,True,PHASE3AS_TRUE_1MIN_SIDECAR_CANARY_EVAL_COMPLETE,0,128,128,0,774707,340,2400,58563,18,12,True,3,1781290284.9463882
shard_06,shard_06_chunk_03_as_v1,G:\Project_V7_Rotation\alpha_pit_data_feature_workspace_20260531\runtime\phase3ba_company_focused_minute_expansion_20260612\shard_06_chunk_03_as_v1,G:\Project_V7_Rotation\alpha_pit_data_feature_workspace_20260531\runtime\phase3ba_company_focused_minute_expansion_20260612\shard_06_chunk_03_as_v1\phase3as_true_1min_sidecar_canary_eval_summary.json,G:\Project_V7_Rotation\alpha_pit_data_feature_workspace_20260531\runtime\phase3ba_company_focused_minute_expansion_20260612\shard_06_chunk_03_as_v1\phase3as_true_1min_sidecar_canary_eval_rows.csv,True,PHASE3AS_TRUE_1MIN_SIDECAR_CANARY_EVAL_COMPLETE,0,128,128,0,774707,340,2400,58563,27,21,True,2,1781290286.2720118
shard_06,shard_06_chunk_04_as_v1,G:\Project_V7_Rotation\alpha_pit_data_feature_workspace_20260531\runtime\phase3ba_company_focused_minute_expansion_20260612\shard_06_chunk_04_as_v1,G:\Project_V7_Rotation\alpha_pit_data_feature_workspace_20260531\runtime\phase3ba_company_focused_minute_expansion_20260612\shard_06_chunk_04_as_v1\phase3as_true_1min_sidecar_canary_eval_summary.json,G:\Project_V7_Rotation\alpha_pit_data_feature_workspace_20260531\runtime\phase3ba_company_focused_minute_expansion_20260612\shard_06_chunk_04_as_v1\phase3as_true_1min_sidecar_canary_eval_rows.csv,True,PHASE3AS_TRUE_1MIN_SIDECAR_CANARY_EVAL_COMPLETE,0,128,128,0,774707,340,2400,58563,27,22,True,2,1781290287.7983868
shard_06,shard_06_chunk_05_as_v1,G:\Project_V7_Rotation\alpha_pit_data_feature_workspace_20260531\runtime\phase3ba_company_focused_minute_expansion_20260612\shard_06_chunk_05_as_v1,G:\Project_V7_Rotation\alpha_pit_data_feature_workspace_20260531\runtime\phase3ba_company_focused_minute_expansion_20260612\shard_06_chunk_05_as_v1\phase3as_true_1min_sidecar_canary_eval_summary.json,G:\Project_V7_Rotation\alpha_pit_data_feature_workspace_20260531\runtime\phase3ba_company_focused_minute_expansion_20260612\shard_06_chunk_05_as_v1\phase3as_true_1min_sidecar_canary_eval_rows.csv,True,PHASE3AS_TRUE_1MIN_SIDECAR_CANARY_EVAL_COMPLETE,0,128,128,0,774707,340,2400,58563,22,16,True,2,1781290289.2464395
shard_07,shard_07_as_v1,G:\Project_V7_Rotation\alpha_pit_data_feature_workspace_20260531\runtime\phase3ba_company_focused_minute_expansion_20260612\shard_07_as_v1,G:\Project_V7_Rotation\alpha_pit_data_feature_workspace_20260531\runtime\phase3ba_company_focused_minute_expansion_20260612\shard_07_as_v1\phase3as_true_1min_sidecar_canary_eval_summary.json,G:\Project_V7_Rotation\alpha_pit_data_feature_workspace_20260531\runtime\phase3ba_company_focused_minute_expansion_20260612\shard_07_as_v1\phase3as_true_1min_sidecar_canary_eval_rows.csv,True,PHASE3BA_PARALLEL_V2_MERGED_TRUE1MIN_EVAL,0,768,768,0,780609,340,2400,58563,26,19,True,1,1781290290.9630847
shard_07,shard_07_chunk_00_as_v1,G:\Project_V7_Rotation\alpha_pit_data_feature_workspace_20260531\runtime\phase3ba_company_focused_minute_expansion_20260612\shard_07_chunk_00_as_v1,G:\Project_V7_Rotation\alpha_pit_data_feature_workspace_20260531\runtime\phase3ba_company_focused_minute_expansion_20260612\shard_07_chunk_00_as_v1\phase3as_true_1min_sidecar_canary_eval_summary.json,G:\Project_V7_Rotation\alpha_pit_data_feature_workspace_20260531\runtime\phase3ba_company_focused_minute_expansion_20260612\shard_07_chunk_00_as_v1\phase3as_true_1min_sidecar_canary_eval_rows.csv,True,PHASE3AS_TRUE_1MIN_SIDECAR_CANARY_EVAL_COMPLETE,0,128,128,0,780609,340,2400,58563,26,19,True,1,1781290292.3742924
shard_07,shard_07_chunk_01_as_v1,G:\Project_V7_Rotation\alpha_pit_data_feature_workspace_20260531\runtime\phase3ba_company_focused_minute_expansion_20260612\shard_07_chunk_01_as_v1,G:\Project_V7_Rotation\alpha_pit_data_feature_workspace_20260531\runtime\phase3ba_company_focused_minute_expansion_20260612\shard_07_chunk_01_as_v1\phase3as_true_1min_sidecar_canary_eval_summary.json,G:\Project_V7_Rotation\alpha_pit_data_feature_workspace_20260531\runtime\phase3ba_company_focused_minute_expansion_20260612\shard_07_chunk_01_as_v1\phase3as_true_1min_sidecar_canary_eval_rows.csv,True,PHASE3AS_TRUE_1MIN_SIDECAR_CANARY_EVAL_COMPLETE,0,128,128,0,780609,340,2400,58563,26,19,True,1,1781290293.7690625
shard_07,shard_07_chunk_02_as_v1,G:\Project_V7_Rotation\alpha_pit_data_feature_workspace_20260531\runtime\phase3ba_company_focused_minute_expansion_20260612\shard_07_chunk_02_as_v1,G:\Project_V7_Rotation\alpha_pit_data_feature_workspace_20260531\runtime\phase3ba_company_focused_minute_expansion_20260612\shard_07_chunk_02_as_v1\phase3as_true_1min_sidecar_canary_eval_summary.json,G:\Project_V7_Rotation\alpha_pit_data_feature_workspace_20260531\runtime\phase3ba_company_focused_minute_expansion_20260612\shard_07_chunk_02_as_v1\phase3as_true_1min_sidecar_canary_eval_rows.csv,True,PHASE3AS_TRUE_1MIN_SIDECAR_CANARY_EVAL_COMPLETE,0,128,128,0,780609,340,2400,58563,18,12,True,3,1781290295.161223
shard_07,shard_07_chunk_03_as_v1,G:\Project_V7_Rotation\alpha_pit_data_feature_workspace_20260531\runtime\phase3ba_company_focused_minute_expansion_20260612\shard_07_chunk_03_as_v1,G:\Project_V7_Rotation\alpha_pit_data_feature_workspace_20260531\runtime\phase3ba_company_focused_minute_expansion_20260612\shard_07_chunk_03_as_v1\phase3as_true_1min_sidecar_canary_eval_summary.json,G:\Project_V7_Rotation\alpha_pit_data_feature_workspace_20260531\runtime\phase3ba_company_focused_minute_expansion_20260612\shard_07_chunk_03_as_v1\phase3as_true_1min_sidecar_canary_eval_rows.csv,True,PHASE3AS_TRUE_1MIN_SIDECAR_CANARY_EVAL_COMPLETE,0,128,128,0,780609,340,2400,58563,27,21,True,2,1781290296.6128733
shard_07,shard_07_chunk_04_as_v1,G:\Project_V7_Rotation\alpha_pit_data_feature_workspace_20260531\runtime\phase3ba_company_focused_minute_expansion_20260612\shard_07_chunk_04_as_v1,G:\Project_V7_Rotation\alpha_pit_data_feature_workspace_20260531\runtime\phase3ba_company_focused_minute_expansion_20260612\shard_07_chunk_04_as_v1\phase3as_true_1min_sidecar_canary_eval_summary.json,G:\Project_V7_Rotation\alpha_pit_data_feature_workspace_20260531\runtime\phase3ba_company_focused_minute_expansion_20260612\shard_07_chunk_04_as_v1\phase3as_true_1min_sidecar_canary_eval_rows.csv,True,PHASE3AS_TRUE_1MIN_SIDECAR_CANARY_EVAL_COMPLETE,0,128,128,0,780609,340,2400,58563,27,22,True,2,1781290297.9292448
shard_07,shard_07_chunk_05_as_v1,G:\Project_V7_Rotation\alpha_pit_data_feature_workspace_20260531\runtime\phase3ba_company_focused_minute_expansion_20260612\shard_07_chunk_05_as_v1,G:\Project_V7_Rotation\alpha_pit_data_feature_workspace_20260531\runtime\phase3ba_company_focused_minute_expansion_20260612\shard_07_chunk_05_as_v1\phase3as_true_1min_sidecar_canary_eval_summary.json,G:\Project_V7_Rotation\alpha_pit_data_feature_workspace_20260531\runtime\phase3ba_company_focused_minute_expansion_20260612\shard_07_chunk_05_as_v1\phase3as_true_1min_sidecar_canary_eval_rows.csv,True,PHASE3AS_TRUE_1MIN_SIDECAR_CANARY_EVAL_COMPLETE,0,128,128,0,780609,340,2400,58563,22,16,True,2,1781290299.2649026
shard_08,shard_08_as_v1,G:\Project_V7_Rotation\alpha_pit_data_feature_workspace_20260531\runtime\phase3ba_company_focused_minute_expansion_20260612\shard_08_as_v1,G:\Project_V7_Rotation\alpha_pit_data_feature_workspace_20260531\runtime\phase3ba_company_focused_minute_expansion_20260612\shard_08_as_v1\phase3as_true_1min_sidecar_canary_eval_summary.json,G:\Project_V7_Rotation\alpha_pit_data_feature_workspace_20260531\runtime\phase3ba_company_focused_minute_expansion_20260612\shard_08_as_v1\phase3as_true_1min_sidecar_canary_eval_rows.csv,True,PHASE3BA_PARALLEL_V2_MERGED_TRUE1MIN_EVAL,0,768,768,0,776402,340,2400,58563,26,19,True,1,1781290300.9908495
shard_08,shard_08_chunk_00_as_v1,G:\Project_V7_Rotation\alpha_pit_data_feature_workspace_20260531\runtime\phase3ba_company_focused_minute_expansion_20260612\shard_08_chunk_00_as_v1,G:\Project_V7_Rotation\alpha_pit_data_feature_workspace_20260531\runtime\phase3ba_company_focused_minute_expansion_20260612\shard_08_chunk_00_as_v1\phase3as_true_1min_sidecar_canary_eval_summary.json,G:\Project_V7_Rotation\alpha_pit_data_feature_workspace_20260531\runtime\phase3ba_company_focused_minute_expansion_20260612\shard_08_chunk_00_as_v1\phase3as_true_1min_sidecar_canary_eval_rows.csv,True,PHASE3AS_TRUE_1MIN_SIDECAR_CANARY_EVAL_COMPLETE,0,128,128,0,776402,340,2400,58563,26,19,True,1,1781290302.3672576
shard_08,shard_08_chunk_01_as_v1,G:\Project_V7_Rotation\alpha_pit_data_feature_workspace_20260531\runtime\phase3ba_company_focused_minute_expansion_20260612\shard_08_chunk_01_as_v1,G:\Project_V7_Rotation\alpha_pit_data_feature_workspace_20260531\runtime\phase3ba_company_focused_minute_expansion_20260612\shard_08_chunk_01_as_v1\phase3as_true_1min_sidecar_canary_eval_summary.json,G:\Project_V7_Rotation\alpha_pit_data_feature_workspace_20260531\runtime\phase3ba_company_focused_minute_expansion_20260612\shard_08_chunk_01_as_v1\phase3as_true_1min_sidecar_canary_eval_rows.csv,True,PHASE3AS_TRUE_1MIN_SIDECAR_CANARY_EVAL_COMPLETE,0,128,128,0,776402,340,2400,58563,26,19,True,1,1781290303.7262857
shard_08,shard_08_chunk_02_as_v1,G:\Project_V7_Rotation\alpha_pit_data_feature_workspace_20260531\runtime\phase3ba_company_focused_minute_expansion_20260612\shard_08_chunk_02_as_v1,G:\Project_V7_Rotation\alpha_pit_data_feature_workspace_20260531\runtime\phase3ba_company_focused_minute_expansion_20260612\shard_08_chunk_02_as_v1\phase3as_true_1min_sidecar_canary_eval_summary.json,G:\Project_V7_Rotation\alpha_pit_data_feature_workspace_20260531\runtime\phase3ba_company_focused_minute_expansion_20260612\shard_08_chunk_02_as_v1\phase3as_true_1min_sidecar_canary_eval_rows.csv,True,PHASE3AS_TRUE_1MIN_SIDECAR_CANARY_EVAL_COMPLETE,0,128,128,0,776402,340,2400,58563,18,12,True,3,1781290305.0467253
shard_08,shard_08_chunk_03_as_v1,G:\Project_V7_Rotation\alpha_pit_data_feature_workspace_20260531\runtime\phase3ba_company_focused_minute_expansion_20260612\shard_08_chunk_03_as_v1,G:\Project_V7_Rotation\alpha_pit_data_feature_workspace_20260531\runtime\phase3ba_company_focused_minute_expansion_20260612\shard_08_chunk_03_as_v1\phase3as_true_1min_sidecar_canary_eval_summary.json,G:\Project_V7_Rotation\alpha_pit_data_feature_workspace_20260531\runtime\phase3ba_company_focused_minute_expansion_20260612\shard_08_chunk_03_as_v1\phase3as_true_1min_sidecar_canary_eval_rows.csv,True,PHASE3AS_TRUE_1MIN_SIDECAR_CANARY_EVAL_COMPLETE,0,128,128,0,776402,340,2400,58563,27,21,True,2,1781290306.4123309
shard_08,shard_08_chunk_04_as_v1,G:\Project_V7_Rotation\alpha_pit_data_feature_workspace_20260531\runtime\phase3ba_company_focused_minute_expansion_20260612\shard_08_chunk_04_as_v1,G:\Project_V7_Rotation\alpha_pit_data_feature_workspace_20260531\runtime\phase3ba_company_focused_minute_expansion_20260612\shard_08_chunk_04_as_v1\phase3as_true_1min_sidecar_canary_eval_summary.json,G:\Project_V7_Rotation\alpha_pit_data_feature_workspace_20260531\runtime\phase3ba_company_focused_minute_expansion_20260612\shard_08_chunk_04_as_v1\phase3as_true_1min_sidecar_canary_eval_rows.csv,True,PHASE3AS_TRUE_1MIN_SIDECAR_CANARY_EVAL_COMPLETE,0,128,128,0,776402,340,2400,58563,27,22,True,2,1781290307.884814
shard_08,shard_08_chunk_05_as_v1,G:\Project_V7_Rotation\alpha_pit_data_feature_workspace_20260531\runtime\phase3ba_company_focused_minute_expansion_20260612\shard_08_chunk_05_as_v1,G:\Project_V7_Rotation\alpha_pit_data_feature_workspace_20260531\runtime\phase3ba_company_focused_minute_expansion_20260612\shard_08_chunk_05_as_v1\phase3as_true_1min_sidecar_canary_eval_summary.json,G:\Project_V7_Rotation\alpha_pit_data_feature_workspace_20260531\runtime\phase3ba_company_focused_minute_expansion_20260612\shard_08_chunk_05_as_v1\phase3as_true_1min_sidecar_canary_eval_rows.csv,True,PHASE3AS_TRUE_1MIN_SIDECAR_CANARY_EVAL_COMPLETE,0,128,128,0,776402,340,2400,58563,22,16,True,2,1781290309.2546234
shard_09,shard_09_as_v1,G:\Project_V7_Rotation\alpha_pit_data_feature_workspace_20260531\runtime\phase3ba_company_focused_minute_expansion_20260612\shard_09_as_v1,G:\Project_V7_Rotation\alpha_pit_data_feature_workspace_20260531\runtime\phase3ba_company_focused_minute_expansion_20260612\shard_09_as_v1\phase3as_true_1min_sidecar_canary_eval_summary.json,G:\Project_V7_Rotation\alpha_pit_data_feature_workspace_20260531\runtime\phase3ba_company_focused_minute_expansion_20260612\shard_09_as_v1\phase3as_true_1min_sidecar_canary_eval_rows.csv,True,PHASE3BA_PARALLEL_V2_MERGED_TRUE1MIN_EVAL,0,768,768,0,774197,340,2400,58563,26,19,True,1,1781290311.1391
shard_09,shard_09_chunk_00_as_v1,G:\Project_V7_Rotation\alpha_pit_data_feature_workspace_20260531\runtime\phase3ba_company_focused_minute_expansion_20260612\shard_09_chunk_00_as_v1,G:\Project_V7_Rotation\alpha_pit_data_feature_workspace_20260531\runtime\phase3ba_company_focused_minute_expansion_20260612\shard_09_chunk_00_as_v1\phase3as_true_1min_sidecar_canary_eval_summary.json,G:\Project_V7_Rotation\alpha_pit_data_feature_workspace_20260531\runtime\phase3ba_company_focused_minute_expansion_20260612\shard_09_chunk_00_as_v1\phase3as_true_1min_sidecar_canary_eval_rows.csv,True,PHASE3AS_TRUE_1MIN_SIDECAR_CANARY_EVAL_COMPLETE,0,128,128,0,774197,340,2400,58563,26,19,True,1,1781290312.5366523
shard_09,shard_09_chunk_01_as_v1,G:\Project_V7_Rotation\alpha_pit_data_feature_workspace_20260531\runtime\phase3ba_company_focused_minute_expansion_20260612\shard_09_chunk_01_as_v1,G:\Project_V7_Rotation\alpha_pit_data_feature_workspace_20260531\runtime\phase3ba_company_focused_minute_expansion_20260612\shard_09_chunk_01_as_v1\phase3as_true_1min_sidecar_canary_eval_summary.json,G:\Project_V7_Rotation\alpha_pit_data_feature_workspace_20260531\runtime\phase3ba_company_focused_minute_expansion_20260612\shard_09_chunk_01_as_v1\phase3as_true_1min_sidecar_canary_eval_rows.csv,True,PHASE3AS_TRUE_1MIN_SIDECAR_CANARY_EVAL_COMPLETE,0,128,128,0,774197,340,2400,58563,26,19,True,1,1781290313.7908537
shard_09,shard_09_chunk_02_as_v1,G:\Project_V7_Rotation\alpha_pit_data_feature_workspace_20260531\runtime\phase3ba_company_focused_minute_expansion_20260612\shard_09_chunk_02_as_v1,G:\Project_V7_Rotation\alpha_pit_data_feature_workspace_20260531\runtime\phase3ba_company_focused_minute_expansion_20260612\shard_09_chunk_02_as_v1\phase3as_true_1min_sidecar_canary_eval_summary.json,G:\Project_V7_Rotation\alpha_pit_data_feature_workspace_20260531\runtime\phase3ba_company_focused_minute_expansion_20260612\shard_09_chunk_02_as_v1\phase3as_true_1min_sidecar_canary_eval_rows.csv,True,PHASE3AS_TRUE_1MIN_SIDECAR_CANARY_EVAL_COMPLETE,0,128,128,0,774197,340,2400,58563,18,12,True,3,1781290315.2500024
shard_09,shard_09_chunk_03_as_v1,G:\Project_V7_Rotation\alpha_pit_data_feature_workspace_20260531\runtime\phase3ba_company_focused_minute_expansion_20260612\shard_09_chunk_03_as_v1,G:\Project_V7_Rotation\alpha_pit_data_feature_workspace_20260531\runtime\phase3ba_company_focused_minute_expansion_20260612\shard_09_chunk_03_as_v1\phase3as_true_1min_sidecar_canary_eval_summary.json,G:\Project_V7_Rotation\alpha_pit_data_feature_workspace_20260531\runtime\phase3ba_company_focused_minute_expansion_20260612\shard_09_chunk_03_as_v1\phase3as_true_1min_sidecar_canary_eval_rows.csv,True,PHASE3AS_TRUE_1MIN_SIDECAR_CANARY_EVAL_COMPLETE,0,128,128,0,774197,340,2400,58563,27,21,True,2,1781290316.70299
shard_09,shard_09_chunk_04_as_v1,G:\Project_V7_Rotation\alpha_pit_data_feature_workspace_20260531\runtime\phase3ba_company_focused_minute_expansion_20260612\shard_09_chunk_04_as_v1,G:\Project_V7_Rotation\alpha_pit_data_feature_workspace_20260531\runtime\phase3ba_company_focused_minute_expansion_20260612\shard_09_chunk_04_as_v1\phase3as_true_1min_sidecar_canary_eval_summary.json,G:\Project_V7_Rotation\alpha_pit_data_feature_workspace_20260531\runtime\phase3ba_company_focused_minute_expansion_20260612\shard_09_chunk_04_as_v1\phase3as_true_1min_sidecar_canary_eval_rows.csv,True,PHASE3AS_TRUE_1MIN_SIDECAR_CANARY_EVAL_COMPLETE,0,128,128,0,774197,340,2400,58563,27,22,True,2,1781290318.0806248
shard_09,shard_09_chunk_05_as_v1,G:\Project_V7_Rotation\alpha_pit_data_feature_workspace_20260531\runtime\phase3ba_company_focused_minute_expansion_20260612\shard_09_chunk_05_as_v1,G:\Project_V7_Rotation\alpha_pit_data_feature_workspace_20260531\runtime\phase3ba_company_focused_minute_expansion_20260612\shard_09_chunk_05_as_v1\phase3as_true_1min_sidecar_canary_eval_summary.json,G:\Project_V7_Rotation\alpha_pit_data_feature_workspace_20260531\runtime\phase3ba_company_focused_minute_expansion_20260612\shard_09_chunk_05_as_v1\phase3as_true_1min_sidecar_canary_eval_rows.csv,True,PHASE3AS_TRUE_1MIN_SIDECAR_CANARY_EVAL_COMPLETE,0,128,128,0,774197,340,2400,58563,22,16,True,2,1781290319.4948647
shard_10,shard_10_as_v1,G:\Project_V7_Rotation\alpha_pit_data_feature_workspace_20260531\runtime\phase3ba_company_focused_minute_expansion_20260612\shard_10_as_v1,G:\Project_V7_Rotation\alpha_pit_data_feature_workspace_20260531\runtime\phase3ba_company_focused_minute_expansion_20260612\shard_10_as_v1\phase3as_true_1min_sidecar_canary_eval_summary.json,G:\Project_V7_Rotation\alpha_pit_data_feature_workspace_20260531\runtime\phase3ba_company_focused_minute_expansion_20260612\shard_10_as_v1\phase3as_true_1min_sidecar_canary_eval_rows.csv,True,PHASE3BA_PARALLEL_V2_MERGED_TRUE1MIN_EVAL,0,768,768,0,776744,340,2400,58563,26,19,True,1,1781290321.1790826
shard_10,shard_10_chunk_00_as_v1,G:\Project_V7_Rotation\alpha_pit_data_feature_workspace_20260531\runtime\phase3ba_company_focused_minute_expansion_20260612\shard_10_chunk_00_as_v1,G:\Project_V7_Rotation\alpha_pit_data_feature_workspace_20260531\runtime\phase3ba_company_focused_minute_expansion_20260612\shard_10_chunk_00_as_v1\phase3as_true_1min_sidecar_canary_eval_summary.json,G:\Project_V7_Rotation\alpha_pit_data_feature_workspace_20260531\runtime\phase3ba_company_focused_minute_expansion_20260612\shard_10_chunk_00_as_v1\phase3as_true_1min_sidecar_canary_eval_rows.csv,True,PHASE3AS_TRUE_1MIN_SIDECAR_CANARY_EVAL_COMPLETE,0,128,128,0,776744,340,2400,58563,26,19,True,1,1781290322.6202912
shard_10,shard_10_chunk_01_as_v1,G:\Project_V7_Rotation\alpha_pit_data_feature_workspace_20260531\runtime\phase3ba_company_focused_minute_expansion_20260612\shard_10_chunk_01_as_v1,G:\Project_V7_Rotation\alpha_pit_data_feature_workspace_20260531\runtime\phase3ba_company_focused_minute_expansion_20260612\shard_10_chunk_01_as_v1\phase3as_true_1min_sidecar_canary_eval_summary.json,G:\Project_V7_Rotation\alpha_pit_data_feature_workspace_20260531\runtime\phase3ba_company_focused_minute_expansion_20260612\shard_10_chunk_01_as_v1\phase3as_true_1min_sidecar_canary_eval_rows.csv,True,PHASE3AS_TRUE_1MIN_SIDECAR_CANARY_EVAL_COMPLETE,0,128,128,0,776744,340,2400,58563,26,19,True,1,1781290324.0512817
shard_10,shard_10_chunk_02_as_v1,G:\Project_V7_Rotation\alpha_pit_data_feature_workspace_20260531\runtime\phase3ba_company_focused_minute_expansion_20260612\shard_10_chunk_02_as_v1,G:\Project_V7_Rotation\alpha_pit_data_feature_workspace_20260531\runtime\phase3ba_company_focused_minute_expansion_20260612\shard_10_chunk_02_as_v1\phase3as_true_1min_sidecar_canary_eval_summary.json,G:\Project_V7_Rotation\alpha_pit_data_feature_workspace_20260531\runtime\phase3ba_company_focused_minute_expansion_20260612\shard_10_chunk_02_as_v1\phase3as_true_1min_sidecar_canary_eval_rows.csv,True,PHASE3AS_TRUE_1MIN_SIDECAR_CANARY_EVAL_COMPLETE,0,128,128,0,776744,340,2400,58563,18,12,True,3,1781290325.4781191
shard_10,shard_10_chunk_03_as_v1,G:\Project_V7_Rotation\alpha_pit_data_feature_workspace_20260531\runtime\phase3ba_company_focused_minute_expansion_20260612\shard_10_chunk_03_as_v1,G:\Project_V7_Rotation\alpha_pit_data_feature_workspace_20260531\runtime\phase3ba_company_focused_minute_expansion_20260612\shard_10_chunk_03_as_v1\phase3as_true_1min_sidecar_canary_eval_summary.json,G:\Project_V7_Rotation\alpha_pit_data_feature_workspace_20260531\runtime\phase3ba_company_focused_minute_expansion_20260612\shard_10_chunk_03_as_v1\phase3as_true_1min_sidecar_canary_eval_rows.csv,True,PHASE3AS_TRUE_1MIN_SIDECAR_CANARY_EVAL_COMPLETE,0,128,128,0,776744,340,2400,58563,27,21,True,2,1781290326.8962493
shard_10,shard_10_chunk_04_as_v1,G:\Project_V7_Rotation\alpha_pit_data_feature_workspace_20260531\runtime\phase3ba_company_focused_minute_expansion_20260612\shard_10_chunk_04_as_v1,G:\Project_V7_Rotation\alpha_pit_data_feature_workspace_20260531\runtime\phase3ba_company_focused_minute_expansion_20260612\shard_10_chunk_04_as_v1\phase3as_true_1min_sidecar_canary_eval_summary.json,G:\Project_V7_Rotation\alpha_pit_data_feature_workspace_20260531\runtime\phase3ba_company_focused_minute_expansion_20260612\shard_10_chunk_04_as_v1\phase3as_true_1min_sidecar_canary_eval_rows.csv,True,PHASE3AS_TRUE_1MIN_SIDECAR_CANARY_EVAL_COMPLETE,0,128,128,0,776744,340,2400,58563,27,22,True,2,1781290328.2796416
shard_10,shard_10_chunk_05_as_v1,G:\Project_V7_Rotation\alpha_pit_data_feature_workspace_20260531\runtime\phase3ba_company_focused_minute_expansion_20260612\shard_10_chunk_05_as_v1,G:\Project_V7_Rotation\alpha_pit_data_feature_workspace_20260531\runtime\phase3ba_company_focused_minute_expansion_20260612\shard_10_chunk_05_as_v1\phase3as_true_1min_sidecar_canary_eval_summary.json,G:\Project_V7_Rotation\alpha_pit_data_feature_workspace_20260531\runtime\phase3ba_company_focused_minute_expansion_20260612\shard_10_chunk_05_as_v1\phase3as_true_1min_sidecar_canary_eval_rows.csv,True,PHASE3AS_TRUE_1MIN_SIDECAR_CANARY_EVAL_COMPLETE,0,128,128,0,776744,340,2400,58563,22,16,True,2,1781290329.63439
shard_11,shard_11_as_v1,G:\Project_V7_Rotation\alpha_pit_data_feature_workspace_20260531\runtime\phase3ba_company_focused_minute_expansion_20260612\shard_11_as_v1,G:\Project_V7_Rotation\alpha_pit_data_feature_workspace_20260531\runtime\phase3ba_company_focused_minute_expansion_20260612\shard_11_as_v1\phase3as_true_1min_sidecar_canary_eval_summary.json,G:\Project_V7_Rotation\alpha_pit_data_feature_workspace_20260531\runtime\phase3ba_company_focused_minute_expansion_20260612\shard_11_as_v1\phase3as_true_1min_sidecar_canary_eval_rows.csv,True,PHASE3BA_PARALLEL_V2_MERGED_TRUE1MIN_EVAL,0,768,768,0,773390,339,2400,58563,26,19,True,1,1781290331.281623
shard_11,shard_11_chunk_00_as_v1,G:\Project_V7_Rotation\alpha_pit_data_feature_workspace_20260531\runtime\phase3ba_company_focused_minute_expansion_20260612\shard_11_chunk_00_as_v1,G:\Project_V7_Rotation\alpha_pit_data_feature_workspace_20260531\runtime\phase3ba_company_focused_minute_expansion_20260612\shard_11_chunk_00_as_v1\phase3as_true_1min_sidecar_canary_eval_summary.json,G:\Project_V7_Rotation\alpha_pit_data_feature_workspace_20260531\runtime\phase3ba_company_focused_minute_expansion_20260612\shard_11_chunk_00_as_v1\phase3as_true_1min_sidecar_canary_eval_rows.csv,True,PHASE3AS_TRUE_1MIN_SIDECAR_CANARY_EVAL_COMPLETE,0,128,128,0,773390,339,2400,58563,26,19,True,1,1781290332.6964424
shard_11,shard_11_chunk_01_as_v1,G:\Project_V7_Rotation\alpha_pit_data_feature_workspace_20260531\runtime\phase3ba_company_focused_minute_expansion_20260612\shard_11_chunk_01_as_v1,G:\Project_V7_Rotation\alpha_pit_data_feature_workspace_20260531\runtime\phase3ba_company_focused_minute_expansion_20260612\shard_11_chunk_01_as_v1\phase3as_true_1min_sidecar_canary_eval_summary.json,G:\Project_V7_Rotation\alpha_pit_data_feature_workspace_20260531\runtime\phase3ba_company_focused_minute_expansion_20260612\shard_11_chunk_01_as_v1\phase3as_true_1min_sidecar_canary_eval_rows.csv,True,PHASE3AS_TRUE_1MIN_SIDECAR_CANARY_EVAL_COMPLETE,0,128,128,0,773390,339,2400,58563,26,19,True,1,1781290334.0270667
shard_11,shard_11_chunk_02_as_v1,G:\Project_V7_Rotation\alpha_pit_data_feature_workspace_20260531\runtime\phase3ba_company_focused_minute_expansion_20260612\shard_11_chunk_02_as_v1,G:\Project_V7_Rotation\alpha_pit_data_feature_workspace_20260531\runtime\phase3ba_company_focused_minute_expansion_20260612\shard_11_chunk_02_as_v1\phase3as_true_1min_sidecar_canary_eval_summary.json,G:\Project_V7_Rotation\alpha_pit_data_feature_workspace_20260531\runtime\phase3ba_company_focused_minute_expansion_20260612\shard_11_chunk_02_as_v1\phase3as_true_1min_sidecar_canary_eval_rows.csv,True,PHASE3AS_TRUE_1MIN_SIDECAR_CANARY_EVAL_COMPLETE,0,128,128,0,773390,339,2400,58563,18,12,True,3,1781290335.3957205
shard_11,shard_11_chunk_03_as_v1,G:\Project_V7_Rotation\alpha_pit_data_feature_workspace_20260531\runtime\phase3ba_company_focused_minute_expansion_20260612\shard_11_chunk_03_as_v1,G:\Project_V7_Rotation\alpha_pit_data_feature_workspace_20260531\runtime\phase3ba_company_focused_minute_expansion_20260612\shard_11_chunk_03_as_v1\phase3as_true_1min_sidecar_canary_eval_summary.json,G:\Project_V7_Rotation\alpha_pit_data_feature_workspace_20260531\runtime\phase3ba_company_focused_minute_expansion_20260612\shard_11_chunk_03_as_v1\phase3as_true_1min_sidecar_canary_eval_rows.csv,True,PHASE3AS_TRUE_1MIN_SIDECAR_CANARY_EVAL_COMPLETE,0,128,128,0,773390,339,2400,58563,27,21,True,2,1781290336.8460264
shard_11,shard_11_chunk_04_as_v1,G:\Project_V7_Rotation\alpha_pit_data_feature_workspace_20260531\runtime\phase3ba_company_focused_minute_expansion_20260612\shard_11_chunk_04_as_v1,G:\Project_V7_Rotation\alpha_pit_data_feature_workspace_20260531\runtime\phase3ba_company_focused_minute_expansion_20260612\shard_11_chunk_04_as_v1\phase3as_true_1min_sidecar_canary_eval_summary.json,G:\Project_V7_Rotation\alpha_pit_data_feature_workspace_20260531\runtime\phase3ba_company_focused_minute_expansion_20260612\shard_11_chunk_04_as_v1\phase3as_true_1min_sidecar_canary_eval_rows.csv,True,PHASE3AS_TRUE_1MIN_SIDECAR_CANARY_EVAL_COMPLETE,0,128,128,0,773390,339,2400,58563,27,22,True,2,1781290338.3067
shard_11,shard_11_chunk_05_as_v1,G:\Project_V7_Rotation\alpha_pit_data_feature_workspace_20260531\runtime\phase3ba_company_focused_minute_expansion_20260612\shard_11_chunk_05_as_v1,G:\Project_V7_Rotation\alpha_pit_data_feature_workspace_20260531\runtime\phase3ba_company_focused_minute_expansion_20260612\shard_11_chunk_05_as_v1\phase3as_true_1min_sidecar_canary_eval_summary.json,G:\Project_V7_Rotation\alpha_pit_data_feature_workspace_20260531\runtime\phase3ba_company_focused_minute_expansion_20260612\shard_11_chunk_05_as_v1\phase3as_true_1min_sidecar_canary_eval_rows.csv,True,PHASE3AS_TRUE_1MIN_SIDECAR_CANARY_EVAL_COMPLETE,0,128,128,0,773390,339,2400,58563,22,16,True,2,1781290339.7627988
shard_12,shard_12_as_v1,G:\Project_V7_Rotation\alpha_pit_data_feature_workspace_20260531\runtime\phase3ba_company_focused_minute_expansion_20260612\shard_12_as_v1,G:\Project_V7_Rotation\alpha_pit_data_feature_workspace_20260531\runtime\phase3ba_company_focused_minute_expansion_20260612\shard_12_as_v1\phase3as_true_1min_sidecar_canary_eval_summary.json,G:\Project_V7_Rotation\alpha_pit_data_feature_workspace_20260531\runtime\phase3ba_company_focused_minute_expansion_20260612\shard_12_as_v1\phase3as_true_1min_sidecar_canary_eval_rows.csv,True,PHASE3BA_PARALLEL_V2_MERGED_TRUE1MIN_EVAL,0,768,768,0,778472,339,2400,58563,26,19,True,1,1781290341.512681
shard_12,shard_12_chunk_00_as_v1,G:\Project_V7_Rotation\alpha_pit_data_feature_workspace_20260531\runtime\phase3ba_company_focused_minute_expansion_20260612\shard_12_chunk_00_as_v1,G:\Project_V7_Rotation\alpha_pit_data_feature_workspace_20260531\runtime\phase3ba_company_focused_minute_expansion_20260612\shard_12_chunk_00_as_v1\phase3as_true_1min_sidecar_canary_eval_summary.json,G:\Project_V7_Rotation\alpha_pit_data_feature_workspace_20260531\runtime\phase3ba_company_focused_minute_expansion_20260612\shard_12_chunk_00_as_v1\phase3as_true_1min_sidecar_canary_eval_rows.csv,True,PHASE3AS_TRUE_1MIN_SIDECAR_CANARY_EVAL_COMPLETE,0,128,128,0,778472,339,2400,58563,26,19,True,1,1781290342.9379137
shard_12,shard_12_chunk_01_as_v1,G:\Project_V7_Rotation\alpha_pit_data_feature_workspace_20260531\runtime\phase3ba_company_focused_minute_expansion_20260612\shard_12_chunk_01_as_v1,G:\Project_V7_Rotation\alpha_pit_data_feature_workspace_20260531\runtime\phase3ba_company_focused_minute_expansion_20260612\shard_12_chunk_01_as_v1\phase3as_true_1min_sidecar_canary_eval_summary.json,G:\Project_V7_Rotation\alpha_pit_data_feature_workspace_20260531\runtime\phase3ba_company_focused_minute_expansion_20260612\shard_12_chunk_01_as_v1\phase3as_true_1min_sidecar_canary_eval_rows.csv,True,PHASE3AS_TRUE_1MIN_SIDECAR_CANARY_EVAL_COMPLETE,0,128,128,0,778472,339,2400,58563,26,19,True,1,1781290344.3189895
shard_12,shard_12_chunk_02_as_v1,G:\Project_V7_Rotation\alpha_pit_data_feature_workspace_20260531\runtime\phase3ba_company_focused_minute_expansion_20260612\shard_12_chunk_02_as_v1,G:\Project_V7_Rotation\alpha_pit_data_feature_workspace_20260531\runtime\phase3ba_company_focused_minute_expansion_20260612\shard_12_chunk_02_as_v1\phase3as_true_1min_sidecar_canary_eval_summary.json,G:\Project_V7_Rotation\alpha_pit_data_feature_workspace_20260531\runtime\phase3ba_company_focused_minute_expansion_20260612\shard_12_chunk_02_as_v1\phase3as_true_1min_sidecar_canary_eval_rows.csv,True,PHASE3AS_TRUE_1MIN_SIDECAR_CANARY_EVAL_COMPLETE,0,128,128,0,778472,339,2400,58563,18,12,True,3,1781290345.7460048
shard_12,shard_12_chunk_03_as_v1,G:\Project_V7_Rotation\alpha_pit_data_feature_workspace_20260531\runtime\phase3ba_company_focused_minute_expansion_20260612\shard_12_chunk_03_as_v1,G:\Project_V7_Rotation\alpha_pit_data_feature_workspace_20260531\runtime\phase3ba_company_focused_minute_expansion_20260612\shard_12_chunk_03_as_v1\phase3as_true_1min_sidecar_canary_eval_summary.json,G:\Project_V7_Rotation\alpha_pit_data_feature_workspace_20260531\runtime\phase3ba_company_focused_minute_expansion_20260612\shard_12_chunk_03_as_v1\phase3as_true_1min_sidecar_canary_eval_rows.csv,True,PHASE3AS_TRUE_1MIN_SIDECAR_CANARY_EVAL_COMPLETE,0,128,128,0,778472,339,2400,58563,27,21,True,2,1781290347.322448
shard_12,shard_12_chunk_04_as_v1,G:\Project_V7_Rotation\alpha_pit_data_feature_workspace_20260531\runtime\phase3ba_company_focused_minute_expansion_20260612\shard_12_chunk_04_as_v1,G:\Project_V7_Rotation\alpha_pit_data_feature_workspace_20260531\runtime\phase3ba_company_focused_minute_expansion_20260612\shard_12_chunk_04_as_v1\phase3as_true_1min_sidecar_canary_eval_summary.json,G:\Project_V7_Rotation\alpha_pit_data_feature_workspace_20260531\runtime\phase3ba_company_focused_minute_expansion_20260612\shard_12_chunk_04_as_v1\phase3as_true_1min_sidecar_canary_eval_rows.csv,True,PHASE3AS_TRUE_1MIN_SIDECAR_CANARY_EVAL_COMPLETE,0,128,128,0,778472,339,2400,58563,27,22,True,2,1781290348.797423
shard_12,shard_12_chunk_05_as_v1,G:\Project_V7_Rotation\alpha_pit_data_feature_workspace_20260531\runtime\phase3ba_company_focused_minute_expansion_20260612\shard_12_chunk_05_as_v1,G:\Project_V7_Rotation\alpha_pit_data_feature_workspace_20260531\runtime\phase3ba_company_focused_minute_expansion_20260612\shard_12_chunk_05_as_v1\phase3as_true_1min_sidecar_canary_eval_summary.json,G:\Project_V7_Rotation\alpha_pit_data_feature_workspace_20260531\runtime\phase3ba_company_focused_minute_expansion_20260612\shard_12_chunk_05_as_v1\phase3as_true_1min_sidecar_canary_eval_rows.csv,True,PHASE3AS_TRUE_1MIN_SIDECAR_CANARY_EVAL_COMPLETE,0,128,128,0,778472,339,2400,58563,22,16,True,2,1781290350.2425754
shard_13,shard_13_as_v1,G:\Project_V7_Rotation\alpha_pit_data_feature_workspace_20260531\runtime\phase3ba_company_focused_minute_expansion_20260612\shard_13_as_v1,G:\Project_V7_Rotation\alpha_pit_data_feature_workspace_20260531\runtime\phase3ba_company_focused_minute_expansion_20260612\shard_13_as_v1\phase3as_true_1min_sidecar_canary_eval_summary.json,G:\Project_V7_Rotation\alpha_pit_data_feature_workspace_20260531\runtime\phase3ba_company_focused_minute_expansion_20260612\shard_13_as_v1\phase3as_true_1min_sidecar_canary_eval_rows.csv,True,PHASE3BA_PARALLEL_V2_MERGED_TRUE1MIN_EVAL,0,768,768,0,767315,339,2400,58563,26,19,True,1,1781290351.8140936
shard_13,shard_13_chunk_00_as_v1,G:\Project_V7_Rotation\alpha_pit_data_feature_workspace_20260531\runtime\phase3ba_company_focused_minute_expansion_20260612\shard_13_chunk_00_as_v1,G:\Project_V7_Rotation\alpha_pit_data_feature_workspace_20260531\runtime\phase3ba_company_focused_minute_expansion_20260612\shard_13_chunk_00_as_v1\phase3as_true_1min_sidecar_canary_eval_summary.json,G:\Project_V7_Rotation\alpha_pit_data_feature_workspace_20260531\runtime\phase3ba_company_focused_minute_expansion_20260612\shard_13_chunk_00_as_v1\phase3as_true_1min_sidecar_canary_eval_rows.csv,True,PHASE3AS_TRUE_1MIN_SIDECAR_CANARY_EVAL_COMPLETE,0,128,128,0,767315,339,2400,58563,26,19,True,1,1781290353.2049294
shard_13,shard_13_chunk_01_as_v1,G:\Project_V7_Rotation\alpha_pit_data_feature_workspace_20260531\runtime\phase3ba_company_focused_minute_expansion_20260612\shard_13_chunk_01_as_v1,G:\Project_V7_Rotation\alpha_pit_data_feature_workspace_20260531\runtime\phase3ba_company_focused_minute_expansion_20260612\shard_13_chunk_01_as_v1\phase3as_true_1min_sidecar_canary_eval_summary.json,G:\Project_V7_Rotation\alpha_pit_data_feature_workspace_20260531\runtime\phase3ba_company_focused_minute_expansion_20260612\shard_13_chunk_01_as_v1\phase3as_true_1min_sidecar_canary_eval_rows.csv,True,PHASE3AS_TRUE_1MIN_SIDECAR_CANARY_EVAL_COMPLETE,0,128,128,0,767315,339,2400,58563,26,19,True,1,1781290354.6288924
shard_13,shard_13_chunk_02_as_v1,G:\Project_V7_Rotation\alpha_pit_data_feature_workspace_20260531\runtime\phase3ba_company_focused_minute_expansion_20260612\shard_13_chunk_02_as_v1,G:\Project_V7_Rotation\alpha_pit_data_feature_workspace_20260531\runtime\phase3ba_company_focused_minute_expansion_20260612\shard_13_chunk_02_as_v1\phase3as_true_1min_sidecar_canary_eval_summary.json,G:\Project_V7_Rotation\alpha_pit_data_feature_workspace_20260531\runtime\phase3ba_company_focused_minute_expansion_20260612\shard_13_chunk_02_as_v1\phase3as_true_1min_sidecar_canary_eval_rows.csv,True,PHASE3AS_TRUE_1MIN_SIDECAR_CANARY_EVAL_COMPLETE,0,128,128,0,767315,339,2400,58563,18,12,True,3,1781290356.029554
shard_13,shard_13_chunk_03_as_v1,G:\Project_V7_Rotation\alpha_pit_data_feature_workspace_20260531\runtime\phase3ba_company_focused_minute_expansion_20260612\shard_13_chunk_03_as_v1,G:\Project_V7_Rotation\alpha_pit_data_feature_workspace_20260531\runtime\phase3ba_company_focused_minute_expansion_20260612\shard_13_chunk_03_as_v1\phase3as_true_1min_sidecar_canary_eval_summary.json,G:\Project_V7_Rotation\alpha_pit_data_feature_workspace_20260531\runtime\phase3ba_company_focused_minute_expansion_20260612\shard_13_chunk_03_as_v1\phase3as_true_1min_sidecar_canary_eval_rows.csv,True,PHASE3AS_TRUE_1MIN_SIDECAR_CANARY_EVAL_COMPLETE,0,128,128,0,767315,339,2400,58563,27,21,True,2,1781290357.3105495
shard_13,shard_13_chunk_04_as_v1,G:\Project_V7_Rotation\alpha_pit_data_feature_workspace_20260531\runtime\phase3ba_company_focused_minute_expansion_20260612\shard_13_chunk_04_as_v1,G:\Project_V7_Rotation\alpha_pit_data_feature_workspace_20260531\runtime\phase3ba_company_focused_minute_expansion_20260612\shard_13_chunk_04_as_v1\phase3as_true_1min_sidecar_canary_eval_summary.json,G:\Project_V7_Rotation\alpha_pit_data_feature_workspace_20260531\runtime\phase3ba_company_focused_minute_expansion_20260612\shard_13_chunk_04_as_v1\phase3as_true_1min_sidecar_canary_eval_rows.csv,True,PHASE3AS_TRUE_1MIN_SIDECAR_CANARY_EVAL_COMPLETE,0,128,128,0,767315,339,2400,58563,27,22,True,2,1781290358.7279394
shard_13,shard_13_chunk_05_as_v1,G:\Project_V7_Rotation\alpha_pit_data_feature_workspace_20260531\runtime\phase3ba_company_focused_minute_expansion_20260612\shard_13_chunk_05_as_v1,G:\Project_V7_Rotation\alpha_pit_data_feature_workspace_20260531\runtime\phase3ba_company_focused_minute_expansion_20260612\shard_13_chunk_05_as_v1\phase3as_true_1min_sidecar_canary_eval_summary.json,G:\Project_V7_Rotation\alpha_pit_data_feature_workspace_20260531\runtime\phase3ba_company_focused_minute_expansion_20260612\shard_13_chunk_05_as_v1\phase3as_true_1min_sidecar_canary_eval_rows.csv,True,PHASE3AS_TRUE_1MIN_SIDECAR_CANARY_EVAL_COMPLETE,0,128,128,0,767315,339,2400,58563,22,16,True,2,1781290360.1470304
shard_14,shard_14_as_v1,G:\Project_V7_Rotation\alpha_pit_data_feature_workspace_20260531\runtime\phase3ba_company_focused_minute_expansion_20260612\shard_14_as_v1,G:\Project_V7_Rotation\alpha_pit_data_feature_workspace_20260531\runtime\phase3ba_company_focused_minute_expansion_20260612\shard_14_as_v1\phase3as_true_1min_sidecar_canary_eval_summary.json,G:\Project_V7_Rotation\alpha_pit_data_feature_workspace_20260531\runtime\phase3ba_company_focused_minute_expansion_20260612\shard_14_as_v1\phase3as_true_1min_sidecar_canary_eval_rows.csv,True,PHASE3BA_PARALLEL_V2_MERGED_TRUE1MIN_EVAL,0,768,768,0,772588,339,2400,58563,26,19,True,1,1781290361.8454213
shard_14,shard_14_chunk_00_as_v1,G:\Project_V7_Rotation\alpha_pit_data_feature_workspace_20260531\runtime\phase3ba_company_focused_minute_expansion_20260612\shard_14_chunk_00_as_v1,G:\Project_V7_Rotation\alpha_pit_data_feature_workspace_20260531\runtime\phase3ba_company_focused_minute_expansion_20260612\shard_14_chunk_00_as_v1\phase3as_true_1min_sidecar_canary_eval_summary.json,G:\Project_V7_Rotation\alpha_pit_data_feature_workspace_20260531\runtime\phase3ba_company_focused_minute_expansion_20260612\shard_14_chunk_00_as_v1\phase3as_true_1min_sidecar_canary_eval_rows.csv,True,PHASE3AS_TRUE_1MIN_SIDECAR_CANARY_EVAL_COMPLETE,0,128,128,0,772588,339,2400,58563,26,19,True,1,1781290363.245892
shard_14,shard_14_chunk_01_as_v1,G:\Project_V7_Rotation\alpha_pit_data_feature_workspace_20260531\runtime\phase3ba_company_focused_minute_expansion_20260612\shard_14_chunk_01_as_v1,G:\Project_V7_Rotation\alpha_pit_data_feature_workspace_20260531\runtime\phase3ba_company_focused_minute_expansion_20260612\shard_14_chunk_01_as_v1\phase3as_true_1min_sidecar_canary_eval_summary.json,G:\Project_V7_Rotation\alpha_pit_data_feature_workspace_20260531\runtime\phase3ba_company_focused_minute_expansion_20260612\shard_14_chunk_01_as_v1\phase3as_true_1min_sidecar_canary_eval_rows.csv,True,PHASE3AS_TRUE_1MIN_SIDECAR_CANARY_EVAL_COMPLETE,0,128,128,0,772588,339,2400,58563,26,19,True,1,1781290364.6646338
shard_14,shard_14_chunk_02_as_v1,G:\Project_V7_Rotation\alpha_pit_data_feature_workspace_20260531\runtime\phase3ba_company_focused_minute_expansion_20260612\shard_14_chunk_02_as_v1,G:\Project_V7_Rotation\alpha_pit_data_feature_workspace_20260531\runtime\phase3ba_company_focused_minute_expansion_20260612\shard_14_chunk_02_as_v1\phase3as_true_1min_sidecar_canary_eval_summary.json,G:\Project_V7_Rotation\alpha_pit_data_feature_workspace_20260531\runtime\phase3ba_company_focused_minute_expansion_20260612\shard_14_chunk_02_as_v1\phase3as_true_1min_sidecar_canary_eval_rows.csv,True,PHASE3AS_TRUE_1MIN_SIDECAR_CANARY_EVAL_COMPLETE,0,128,128,0,772588,339,2400,58563,18,12,True,3,1781290366.162364
shard_14,shard_14_chunk_03_as_v1,G:\Project_V7_Rotation\alpha_pit_data_feature_workspace_20260531\runtime\phase3ba_company_focused_minute_expansion_20260612\shard_14_chunk_03_as_v1,G:\Project_V7_Rotation\alpha_pit_data_feature_workspace_20260531\runtime\phase3ba_company_focused_minute_expansion_20260612\shard_14_chunk_03_as_v1\phase3as_true_1min_sidecar_canary_eval_summary.json,G:\Project_V7_Rotation\alpha_pit_data_feature_workspace_20260531\runtime\phase3ba_company_focused_minute_expansion_20260612\shard_14_chunk_03_as_v1\phase3as_true_1min_sidecar_canary_eval_rows.csv,True,PHASE3AS_TRUE_1MIN_SIDECAR_CANARY_EVAL_COMPLETE,0,128,128,0,772588,339,2400,58563,27,21,True,2,1781290367.5629497
shard_14,shard_14_chunk_04_as_v1,G:\Project_V7_Rotation\alpha_pit_data_feature_workspace_20260531\runtime\phase3ba_company_focused_minute_expansion_20260612\shard_14_chunk_04_as_v1,G:\Project_V7_Rotation\alpha_pit_data_feature_workspace_20260531\runtime\phase3ba_company_focused_minute_expansion_20260612\shard_14_chunk_04_as_v1\phase3as_true_1min_sidecar_canary_eval_summary.json,G:\Project_V7_Rotation\alpha_pit_data_feature_workspace_20260531\runtime\phase3ba_company_focused_minute_expansion_20260612\shard_14_chunk_04_as_v1\phase3as_true_1min_sidecar_canary_eval_rows.csv,True,PHASE3AS_TRUE_1MIN_SIDECAR_CANARY_EVAL_COMPLETE,0,128,128,0,772588,339,2400,58563,27,22,True,2,1781290369.004022
shard_14,shard_14_chunk_05_as_v1,G:\Project_V7_Rotation\alpha_pit_data_feature_workspace_20260531\runtime\phase3ba_company_focused_minute_expansion_20260612\shard_14_chunk_05_as_v1,G:\Project_V7_Rotation\alpha_pit_data_feature_workspace_20260531\runtime\phase3ba_company_focused_minute_expansion_20260612\shard_14_chunk_05_as_v1\phase3as_true_1min_sidecar_canary_eval_summary.json,G:\Project_V7_Rotation\alpha_pit_data_feature_workspace_20260531\runtime\phase3ba_company_focused_minute_expansion_20260612\shard_14_chunk_05_as_v1\phase3as_true_1min_sidecar_canary_eval_rows.csv,True,PHASE3AS_TRUE_1MIN_SIDECAR_CANARY_EVAL_COMPLETE,0,128,128,0,772588,339,2400,58563,22,16,True,2,1781290370.3883483
shard_15,shard_15_as_v1,G:\Project_V7_Rotation\alpha_pit_data_feature_workspace_20260531\runtime\phase3ba_company_focused_minute_expansion_20260612\shard_15_as_v1,G:\Project_V7_Rotation\alpha_pit_data_feature_workspace_20260531\runtime\phase3ba_company_focused_minute_expansion_20260612\shard_15_as_v1\phase3as_true_1min_sidecar_canary_eval_summary.json,G:\Project_V7_Rotation\alpha_pit_data_feature_workspace_20260531\runtime\phase3ba_company_focused_minute_expansion_20260612\shard_15_as_v1\phase3as_true_1min_sidecar_canary_eval_rows.csv,True,PHASE3BA_PARALLEL_V2_MERGED_TRUE1MIN_EVAL,0,768,768,0,772033,339,2400,58563,26,19,True,1,1781290371.9080918
shard_15,shard_15_chunk_00_as_v1,G:\Project_V7_Rotation\alpha_pit_data_feature_workspace_20260531\runtime\phase3ba_company_focused_minute_expansion_20260612\shard_15_chunk_00_as_v1,G:\Project_V7_Rotation\alpha_pit_data_feature_workspace_20260531\runtime\phase3ba_company_focused_minute_expansion_20260612\shard_15_chunk_00_as_v1\phase3as_true_1min_sidecar_canary_eval_summary.json,G:\Project_V7_Rotation\alpha_pit_data_feature_workspace_20260531\runtime\phase3ba_company_focused_minute_expansion_20260612\shard_15_chunk_00_as_v1\phase3as_true_1min_sidecar_canary_eval_rows.csv,True,PHASE3AS_TRUE_1MIN_SIDECAR_CANARY_EVAL_COMPLETE,0,128,128,0,772033,339,2400,58563,26,19,True,1,1781290373.3202808
shard_15,shard_15_chunk_01_as_v1,G:\Project_V7_Rotation\alpha_pit_data_feature_workspace_20260531\runtime\phase3ba_company_focused_minute_expansion_20260612\shard_15_chunk_01_as_v1,G:\Project_V7_Rotation\alpha_pit_data_feature_workspace_20260531\runtime\phase3ba_company_focused_minute_expansion_20260612\shard_15_chunk_01_as_v1\phase3as_true_1min_sidecar_canary_eval_summary.json,G:\Project_V7_Rotation\alpha_pit_data_feature_workspace_20260531\runtime\phase3ba_company_focused_minute_expansion_20260612\shard_15_chunk_01_as_v1\phase3as_true_1min_sidecar_canary_eval_rows.csv,True,PHASE3AS_TRUE_1MIN_SIDECAR_CANARY_EVAL_COMPLETE,0,128,128,0,772033,339,2400,58563,26,19,True,1,1781290374.6885955
shard_15,shard_15_chunk_02_as_v1,G:\Project_V7_Rotation\alpha_pit_data_feature_workspace_20260531\runtime\phase3ba_company_focused_minute_expansion_20260612\shard_15_chunk_02_as_v1,G:\Project_V7_Rotation\alpha_pit_data_feature_workspace_20260531\runtime\phase3ba_company_focused_minute_expansion_20260612\shard_15_chunk_02_as_v1\phase3as_true_1min_sidecar_canary_eval_summary.json,G:\Project_V7_Rotation\alpha_pit_data_feature_workspace_20260531\runtime\phase3ba_company_focused_minute_expansion_20260612\shard_15_chunk_02_as_v1\phase3as_true_1min_sidecar_canary_eval_rows.csv,True,PHASE3AS_TRUE_1MIN_SIDECAR_CANARY_EVAL_COMPLETE,0,128,128,0,772033,339,2400,58563,18,12,True,3,1781290376.0869915
shard_15,shard_15_chunk_03_as_v1,G:\Project_V7_Rotation\alpha_pit_data_feature_workspace_20260531\runtime\phase3ba_company_focused_minute_expansion_20260612\shard_15_chunk_03_as_v1,G:\Project_V7_Rotation\alpha_pit_data_feature_workspace_20260531\runtime\phase3ba_company_focused_minute_expansion_20260612\shard_15_chunk_03_as_v1\phase3as_true_1min_sidecar_canary_eval_summary.json,G:\Project_V7_Rotation\alpha_pit_data_feature_workspace_20260531\runtime\phase3ba_company_focused_minute_expansion_20260612\shard_15_chunk_03_as_v1\phase3as_true_1min_sidecar_canary_eval_rows.csv,True,PHASE3AS_TRUE_1MIN_SIDECAR_CANARY_EVAL_COMPLETE,0,128,128,0,772033,339,2400,58563,27,21,True,2,1781290377.4171004
shard_15,shard_15_chunk_04_as_v1,G:\Project_V7_Rotation\alpha_pit_data_feature_workspace_20260531\runtime\phase3ba_company_focused_minute_expansion_20260612\shard_15_chunk_04_as_v1,G:\Project_V7_Rotation\alpha_pit_data_feature_workspace_20260531\runtime\phase3ba_company_focused_minute_expansion_20260612\shard_15_chunk_04_as_v1\phase3as_true_1min_sidecar_canary_eval_summary.json,G:\Project_V7_Rotation\alpha_pit_data_feature_workspace_20260531\runtime\phase3ba_company_focused_minute_expansion_20260612\shard_15_chunk_04_as_v1\phase3as_true_1min_sidecar_canary_eval_rows.csv,True,PHASE3AS_TRUE_1MIN_SIDECAR_CANARY_EVAL_COMPLETE,0,128,128,0,772033,339,2400,58563,27,22,True,2,1781290378.8161054
shard_15,shard_15_chunk_05_as_v1,G:\Project_V7_Rotation\alpha_pit_data_feature_workspace_20260531\runtime\phase3ba_company_focused_minute_expansion_20260612\shard_15_chunk_05_as_v1,G:\Project_V7_Rotation\alpha_pit_data_feature_workspace_20260531\runtime\phase3ba_company_focused_minute_expansion_20260612\shard_15_chunk_05_as_v1\phase3as_true_1min_sidecar_canary_eval_summary.json,G:\Project_V7_Rotation\alpha_pit_data_feature_workspace_20260531\runtime\phase3ba_company_focused_minute_expansion_20260612\shard_15_chunk_05_as_v1\phase3as_true_1min_sidecar_canary_eval_rows.csv,True,PHASE3AS_TRUE_1MIN_SIDECAR_CANARY_EVAL_COMPLETE,0,128,128,0,772033,339,2400,58563,22,16,True,2,1781290380.3095033
