candidate_id,expression,factor_lane,source_lane,source_generator,search_memory_key,expression_hash,note,fresh_search_intent,x0_r3_role
phase3az_light_broad_minute_00001,"CSRank(Sub(Mom($open,1),Mom($open,5)))",az_price_acceleration,phase3az_light_broad_minute,phase3az_light_broad_minute_pack_v1,phase3az:429d721bf56d214a0c22fbb6,429d721bf56d214a0c22fbb6,open momentum acceleration 1-5,True,read_only_research_candidate
phase3az_light_broad_minute_00002,"Neg(CSRank(Sub(Mom($open,1),Mom($open,5))))",az_price_acceleration_reversal,phase3az_light_broad_minute,phase3az_light_broad_minute_pack_v1,phase3az:0834685982823ec637db6c2b,0834685982823ec637db6c2b,open acceleration reversal 1-5,True,read_only_research_candidate
phase3az_light_broad_minute_00003,"CSRank(Sub(Mom($open,2),Mom($open,8)))",az_price_acceleration,phase3az_light_broad_minute,phase3az_light_broad_minute_pack_v1,phase3az:f72551b102bb84711d913845,f72551b102bb84711d913845,open momentum acceleration 2-8,True,read_only_research_candidate
phase3az_light_broad_minute_00004,"Neg(CSRank(Sub(Mom($open,2),Mom($open,8))))",az_price_acceleration_reversal,phase3az_light_broad_minute,phase3az_light_broad_minute_pack_v1,phase3az:758c72b5780870cc024af295,758c72b5780870cc024af295,open acceleration reversal 2-8,True,read_only_research_candidate
phase3az_light_broad_minute_00005,"CSRank(Sub(Mom($open,3),Mom($open,10)))",az_price_acceleration,phase3az_light_broad_minute,phase3az_light_broad_minute_pack_v1,phase3az:79ccf45ca91ab6c8df1537a9,79ccf45ca91ab6c8df1537a9,open momentum acceleration 3-10,True,read_only_research_candidate
phase3az_light_broad_minute_00006,"Neg(CSRank(Sub(Mom($open,3),Mom($open,10))))",az_price_acceleration_reversal,phase3az_light_broad_minute,phase3az_light_broad_minute_pack_v1,phase3az:1462040c40ed078fbc57b78f,1462040c40ed078fbc57b78f,open acceleration reversal 3-10,True,read_only_research_candidate
phase3az_light_broad_minute_00007,"CSRank(Sub(Mom($open,5),Mom($open,20)))",az_price_acceleration,phase3az_light_broad_minute,phase3az_light_broad_minute_pack_v1,phase3az:5090db2d221cc9ea2137ecd0,5090db2d221cc9ea2137ecd0,open momentum acceleration 5-20,True,read_only_research_candidate
phase3az_light_broad_minute_00008,"Neg(CSRank(Sub(Mom($open,5),Mom($open,20))))",az_price_acceleration_reversal,phase3az_light_broad_minute,phase3az_light_broad_minute_pack_v1,phase3az:1d969596a8c73956155a1318,1d969596a8c73956155a1318,open acceleration reversal 5-20,True,read_only_research_candidate
phase3az_light_broad_minute_00009,"CSRank(Sub(Mom($open,8),Mom($open,30)))",az_price_acceleration,phase3az_light_broad_minute,phase3az_light_broad_minute_pack_v1,phase3az:bfa29b7e3e8cd3560d2277a4,bfa29b7e3e8cd3560d2277a4,open momentum acceleration 8-30,True,read_only_research_candidate
phase3az_light_broad_minute_00010,"Neg(CSRank(Sub(Mom($open,8),Mom($open,30))))",az_price_acceleration_reversal,phase3az_light_broad_minute,phase3az_light_broad_minute_pack_v1,phase3az:dc22b362956f74ef38824d58,dc22b362956f74ef38824d58,open acceleration reversal 8-30,True,read_only_research_candidate
phase3az_light_broad_minute_00011,"CSRank(Sub(Mom($open,10),Mom($open,45)))",az_price_acceleration,phase3az_light_broad_minute,phase3az_light_broad_minute_pack_v1,phase3az:37185c354eac42d1fce276a0,37185c354eac42d1fce276a0,open momentum acceleration 10-45,True,read_only_research_candidate
phase3az_light_broad_minute_00012,"Neg(CSRank(Sub(Mom($open,10),Mom($open,45))))",az_price_acceleration_reversal,phase3az_light_broad_minute,phase3az_light_broad_minute_pack_v1,phase3az:8b319cf7a1f4d7ebfad52600,8b319cf7a1f4d7ebfad52600,open acceleration reversal 10-45,True,read_only_research_candidate
phase3az_light_broad_minute_00013,"CSRank(Sub(Mom($open,15),Mom($open,60)))",az_price_acceleration,phase3az_light_broad_minute,phase3az_light_broad_minute_pack_v1,phase3az:f0ce67ecaae775c14d2898bb,f0ce67ecaae775c14d2898bb,open momentum acceleration 15-60,True,read_only_research_candidate
phase3az_light_broad_minute_00014,"Neg(CSRank(Sub(Mom($open,15),Mom($open,60))))",az_price_acceleration_reversal,phase3az_light_broad_minute,phase3az_light_broad_minute_pack_v1,phase3az:0c8184656be760e9c4577d5b,0c8184656be760e9c4577d5b,open acceleration reversal 15-60,True,read_only_research_candidate
phase3az_light_broad_minute_00015,"CSRank(Sub(Mom($high,1),Mom($high,5)))",az_price_acceleration,phase3az_light_broad_minute,phase3az_light_broad_minute_pack_v1,phase3az:71bf06e1567c1ee0e7381178,71bf06e1567c1ee0e7381178,high momentum acceleration 1-5,True,read_only_research_candidate
phase3az_light_broad_minute_00016,"Neg(CSRank(Sub(Mom($high,1),Mom($high,5))))",az_price_acceleration_reversal,phase3az_light_broad_minute,phase3az_light_broad_minute_pack_v1,phase3az:4dba2e50d90771a996b02d5d,4dba2e50d90771a996b02d5d,high acceleration reversal 1-5,True,read_only_research_candidate
phase3az_light_broad_minute_00017,"CSRank(Sub(Mom($high,2),Mom($high,8)))",az_price_acceleration,phase3az_light_broad_minute,phase3az_light_broad_minute_pack_v1,phase3az:557d64305ec568e97e82b8ca,557d64305ec568e97e82b8ca,high momentum acceleration 2-8,True,read_only_research_candidate
phase3az_light_broad_minute_00018,"Neg(CSRank(Sub(Mom($high,2),Mom($high,8))))",az_price_acceleration_reversal,phase3az_light_broad_minute,phase3az_light_broad_minute_pack_v1,phase3az:d26b4f03c32685caf75f57cf,d26b4f03c32685caf75f57cf,high acceleration reversal 2-8,True,read_only_research_candidate
phase3az_light_broad_minute_00019,"CSRank(Sub(Mom($high,3),Mom($high,10)))",az_price_acceleration,phase3az_light_broad_minute,phase3az_light_broad_minute_pack_v1,phase3az:4779ba204b36836863a5e89f,4779ba204b36836863a5e89f,high momentum acceleration 3-10,True,read_only_research_candidate
phase3az_light_broad_minute_00020,"Neg(CSRank(Sub(Mom($high,3),Mom($high,10))))",az_price_acceleration_reversal,phase3az_light_broad_minute,phase3az_light_broad_minute_pack_v1,phase3az:522e3d265c323ae2ab827902,522e3d265c323ae2ab827902,high acceleration reversal 3-10,True,read_only_research_candidate
phase3az_light_broad_minute_00021,"CSRank(Sub(Mom($high,5),Mom($high,20)))",az_price_acceleration,phase3az_light_broad_minute,phase3az_light_broad_minute_pack_v1,phase3az:29a45768766fae7c6d372fcc,29a45768766fae7c6d372fcc,high momentum acceleration 5-20,True,read_only_research_candidate
phase3az_light_broad_minute_00022,"Neg(CSRank(Sub(Mom($high,5),Mom($high,20))))",az_price_acceleration_reversal,phase3az_light_broad_minute,phase3az_light_broad_minute_pack_v1,phase3az:6acc0132018da9bc24661f57,6acc0132018da9bc24661f57,high acceleration reversal 5-20,True,read_only_research_candidate
phase3az_light_broad_minute_00023,"CSRank(Sub(Mom($high,8),Mom($high,30)))",az_price_acceleration,phase3az_light_broad_minute,phase3az_light_broad_minute_pack_v1,phase3az:7ca337d27a9d7995479f3d6d,7ca337d27a9d7995479f3d6d,high momentum acceleration 8-30,True,read_only_research_candidate
phase3az_light_broad_minute_00024,"Neg(CSRank(Sub(Mom($high,8),Mom($high,30))))",az_price_acceleration_reversal,phase3az_light_broad_minute,phase3az_light_broad_minute_pack_v1,phase3az:db98f308e13bab4d2d7f2be2,db98f308e13bab4d2d7f2be2,high acceleration reversal 8-30,True,read_only_research_candidate
phase3az_light_broad_minute_00025,"CSRank(Sub(Mom($high,10),Mom($high,45)))",az_price_acceleration,phase3az_light_broad_minute,phase3az_light_broad_minute_pack_v1,phase3az:7bd220d61ea18adbbbbdb70b,7bd220d61ea18adbbbbdb70b,high momentum acceleration 10-45,True,read_only_research_candidate
phase3az_light_broad_minute_00026,"Neg(CSRank(Sub(Mom($high,10),Mom($high,45))))",az_price_acceleration_reversal,phase3az_light_broad_minute,phase3az_light_broad_minute_pack_v1,phase3az:630f49aa8cf53500ccc60f1b,630f49aa8cf53500ccc60f1b,high acceleration reversal 10-45,True,read_only_research_candidate
phase3az_light_broad_minute_00027,"CSRank(Sub(Mom($high,15),Mom($high,60)))",az_price_acceleration,phase3az_light_broad_minute,phase3az_light_broad_minute_pack_v1,phase3az:2e985a45a5ccc49e6af71216,2e985a45a5ccc49e6af71216,high momentum acceleration 15-60,True,read_only_research_candidate
phase3az_light_broad_minute_00028,"Neg(CSRank(Sub(Mom($high,15),Mom($high,60))))",az_price_acceleration_reversal,phase3az_light_broad_minute,phase3az_light_broad_minute_pack_v1,phase3az:5190912636178bb89150f84c,5190912636178bb89150f84c,high acceleration reversal 15-60,True,read_only_research_candidate
phase3az_light_broad_minute_00029,"CSRank(Sub(Mom($low,1),Mom($low,5)))",az_price_acceleration,phase3az_light_broad_minute,phase3az_light_broad_minute_pack_v1,phase3az:6ea8b630a4b8d74014db1141,6ea8b630a4b8d74014db1141,low momentum acceleration 1-5,True,read_only_research_candidate
phase3az_light_broad_minute_00030,"Neg(CSRank(Sub(Mom($low,1),Mom($low,5))))",az_price_acceleration_reversal,phase3az_light_broad_minute,phase3az_light_broad_minute_pack_v1,phase3az:4e6eef1f0eba522b03145e85,4e6eef1f0eba522b03145e85,low acceleration reversal 1-5,True,read_only_research_candidate
phase3az_light_broad_minute_00031,"CSRank(Sub(Mom($low,2),Mom($low,8)))",az_price_acceleration,phase3az_light_broad_minute,phase3az_light_broad_minute_pack_v1,phase3az:476da5ab180f0c0d52f8ceac,476da5ab180f0c0d52f8ceac,low momentum acceleration 2-8,True,read_only_research_candidate
phase3az_light_broad_minute_00032,"Neg(CSRank(Sub(Mom($low,2),Mom($low,8))))",az_price_acceleration_reversal,phase3az_light_broad_minute,phase3az_light_broad_minute_pack_v1,phase3az:bb9b40af3dc2b27f67197500,bb9b40af3dc2b27f67197500,low acceleration reversal 2-8,True,read_only_research_candidate
phase3az_light_broad_minute_00033,"CSRank(Sub(Mom($low,3),Mom($low,10)))",az_price_acceleration,phase3az_light_broad_minute,phase3az_light_broad_minute_pack_v1,phase3az:75591fdeed409bd4c042664e,75591fdeed409bd4c042664e,low momentum acceleration 3-10,True,read_only_research_candidate
phase3az_light_broad_minute_00034,"Neg(CSRank(Sub(Mom($low,3),Mom($low,10))))",az_price_acceleration_reversal,phase3az_light_broad_minute,phase3az_light_broad_minute_pack_v1,phase3az:ddb7bf054b3007afdd9fb281,ddb7bf054b3007afdd9fb281,low acceleration reversal 3-10,True,read_only_research_candidate
phase3az_light_broad_minute_00035,"CSRank(Sub(Mom($low,5),Mom($low,20)))",az_price_acceleration,phase3az_light_broad_minute,phase3az_light_broad_minute_pack_v1,phase3az:25b2e820c10ecc11885f7077,25b2e820c10ecc11885f7077,low momentum acceleration 5-20,True,read_only_research_candidate
phase3az_light_broad_minute_00036,"Neg(CSRank(Sub(Mom($low,5),Mom($low,20))))",az_price_acceleration_reversal,phase3az_light_broad_minute,phase3az_light_broad_minute_pack_v1,phase3az:b0383a8d5caf0d3400f74ec5,b0383a8d5caf0d3400f74ec5,low acceleration reversal 5-20,True,read_only_research_candidate
phase3az_light_broad_minute_00037,"CSRank(Sub(Mom($low,8),Mom($low,30)))",az_price_acceleration,phase3az_light_broad_minute,phase3az_light_broad_minute_pack_v1,phase3az:60b9d3d3f9ff6cbdd062e0a4,60b9d3d3f9ff6cbdd062e0a4,low momentum acceleration 8-30,True,read_only_research_candidate
phase3az_light_broad_minute_00038,"Neg(CSRank(Sub(Mom($low,8),Mom($low,30))))",az_price_acceleration_reversal,phase3az_light_broad_minute,phase3az_light_broad_minute_pack_v1,phase3az:f933b41a0b86dac4b0ac9156,f933b41a0b86dac4b0ac9156,low acceleration reversal 8-30,True,read_only_research_candidate
phase3az_light_broad_minute_00039,"CSRank(Sub(Mom($low,10),Mom($low,45)))",az_price_acceleration,phase3az_light_broad_minute,phase3az_light_broad_minute_pack_v1,phase3az:e27c201e2a990df50ccb46ff,e27c201e2a990df50ccb46ff,low momentum acceleration 10-45,True,read_only_research_candidate
phase3az_light_broad_minute_00040,"Neg(CSRank(Sub(Mom($low,10),Mom($low,45))))",az_price_acceleration_reversal,phase3az_light_broad_minute,phase3az_light_broad_minute_pack_v1,phase3az:a3d04000c9e2c9d7620a7e58,a3d04000c9e2c9d7620a7e58,low acceleration reversal 10-45,True,read_only_research_candidate
phase3az_light_broad_minute_00041,"CSRank(Sub(Mom($low,15),Mom($low,60)))",az_price_acceleration,phase3az_light_broad_minute,phase3az_light_broad_minute_pack_v1,phase3az:a528d41335dca06479f82d59,a528d41335dca06479f82d59,low momentum acceleration 15-60,True,read_only_research_candidate
phase3az_light_broad_minute_00042,"Neg(CSRank(Sub(Mom($low,15),Mom($low,60))))",az_price_acceleration_reversal,phase3az_light_broad_minute,phase3az_light_broad_minute_pack_v1,phase3az:c8df05347a49ed9019730c66,c8df05347a49ed9019730c66,low acceleration reversal 15-60,True,read_only_research_candidate
phase3az_light_broad_minute_00043,"CSRank(Sub(Mom($close,1),Mom($close,5)))",az_price_acceleration,phase3az_light_broad_minute,phase3az_light_broad_minute_pack_v1,phase3az:7765c5c93e0790db0d7ad5cc,7765c5c93e0790db0d7ad5cc,close momentum acceleration 1-5,True,read_only_research_candidate
phase3az_light_broad_minute_00044,"Neg(CSRank(Sub(Mom($close,1),Mom($close,5))))",az_price_acceleration_reversal,phase3az_light_broad_minute,phase3az_light_broad_minute_pack_v1,phase3az:c3ccede254ba031d212e4654,c3ccede254ba031d212e4654,close acceleration reversal 1-5,True,read_only_research_candidate
phase3az_light_broad_minute_00045,"CSRank(Sub(Mom($close,2),Mom($close,8)))",az_price_acceleration,phase3az_light_broad_minute,phase3az_light_broad_minute_pack_v1,phase3az:60b2deaca6bd8863dbea7e5b,60b2deaca6bd8863dbea7e5b,close momentum acceleration 2-8,True,read_only_research_candidate
phase3az_light_broad_minute_00046,"Neg(CSRank(Sub(Mom($close,2),Mom($close,8))))",az_price_acceleration_reversal,phase3az_light_broad_minute,phase3az_light_broad_minute_pack_v1,phase3az:1f22524784368da3bd634c0b,1f22524784368da3bd634c0b,close acceleration reversal 2-8,True,read_only_research_candidate
phase3az_light_broad_minute_00047,"CSRank(Sub(Mom($close,3),Mom($close,10)))",az_price_acceleration,phase3az_light_broad_minute,phase3az_light_broad_minute_pack_v1,phase3az:1ecaf3935a9bf17f858d3f37,1ecaf3935a9bf17f858d3f37,close momentum acceleration 3-10,True,read_only_research_candidate
phase3az_light_broad_minute_00048,"Neg(CSRank(Sub(Mom($close,3),Mom($close,10))))",az_price_acceleration_reversal,phase3az_light_broad_minute,phase3az_light_broad_minute_pack_v1,phase3az:5938173d2d2337a4f95561be,5938173d2d2337a4f95561be,close acceleration reversal 3-10,True,read_only_research_candidate
phase3az_light_broad_minute_00049,"CSRank(Sub(Mom($close,5),Mom($close,20)))",az_price_acceleration,phase3az_light_broad_minute,phase3az_light_broad_minute_pack_v1,phase3az:933924e83f8014b55fe310f8,933924e83f8014b55fe310f8,close momentum acceleration 5-20,True,read_only_research_candidate
phase3az_light_broad_minute_00050,"Neg(CSRank(Sub(Mom($close,5),Mom($close,20))))",az_price_acceleration_reversal,phase3az_light_broad_minute,phase3az_light_broad_minute_pack_v1,phase3az:ceffd68e20598f1bf81ef771,ceffd68e20598f1bf81ef771,close acceleration reversal 5-20,True,read_only_research_candidate
phase3az_light_broad_minute_00051,"CSRank(Sub(Mom($close,8),Mom($close,30)))",az_price_acceleration,phase3az_light_broad_minute,phase3az_light_broad_minute_pack_v1,phase3az:982e8d8f423d70c0bb80feed,982e8d8f423d70c0bb80feed,close momentum acceleration 8-30,True,read_only_research_candidate
phase3az_light_broad_minute_00052,"Neg(CSRank(Sub(Mom($close,8),Mom($close,30))))",az_price_acceleration_reversal,phase3az_light_broad_minute,phase3az_light_broad_minute_pack_v1,phase3az:9be6d8ff78e6a35f804caefb,9be6d8ff78e6a35f804caefb,close acceleration reversal 8-30,True,read_only_research_candidate
phase3az_light_broad_minute_00053,"CSRank(Sub(Mom($close,10),Mom($close,45)))",az_price_acceleration,phase3az_light_broad_minute,phase3az_light_broad_minute_pack_v1,phase3az:fe1438cfac229661febfb794,fe1438cfac229661febfb794,close momentum acceleration 10-45,True,read_only_research_candidate
phase3az_light_broad_minute_00054,"Neg(CSRank(Sub(Mom($close,10),Mom($close,45))))",az_price_acceleration_reversal,phase3az_light_broad_minute,phase3az_light_broad_minute_pack_v1,phase3az:267a2a6e45e36c30ba251801,267a2a6e45e36c30ba251801,close acceleration reversal 10-45,True,read_only_research_candidate
phase3az_light_broad_minute_00055,"CSRank(Sub(Mom($close,15),Mom($close,60)))",az_price_acceleration,phase3az_light_broad_minute,phase3az_light_broad_minute_pack_v1,phase3az:f1632bdb12601a276454e867,f1632bdb12601a276454e867,close momentum acceleration 15-60,True,read_only_research_candidate
phase3az_light_broad_minute_00056,"Neg(CSRank(Sub(Mom($close,15),Mom($close,60))))",az_price_acceleration_reversal,phase3az_light_broad_minute,phase3az_light_broad_minute_pack_v1,phase3az:3bf15350e2c9bb01d681465e,3bf15350e2c9bb01d681465e,close acceleration reversal 15-60,True,read_only_research_candidate
phase3az_light_broad_minute_00057,"CSRank(Sub(Mom($vwap,1),Mom($vwap,5)))",az_price_acceleration,phase3az_light_broad_minute,phase3az_light_broad_minute_pack_v1,phase3az:aef747339f415976538808c3,aef747339f415976538808c3,vwap momentum acceleration 1-5,True,read_only_research_candidate
phase3az_light_broad_minute_00058,"Neg(CSRank(Sub(Mom($vwap,1),Mom($vwap,5))))",az_price_acceleration_reversal,phase3az_light_broad_minute,phase3az_light_broad_minute_pack_v1,phase3az:b073b951eae9ee3896da65c6,b073b951eae9ee3896da65c6,vwap acceleration reversal 1-5,True,read_only_research_candidate
phase3az_light_broad_minute_00059,"CSRank(Sub(Mom($vwap,2),Mom($vwap,8)))",az_price_acceleration,phase3az_light_broad_minute,phase3az_light_broad_minute_pack_v1,phase3az:a3127ae4ed10b3e13c32ae59,a3127ae4ed10b3e13c32ae59,vwap momentum acceleration 2-8,True,read_only_research_candidate
phase3az_light_broad_minute_00060,"Neg(CSRank(Sub(Mom($vwap,2),Mom($vwap,8))))",az_price_acceleration_reversal,phase3az_light_broad_minute,phase3az_light_broad_minute_pack_v1,phase3az:308f207b0cf0a70d3a158b3c,308f207b0cf0a70d3a158b3c,vwap acceleration reversal 2-8,True,read_only_research_candidate
phase3az_light_broad_minute_00061,"CSRank(Sub(Mom($vwap,3),Mom($vwap,10)))",az_price_acceleration,phase3az_light_broad_minute,phase3az_light_broad_minute_pack_v1,phase3az:7f6d3c6f57aa1bac41f6298f,7f6d3c6f57aa1bac41f6298f,vwap momentum acceleration 3-10,True,read_only_research_candidate
phase3az_light_broad_minute_00062,"Neg(CSRank(Sub(Mom($vwap,3),Mom($vwap,10))))",az_price_acceleration_reversal,phase3az_light_broad_minute,phase3az_light_broad_minute_pack_v1,phase3az:ab49ed126ac42c8e5165b62c,ab49ed126ac42c8e5165b62c,vwap acceleration reversal 3-10,True,read_only_research_candidate
phase3az_light_broad_minute_00063,"CSRank(Sub(Mom($vwap,5),Mom($vwap,20)))",az_price_acceleration,phase3az_light_broad_minute,phase3az_light_broad_minute_pack_v1,phase3az:31a19bc5a66a56e48d763ccf,31a19bc5a66a56e48d763ccf,vwap momentum acceleration 5-20,True,read_only_research_candidate
phase3az_light_broad_minute_00064,"Neg(CSRank(Sub(Mom($vwap,5),Mom($vwap,20))))",az_price_acceleration_reversal,phase3az_light_broad_minute,phase3az_light_broad_minute_pack_v1,phase3az:e437f30940d3a4ac2e230c1f,e437f30940d3a4ac2e230c1f,vwap acceleration reversal 5-20,True,read_only_research_candidate
phase3az_light_broad_minute_00065,"CSRank(Sub(Mom($vwap,8),Mom($vwap,30)))",az_price_acceleration,phase3az_light_broad_minute,phase3az_light_broad_minute_pack_v1,phase3az:837b610adfcad81d84c625a4,837b610adfcad81d84c625a4,vwap momentum acceleration 8-30,True,read_only_research_candidate
phase3az_light_broad_minute_00066,"Neg(CSRank(Sub(Mom($vwap,8),Mom($vwap,30))))",az_price_acceleration_reversal,phase3az_light_broad_minute,phase3az_light_broad_minute_pack_v1,phase3az:3d9d85a63624c678f775251d,3d9d85a63624c678f775251d,vwap acceleration reversal 8-30,True,read_only_research_candidate
phase3az_light_broad_minute_00067,"CSRank(Sub(Mom($vwap,10),Mom($vwap,45)))",az_price_acceleration,phase3az_light_broad_minute,phase3az_light_broad_minute_pack_v1,phase3az:95cba77758e9151833021641,95cba77758e9151833021641,vwap momentum acceleration 10-45,True,read_only_research_candidate
phase3az_light_broad_minute_00068,"Neg(CSRank(Sub(Mom($vwap,10),Mom($vwap,45))))",az_price_acceleration_reversal,phase3az_light_broad_minute,phase3az_light_broad_minute_pack_v1,phase3az:0fdaa1aca8f2d98e23fe2b78,0fdaa1aca8f2d98e23fe2b78,vwap acceleration reversal 10-45,True,read_only_research_candidate
phase3az_light_broad_minute_00069,"CSRank(Sub(Mom($vwap,15),Mom($vwap,60)))",az_price_acceleration,phase3az_light_broad_minute,phase3az_light_broad_minute_pack_v1,phase3az:70c01f63d0e0d7543c6376e7,70c01f63d0e0d7543c6376e7,vwap momentum acceleration 15-60,True,read_only_research_candidate
phase3az_light_broad_minute_00070,"Neg(CSRank(Sub(Mom($vwap,15),Mom($vwap,60))))",az_price_acceleration_reversal,phase3az_light_broad_minute,phase3az_light_broad_minute_pack_v1,phase3az:8d0eaf59afb31fc017e168df,8d0eaf59afb31fc017e168df,vwap acceleration reversal 15-60,True,read_only_research_candidate
phase3az_light_broad_minute_00071,"CSRank(Sub(ZScore(Mean($vol,1)),ZScore(Mean($vol,5))))",az_flow_acceleration,phase3az_light_broad_minute,phase3az_light_broad_minute_pack_v1,phase3az:8ee504acbd1039a41bf81116,8ee504acbd1039a41bf81116,vol flow acceleration 1-5,True,read_only_research_candidate
phase3az_light_broad_minute_00072,"Neg(CSRank(Sub(ZScore(Mean($vol,1)),ZScore(Mean($vol,5)))))",az_flow_acceleration_reversal,phase3az_light_broad_minute,phase3az_light_broad_minute_pack_v1,phase3az:d5adb35b4a91fb8f7dc533bf,d5adb35b4a91fb8f7dc533bf,vol flow exhaustion 1-5,True,read_only_research_candidate
phase3az_light_broad_minute_00073,"CSRank(Sub(ZScore(Mean($vol,2)),ZScore(Mean($vol,8))))",az_flow_acceleration,phase3az_light_broad_minute,phase3az_light_broad_minute_pack_v1,phase3az:7e06f782ed0c8c2b4879e86b,7e06f782ed0c8c2b4879e86b,vol flow acceleration 2-8,True,read_only_research_candidate
phase3az_light_broad_minute_00074,"Neg(CSRank(Sub(ZScore(Mean($vol,2)),ZScore(Mean($vol,8)))))",az_flow_acceleration_reversal,phase3az_light_broad_minute,phase3az_light_broad_minute_pack_v1,phase3az:52672074da9a75491701f788,52672074da9a75491701f788,vol flow exhaustion 2-8,True,read_only_research_candidate
phase3az_light_broad_minute_00075,"CSRank(Sub(ZScore(Mean($vol,3)),ZScore(Mean($vol,10))))",az_flow_acceleration,phase3az_light_broad_minute,phase3az_light_broad_minute_pack_v1,phase3az:c83762e7e97a830cd47ad40e,c83762e7e97a830cd47ad40e,vol flow acceleration 3-10,True,read_only_research_candidate
phase3az_light_broad_minute_00076,"Neg(CSRank(Sub(ZScore(Mean($vol,3)),ZScore(Mean($vol,10)))))",az_flow_acceleration_reversal,phase3az_light_broad_minute,phase3az_light_broad_minute_pack_v1,phase3az:c7882aae9629b1cfb447583f,c7882aae9629b1cfb447583f,vol flow exhaustion 3-10,True,read_only_research_candidate
phase3az_light_broad_minute_00077,"CSRank(Sub(ZScore(Mean($vol,5)),ZScore(Mean($vol,20))))",az_flow_acceleration,phase3az_light_broad_minute,phase3az_light_broad_minute_pack_v1,phase3az:5d0c518aa574d830cde72a06,5d0c518aa574d830cde72a06,vol flow acceleration 5-20,True,read_only_research_candidate
phase3az_light_broad_minute_00078,"Neg(CSRank(Sub(ZScore(Mean($vol,5)),ZScore(Mean($vol,20)))))",az_flow_acceleration_reversal,phase3az_light_broad_minute,phase3az_light_broad_minute_pack_v1,phase3az:c52518fe0f2cd103f6fcd856,c52518fe0f2cd103f6fcd856,vol flow exhaustion 5-20,True,read_only_research_candidate
phase3az_light_broad_minute_00079,"CSRank(Sub(ZScore(Mean($vol,8)),ZScore(Mean($vol,30))))",az_flow_acceleration,phase3az_light_broad_minute,phase3az_light_broad_minute_pack_v1,phase3az:794bc3d436e1b37b06850322,794bc3d436e1b37b06850322,vol flow acceleration 8-30,True,read_only_research_candidate
phase3az_light_broad_minute_00080,"Neg(CSRank(Sub(ZScore(Mean($vol,8)),ZScore(Mean($vol,30)))))",az_flow_acceleration_reversal,phase3az_light_broad_minute,phase3az_light_broad_minute_pack_v1,phase3az:ead1da330d7f622a3f5c59ee,ead1da330d7f622a3f5c59ee,vol flow exhaustion 8-30,True,read_only_research_candidate
phase3az_light_broad_minute_00081,"CSRank(Sub(ZScore(Mean($vol,10)),ZScore(Mean($vol,45))))",az_flow_acceleration,phase3az_light_broad_minute,phase3az_light_broad_minute_pack_v1,phase3az:4f965daa5cade5c8678e4dca,4f965daa5cade5c8678e4dca,vol flow acceleration 10-45,True,read_only_research_candidate
phase3az_light_broad_minute_00082,"Neg(CSRank(Sub(ZScore(Mean($vol,10)),ZScore(Mean($vol,45)))))",az_flow_acceleration_reversal,phase3az_light_broad_minute,phase3az_light_broad_minute_pack_v1,phase3az:c45701d8bce96c4cdfc8e5da,c45701d8bce96c4cdfc8e5da,vol flow exhaustion 10-45,True,read_only_research_candidate
phase3az_light_broad_minute_00083,"CSRank(Sub(ZScore(Mean($vol,15)),ZScore(Mean($vol,60))))",az_flow_acceleration,phase3az_light_broad_minute,phase3az_light_broad_minute_pack_v1,phase3az:8cca0b3490aea6aff282f495,8cca0b3490aea6aff282f495,vol flow acceleration 15-60,True,read_only_research_candidate
phase3az_light_broad_minute_00084,"Neg(CSRank(Sub(ZScore(Mean($vol,15)),ZScore(Mean($vol,60)))))",az_flow_acceleration_reversal,phase3az_light_broad_minute,phase3az_light_broad_minute_pack_v1,phase3az:77d681168754347e4e411ff5,77d681168754347e4e411ff5,vol flow exhaustion 15-60,True,read_only_research_candidate
phase3az_light_broad_minute_00085,"CSRank(Sub(ZScore(Mean($volume,1)),ZScore(Mean($volume,5))))",az_flow_acceleration,phase3az_light_broad_minute,phase3az_light_broad_minute_pack_v1,phase3az:ee1a293a5d9676fbe407491c,ee1a293a5d9676fbe407491c,volume flow acceleration 1-5,True,read_only_research_candidate
phase3az_light_broad_minute_00086,"Neg(CSRank(Sub(ZScore(Mean($volume,1)),ZScore(Mean($volume,5)))))",az_flow_acceleration_reversal,phase3az_light_broad_minute,phase3az_light_broad_minute_pack_v1,phase3az:faf6522520096f922bd71130,faf6522520096f922bd71130,volume flow exhaustion 1-5,True,read_only_research_candidate
phase3az_light_broad_minute_00087,"CSRank(Sub(ZScore(Mean($volume,2)),ZScore(Mean($volume,8))))",az_flow_acceleration,phase3az_light_broad_minute,phase3az_light_broad_minute_pack_v1,phase3az:d58ea7a44aff87aa7f61c433,d58ea7a44aff87aa7f61c433,volume flow acceleration 2-8,True,read_only_research_candidate
phase3az_light_broad_minute_00088,"Neg(CSRank(Sub(ZScore(Mean($volume,2)),ZScore(Mean($volume,8)))))",az_flow_acceleration_reversal,phase3az_light_broad_minute,phase3az_light_broad_minute_pack_v1,phase3az:ef5950228e286fb2d7b1df12,ef5950228e286fb2d7b1df12,volume flow exhaustion 2-8,True,read_only_research_candidate
phase3az_light_broad_minute_00089,"CSRank(Sub(ZScore(Mean($volume,3)),ZScore(Mean($volume,10))))",az_flow_acceleration,phase3az_light_broad_minute,phase3az_light_broad_minute_pack_v1,phase3az:44205553f26b53ecbdb6681a,44205553f26b53ecbdb6681a,volume flow acceleration 3-10,True,read_only_research_candidate
phase3az_light_broad_minute_00090,"Neg(CSRank(Sub(ZScore(Mean($volume,3)),ZScore(Mean($volume,10)))))",az_flow_acceleration_reversal,phase3az_light_broad_minute,phase3az_light_broad_minute_pack_v1,phase3az:2a377703002b97a68e249fa8,2a377703002b97a68e249fa8,volume flow exhaustion 3-10,True,read_only_research_candidate
phase3az_light_broad_minute_00091,"CSRank(Sub(ZScore(Mean($volume,5)),ZScore(Mean($volume,20))))",az_flow_acceleration,phase3az_light_broad_minute,phase3az_light_broad_minute_pack_v1,phase3az:cc1a95c0d6ecfd5910d36e1c,cc1a95c0d6ecfd5910d36e1c,volume flow acceleration 5-20,True,read_only_research_candidate
phase3az_light_broad_minute_00092,"Neg(CSRank(Sub(ZScore(Mean($volume,5)),ZScore(Mean($volume,20)))))",az_flow_acceleration_reversal,phase3az_light_broad_minute,phase3az_light_broad_minute_pack_v1,phase3az:58605a2b583728e6df42ba81,58605a2b583728e6df42ba81,volume flow exhaustion 5-20,True,read_only_research_candidate
phase3az_light_broad_minute_00093,"CSRank(Sub(ZScore(Mean($volume,8)),ZScore(Mean($volume,30))))",az_flow_acceleration,phase3az_light_broad_minute,phase3az_light_broad_minute_pack_v1,phase3az:0418fb3662ac15b41d8d0ad3,0418fb3662ac15b41d8d0ad3,volume flow acceleration 8-30,True,read_only_research_candidate
phase3az_light_broad_minute_00094,"Neg(CSRank(Sub(ZScore(Mean($volume,8)),ZScore(Mean($volume,30)))))",az_flow_acceleration_reversal,phase3az_light_broad_minute,phase3az_light_broad_minute_pack_v1,phase3az:64cfc914d8ea735bbdc8a75b,64cfc914d8ea735bbdc8a75b,volume flow exhaustion 8-30,True,read_only_research_candidate
phase3az_light_broad_minute_00095,"CSRank(Sub(ZScore(Mean($volume,10)),ZScore(Mean($volume,45))))",az_flow_acceleration,phase3az_light_broad_minute,phase3az_light_broad_minute_pack_v1,phase3az:0e83a68323d1bc2225b4bb90,0e83a68323d1bc2225b4bb90,volume flow acceleration 10-45,True,read_only_research_candidate
phase3az_light_broad_minute_00096,"Neg(CSRank(Sub(ZScore(Mean($volume,10)),ZScore(Mean($volume,45)))))",az_flow_acceleration_reversal,phase3az_light_broad_minute,phase3az_light_broad_minute_pack_v1,phase3az:0521971f9b9179608b992846,0521971f9b9179608b992846,volume flow exhaustion 10-45,True,read_only_research_candidate
phase3az_light_broad_minute_00097,"CSRank(Sub(ZScore(Mean($volume,15)),ZScore(Mean($volume,60))))",az_flow_acceleration,phase3az_light_broad_minute,phase3az_light_broad_minute_pack_v1,phase3az:ac64fe86904f9d7b085f0cf2,ac64fe86904f9d7b085f0cf2,volume flow acceleration 15-60,True,read_only_research_candidate
phase3az_light_broad_minute_00098,"Neg(CSRank(Sub(ZScore(Mean($volume,15)),ZScore(Mean($volume,60)))))",az_flow_acceleration_reversal,phase3az_light_broad_minute,phase3az_light_broad_minute_pack_v1,phase3az:a280b18040bc1ba57d3dd18b,a280b18040bc1ba57d3dd18b,volume flow exhaustion 15-60,True,read_only_research_candidate
phase3az_light_broad_minute_00099,"CSRank(Sub(ZScore(Mean($amount,1)),ZScore(Mean($amount,5))))",az_flow_acceleration,phase3az_light_broad_minute,phase3az_light_broad_minute_pack_v1,phase3az:5eba1418ea5b285e1ff90fce,5eba1418ea5b285e1ff90fce,amount flow acceleration 1-5,True,read_only_research_candidate
phase3az_light_broad_minute_00100,"Neg(CSRank(Sub(ZScore(Mean($amount,1)),ZScore(Mean($amount,5)))))",az_flow_acceleration_reversal,phase3az_light_broad_minute,phase3az_light_broad_minute_pack_v1,phase3az:ca01a64278493da7e4c47d5c,ca01a64278493da7e4c47d5c,amount flow exhaustion 1-5,True,read_only_research_candidate
phase3az_light_broad_minute_00101,"CSRank(Sub(ZScore(Mean($amount,2)),ZScore(Mean($amount,8))))",az_flow_acceleration,phase3az_light_broad_minute,phase3az_light_broad_minute_pack_v1,phase3az:f176e320a6b13133e4d91556,f176e320a6b13133e4d91556,amount flow acceleration 2-8,True,read_only_research_candidate
phase3az_light_broad_minute_00102,"Neg(CSRank(Sub(ZScore(Mean($amount,2)),ZScore(Mean($amount,8)))))",az_flow_acceleration_reversal,phase3az_light_broad_minute,phase3az_light_broad_minute_pack_v1,phase3az:644b5818ddbcb50d009a0698,644b5818ddbcb50d009a0698,amount flow exhaustion 2-8,True,read_only_research_candidate
phase3az_light_broad_minute_00103,"CSRank(Sub(ZScore(Mean($amount,3)),ZScore(Mean($amount,10))))",az_flow_acceleration,phase3az_light_broad_minute,phase3az_light_broad_minute_pack_v1,phase3az:698b3931a5ed4623363505bc,698b3931a5ed4623363505bc,amount flow acceleration 3-10,True,read_only_research_candidate
phase3az_light_broad_minute_00104,"Neg(CSRank(Sub(ZScore(Mean($amount,3)),ZScore(Mean($amount,10)))))",az_flow_acceleration_reversal,phase3az_light_broad_minute,phase3az_light_broad_minute_pack_v1,phase3az:1e8063152257c60a8a7af7bc,1e8063152257c60a8a7af7bc,amount flow exhaustion 3-10,True,read_only_research_candidate
phase3az_light_broad_minute_00105,"CSRank(Sub(ZScore(Mean($amount,5)),ZScore(Mean($amount,20))))",az_flow_acceleration,phase3az_light_broad_minute,phase3az_light_broad_minute_pack_v1,phase3az:bd225515ee855a46e08cf354,bd225515ee855a46e08cf354,amount flow acceleration 5-20,True,read_only_research_candidate
phase3az_light_broad_minute_00106,"Neg(CSRank(Sub(ZScore(Mean($amount,5)),ZScore(Mean($amount,20)))))",az_flow_acceleration_reversal,phase3az_light_broad_minute,phase3az_light_broad_minute_pack_v1,phase3az:a3ecd4a3c7eca8f1fc2ba775,a3ecd4a3c7eca8f1fc2ba775,amount flow exhaustion 5-20,True,read_only_research_candidate
phase3az_light_broad_minute_00107,"CSRank(Sub(ZScore(Mean($amount,8)),ZScore(Mean($amount,30))))",az_flow_acceleration,phase3az_light_broad_minute,phase3az_light_broad_minute_pack_v1,phase3az:fe68b59c08a7cf1d8eab95e7,fe68b59c08a7cf1d8eab95e7,amount flow acceleration 8-30,True,read_only_research_candidate
phase3az_light_broad_minute_00108,"Neg(CSRank(Sub(ZScore(Mean($amount,8)),ZScore(Mean($amount,30)))))",az_flow_acceleration_reversal,phase3az_light_broad_minute,phase3az_light_broad_minute_pack_v1,phase3az:66d4de1269821629a4329238,66d4de1269821629a4329238,amount flow exhaustion 8-30,True,read_only_research_candidate
phase3az_light_broad_minute_00109,"CSRank(Sub(ZScore(Mean($amount,10)),ZScore(Mean($amount,45))))",az_flow_acceleration,phase3az_light_broad_minute,phase3az_light_broad_minute_pack_v1,phase3az:d1d1329414d4eed7baa106fc,d1d1329414d4eed7baa106fc,amount flow acceleration 10-45,True,read_only_research_candidate
phase3az_light_broad_minute_00110,"Neg(CSRank(Sub(ZScore(Mean($amount,10)),ZScore(Mean($amount,45)))))",az_flow_acceleration_reversal,phase3az_light_broad_minute,phase3az_light_broad_minute_pack_v1,phase3az:96b47bb531e24d084a60c6ea,96b47bb531e24d084a60c6ea,amount flow exhaustion 10-45,True,read_only_research_candidate
phase3az_light_broad_minute_00111,"CSRank(Sub(ZScore(Mean($amount,15)),ZScore(Mean($amount,60))))",az_flow_acceleration,phase3az_light_broad_minute,phase3az_light_broad_minute_pack_v1,phase3az:411cd9c3853c79edbf18f099,411cd9c3853c79edbf18f099,amount flow acceleration 15-60,True,read_only_research_candidate
phase3az_light_broad_minute_00112,"Neg(CSRank(Sub(ZScore(Mean($amount,15)),ZScore(Mean($amount,60)))))",az_flow_acceleration_reversal,phase3az_light_broad_minute,phase3az_light_broad_minute_pack_v1,phase3az:1da5ee9f7ab61aeefd09d3a2,1da5ee9f7ab61aeefd09d3a2,amount flow exhaustion 15-60,True,read_only_research_candidate
phase3az_light_broad_minute_00113,"CSRank(Sub(ZScore(Mean($amount_yuan,1)),ZScore(Mean($amount_yuan,5))))",az_flow_acceleration,phase3az_light_broad_minute,phase3az_light_broad_minute_pack_v1,phase3az:8f03b1a9f4251b7dd47eb674,8f03b1a9f4251b7dd47eb674,amount_yuan flow acceleration 1-5,True,read_only_research_candidate
phase3az_light_broad_minute_00114,"Neg(CSRank(Sub(ZScore(Mean($amount_yuan,1)),ZScore(Mean($amount_yuan,5)))))",az_flow_acceleration_reversal,phase3az_light_broad_minute,phase3az_light_broad_minute_pack_v1,phase3az:41c49f7148210fc041061ed2,41c49f7148210fc041061ed2,amount_yuan flow exhaustion 1-5,True,read_only_research_candidate
phase3az_light_broad_minute_00115,"CSRank(Sub(ZScore(Mean($amount_yuan,2)),ZScore(Mean($amount_yuan,8))))",az_flow_acceleration,phase3az_light_broad_minute,phase3az_light_broad_minute_pack_v1,phase3az:7acc45af7359a80e4e506dc5,7acc45af7359a80e4e506dc5,amount_yuan flow acceleration 2-8,True,read_only_research_candidate
phase3az_light_broad_minute_00116,"Neg(CSRank(Sub(ZScore(Mean($amount_yuan,2)),ZScore(Mean($amount_yuan,8)))))",az_flow_acceleration_reversal,phase3az_light_broad_minute,phase3az_light_broad_minute_pack_v1,phase3az:835936580d98afbe1185dcff,835936580d98afbe1185dcff,amount_yuan flow exhaustion 2-8,True,read_only_research_candidate
phase3az_light_broad_minute_00117,"CSRank(Sub(ZScore(Mean($amount_yuan,3)),ZScore(Mean($amount_yuan,10))))",az_flow_acceleration,phase3az_light_broad_minute,phase3az_light_broad_minute_pack_v1,phase3az:6d66109ee6c9a11e3fc74221,6d66109ee6c9a11e3fc74221,amount_yuan flow acceleration 3-10,True,read_only_research_candidate
phase3az_light_broad_minute_00118,"Neg(CSRank(Sub(ZScore(Mean($amount_yuan,3)),ZScore(Mean($amount_yuan,10)))))",az_flow_acceleration_reversal,phase3az_light_broad_minute,phase3az_light_broad_minute_pack_v1,phase3az:e1c701b3cbeaa75bfb740cb5,e1c701b3cbeaa75bfb740cb5,amount_yuan flow exhaustion 3-10,True,read_only_research_candidate
phase3az_light_broad_minute_00119,"CSRank(Sub(ZScore(Mean($amount_yuan,5)),ZScore(Mean($amount_yuan,20))))",az_flow_acceleration,phase3az_light_broad_minute,phase3az_light_broad_minute_pack_v1,phase3az:0c3ab0eaf525af0d80e6d860,0c3ab0eaf525af0d80e6d860,amount_yuan flow acceleration 5-20,True,read_only_research_candidate
phase3az_light_broad_minute_00120,"Neg(CSRank(Sub(ZScore(Mean($amount_yuan,5)),ZScore(Mean($amount_yuan,20)))))",az_flow_acceleration_reversal,phase3az_light_broad_minute,phase3az_light_broad_minute_pack_v1,phase3az:16d2b727b3f2387615731f70,16d2b727b3f2387615731f70,amount_yuan flow exhaustion 5-20,True,read_only_research_candidate
phase3az_light_broad_minute_00121,"CSRank(Sub(ZScore(Mean($amount_yuan,8)),ZScore(Mean($amount_yuan,30))))",az_flow_acceleration,phase3az_light_broad_minute,phase3az_light_broad_minute_pack_v1,phase3az:0f0e54849d0230e74bfaf2c3,0f0e54849d0230e74bfaf2c3,amount_yuan flow acceleration 8-30,True,read_only_research_candidate
phase3az_light_broad_minute_00122,"Neg(CSRank(Sub(ZScore(Mean($amount_yuan,8)),ZScore(Mean($amount_yuan,30)))))",az_flow_acceleration_reversal,phase3az_light_broad_minute,phase3az_light_broad_minute_pack_v1,phase3az:32598f2fcf045f54124d28da,32598f2fcf045f54124d28da,amount_yuan flow exhaustion 8-30,True,read_only_research_candidate
phase3az_light_broad_minute_00123,"CSRank(Sub(ZScore(Mean($amount_yuan,10)),ZScore(Mean($amount_yuan,45))))",az_flow_acceleration,phase3az_light_broad_minute,phase3az_light_broad_minute_pack_v1,phase3az:966600313d4aaf5615b67bcd,966600313d4aaf5615b67bcd,amount_yuan flow acceleration 10-45,True,read_only_research_candidate
phase3az_light_broad_minute_00124,"Neg(CSRank(Sub(ZScore(Mean($amount_yuan,10)),ZScore(Mean($amount_yuan,45)))))",az_flow_acceleration_reversal,phase3az_light_broad_minute,phase3az_light_broad_minute_pack_v1,phase3az:511083afce95b85fffe4b338,511083afce95b85fffe4b338,amount_yuan flow exhaustion 10-45,True,read_only_research_candidate
phase3az_light_broad_minute_00125,"CSRank(Sub(ZScore(Mean($amount_yuan,15)),ZScore(Mean($amount_yuan,60))))",az_flow_acceleration,phase3az_light_broad_minute,phase3az_light_broad_minute_pack_v1,phase3az:3f71216936ba93d90483a5a2,3f71216936ba93d90483a5a2,amount_yuan flow acceleration 15-60,True,read_only_research_candidate
phase3az_light_broad_minute_00126,"Neg(CSRank(Sub(ZScore(Mean($amount_yuan,15)),ZScore(Mean($amount_yuan,60)))))",az_flow_acceleration_reversal,phase3az_light_broad_minute,phase3az_light_broad_minute_pack_v1,phase3az:ef2975a8d4494e38157ae80f,ef2975a8d4494e38157ae80f,amount_yuan flow exhaustion 15-60,True,read_only_research_candidate
phase3az_light_broad_minute_00127,"CSRank(Mul(ZScore(Mom($close,1)),ZScore(Mean($volume,1))))",az_price_flow_confirmation,phase3az_light_broad_minute,phase3az_light_broad_minute_pack_v1,phase3az:af8c593a34ba615b10fa67d9,af8c593a34ba615b10fa67d9,close momentum confirmed by volume 1,True,read_only_research_candidate
phase3az_light_broad_minute_00128,"Neg(CSRank(Mul(ZScore(Mom($close,1)),ZScore(Mean($volume,1)))))",az_price_flow_exhaustion,phase3az_light_broad_minute,phase3az_light_broad_minute_pack_v1,phase3az:ecf303417cf62a6fa8ee7632,ecf303417cf62a6fa8ee7632,close momentum exhausted by volume 1,True,read_only_research_candidate
phase3az_light_broad_minute_00129,"CSRank(Mul(ZScore(Mom($close,2)),ZScore(Mean($volume,2))))",az_price_flow_confirmation,phase3az_light_broad_minute,phase3az_light_broad_minute_pack_v1,phase3az:1749a4c2569f3fabf3ce83f2,1749a4c2569f3fabf3ce83f2,close momentum confirmed by volume 2,True,read_only_research_candidate
phase3az_light_broad_minute_00130,"Neg(CSRank(Mul(ZScore(Mom($close,2)),ZScore(Mean($volume,2)))))",az_price_flow_exhaustion,phase3az_light_broad_minute,phase3az_light_broad_minute_pack_v1,phase3az:e7ab52d260986479ea76986d,e7ab52d260986479ea76986d,close momentum exhausted by volume 2,True,read_only_research_candidate
phase3az_light_broad_minute_00131,"CSRank(Mul(ZScore(Mom($close,3)),ZScore(Mean($volume,3))))",az_price_flow_confirmation,phase3az_light_broad_minute,phase3az_light_broad_minute_pack_v1,phase3az:f0c103b6dc173bcbd9ba1360,f0c103b6dc173bcbd9ba1360,close momentum confirmed by volume 3,True,read_only_research_candidate
phase3az_light_broad_minute_00132,"Neg(CSRank(Mul(ZScore(Mom($close,3)),ZScore(Mean($volume,3)))))",az_price_flow_exhaustion,phase3az_light_broad_minute,phase3az_light_broad_minute_pack_v1,phase3az:de3dbbad13eaebd9a6ce762a,de3dbbad13eaebd9a6ce762a,close momentum exhausted by volume 3,True,read_only_research_candidate
phase3az_light_broad_minute_00133,"CSRank(Mul(ZScore(Mom($close,5)),ZScore(Mean($volume,5))))",az_price_flow_confirmation,phase3az_light_broad_minute,phase3az_light_broad_minute_pack_v1,phase3az:0316912dad3b4c9de306cca6,0316912dad3b4c9de306cca6,close momentum confirmed by volume 5,True,read_only_research_candidate
phase3az_light_broad_minute_00134,"Neg(CSRank(Mul(ZScore(Mom($close,5)),ZScore(Mean($volume,5)))))",az_price_flow_exhaustion,phase3az_light_broad_minute,phase3az_light_broad_minute_pack_v1,phase3az:f148490e281449647389995f,f148490e281449647389995f,close momentum exhausted by volume 5,True,read_only_research_candidate
phase3az_light_broad_minute_00135,"CSRank(Mul(ZScore(Mom($close,8)),ZScore(Mean($volume,8))))",az_price_flow_confirmation,phase3az_light_broad_minute,phase3az_light_broad_minute_pack_v1,phase3az:9f27c3114dab49ff34dd74dc,9f27c3114dab49ff34dd74dc,close momentum confirmed by volume 8,True,read_only_research_candidate
phase3az_light_broad_minute_00136,"Neg(CSRank(Mul(ZScore(Mom($close,8)),ZScore(Mean($volume,8)))))",az_price_flow_exhaustion,phase3az_light_broad_minute,phase3az_light_broad_minute_pack_v1,phase3az:089e476dcd33273340d9fde9,089e476dcd33273340d9fde9,close momentum exhausted by volume 8,True,read_only_research_candidate
phase3az_light_broad_minute_00137,"CSRank(Mul(ZScore(Mom($close,10)),ZScore(Mean($volume,10))))",az_price_flow_confirmation,phase3az_light_broad_minute,phase3az_light_broad_minute_pack_v1,phase3az:ea1781ec8d5025e2a71579a2,ea1781ec8d5025e2a71579a2,close momentum confirmed by volume 10,True,read_only_research_candidate
phase3az_light_broad_minute_00138,"Neg(CSRank(Mul(ZScore(Mom($close,10)),ZScore(Mean($volume,10)))))",az_price_flow_exhaustion,phase3az_light_broad_minute,phase3az_light_broad_minute_pack_v1,phase3az:5e174003a288a1b449896495,5e174003a288a1b449896495,close momentum exhausted by volume 10,True,read_only_research_candidate
phase3az_light_broad_minute_00139,"CSRank(Mul(ZScore(Mom($close,15)),ZScore(Mean($volume,15))))",az_price_flow_confirmation,phase3az_light_broad_minute,phase3az_light_broad_minute_pack_v1,phase3az:d20b692e0bdac57dfffef689,d20b692e0bdac57dfffef689,close momentum confirmed by volume 15,True,read_only_research_candidate
phase3az_light_broad_minute_00140,"Neg(CSRank(Mul(ZScore(Mom($close,15)),ZScore(Mean($volume,15)))))",az_price_flow_exhaustion,phase3az_light_broad_minute,phase3az_light_broad_minute_pack_v1,phase3az:905449504c7e49d43121641a,905449504c7e49d43121641a,close momentum exhausted by volume 15,True,read_only_research_candidate
phase3az_light_broad_minute_00141,"CSRank(Mul(ZScore(Mom($close,20)),ZScore(Mean($volume,20))))",az_price_flow_confirmation,phase3az_light_broad_minute,phase3az_light_broad_minute_pack_v1,phase3az:6b270d84aaef30815b30d39f,6b270d84aaef30815b30d39f,close momentum confirmed by volume 20,True,read_only_research_candidate
phase3az_light_broad_minute_00142,"Neg(CSRank(Mul(ZScore(Mom($close,20)),ZScore(Mean($volume,20)))))",az_price_flow_exhaustion,phase3az_light_broad_minute,phase3az_light_broad_minute_pack_v1,phase3az:e223377f79944c83594f40ec,e223377f79944c83594f40ec,close momentum exhausted by volume 20,True,read_only_research_candidate
phase3az_light_broad_minute_00143,"CSRank(Mul(ZScore(Mom($close,30)),ZScore(Mean($volume,30))))",az_price_flow_confirmation,phase3az_light_broad_minute,phase3az_light_broad_minute_pack_v1,phase3az:7172d94f381b7d350846b700,7172d94f381b7d350846b700,close momentum confirmed by volume 30,True,read_only_research_candidate
phase3az_light_broad_minute_00144,"Neg(CSRank(Mul(ZScore(Mom($close,30)),ZScore(Mean($volume,30)))))",az_price_flow_exhaustion,phase3az_light_broad_minute,phase3az_light_broad_minute_pack_v1,phase3az:e0acf85a97feb1b9bd1411f0,e0acf85a97feb1b9bd1411f0,close momentum exhausted by volume 30,True,read_only_research_candidate
phase3az_light_broad_minute_00145,"CSRank(Mul(ZScore(Mom($close,45)),ZScore(Mean($volume,45))))",az_price_flow_confirmation,phase3az_light_broad_minute,phase3az_light_broad_minute_pack_v1,phase3az:5a2f69974b6b01f062084b01,5a2f69974b6b01f062084b01,close momentum confirmed by volume 45,True,read_only_research_candidate
phase3az_light_broad_minute_00146,"Neg(CSRank(Mul(ZScore(Mom($close,45)),ZScore(Mean($volume,45)))))",az_price_flow_exhaustion,phase3az_light_broad_minute,phase3az_light_broad_minute_pack_v1,phase3az:f5e87a6ebb0f1f659d90f204,f5e87a6ebb0f1f659d90f204,close momentum exhausted by volume 45,True,read_only_research_candidate
phase3az_light_broad_minute_00147,"CSRank(Mul(ZScore(Mom($close,60)),ZScore(Mean($volume,60))))",az_price_flow_confirmation,phase3az_light_broad_minute,phase3az_light_broad_minute_pack_v1,phase3az:0bfe456fe1dd50cea88cf248,0bfe456fe1dd50cea88cf248,close momentum confirmed by volume 60,True,read_only_research_candidate
phase3az_light_broad_minute_00148,"Neg(CSRank(Mul(ZScore(Mom($close,60)),ZScore(Mean($volume,60)))))",az_price_flow_exhaustion,phase3az_light_broad_minute,phase3az_light_broad_minute_pack_v1,phase3az:ea250e59253969ceadc7891e,ea250e59253969ceadc7891e,close momentum exhausted by volume 60,True,read_only_research_candidate
phase3az_light_broad_minute_00149,"CSRank(Mul(ZScore(Mom($close,1)),ZScore(Mean($amount_yuan,1))))",az_price_flow_confirmation,phase3az_light_broad_minute,phase3az_light_broad_minute_pack_v1,phase3az:6edaa282cb4fef27ed6d3426,6edaa282cb4fef27ed6d3426,close momentum confirmed by amount_yuan 1,True,read_only_research_candidate
phase3az_light_broad_minute_00150,"Neg(CSRank(Mul(ZScore(Mom($close,1)),ZScore(Mean($amount_yuan,1)))))",az_price_flow_exhaustion,phase3az_light_broad_minute,phase3az_light_broad_minute_pack_v1,phase3az:d5e373d1a31d85707460945f,d5e373d1a31d85707460945f,close momentum exhausted by amount_yuan 1,True,read_only_research_candidate
phase3az_light_broad_minute_00151,"CSRank(Mul(ZScore(Mom($close,2)),ZScore(Mean($amount_yuan,2))))",az_price_flow_confirmation,phase3az_light_broad_minute,phase3az_light_broad_minute_pack_v1,phase3az:46b247db7476fc28bfcc80ff,46b247db7476fc28bfcc80ff,close momentum confirmed by amount_yuan 2,True,read_only_research_candidate
phase3az_light_broad_minute_00152,"Neg(CSRank(Mul(ZScore(Mom($close,2)),ZScore(Mean($amount_yuan,2)))))",az_price_flow_exhaustion,phase3az_light_broad_minute,phase3az_light_broad_minute_pack_v1,phase3az:d92ea95c8f04a3889aa9f27d,d92ea95c8f04a3889aa9f27d,close momentum exhausted by amount_yuan 2,True,read_only_research_candidate
phase3az_light_broad_minute_00153,"CSRank(Mul(ZScore(Mom($close,3)),ZScore(Mean($amount_yuan,3))))",az_price_flow_confirmation,phase3az_light_broad_minute,phase3az_light_broad_minute_pack_v1,phase3az:9f3a32d9002bfe5ace55c66a,9f3a32d9002bfe5ace55c66a,close momentum confirmed by amount_yuan 3,True,read_only_research_candidate
phase3az_light_broad_minute_00154,"Neg(CSRank(Mul(ZScore(Mom($close,3)),ZScore(Mean($amount_yuan,3)))))",az_price_flow_exhaustion,phase3az_light_broad_minute,phase3az_light_broad_minute_pack_v1,phase3az:2d48055d6be1225e23b1e2c2,2d48055d6be1225e23b1e2c2,close momentum exhausted by amount_yuan 3,True,read_only_research_candidate
phase3az_light_broad_minute_00155,"CSRank(Mul(ZScore(Mom($close,5)),ZScore(Mean($amount_yuan,5))))",az_price_flow_confirmation,phase3az_light_broad_minute,phase3az_light_broad_minute_pack_v1,phase3az:c39111f2d5c478a723df07a5,c39111f2d5c478a723df07a5,close momentum confirmed by amount_yuan 5,True,read_only_research_candidate
phase3az_light_broad_minute_00156,"Neg(CSRank(Mul(ZScore(Mom($close,5)),ZScore(Mean($amount_yuan,5)))))",az_price_flow_exhaustion,phase3az_light_broad_minute,phase3az_light_broad_minute_pack_v1,phase3az:f7435c710ec3283031f89c0c,f7435c710ec3283031f89c0c,close momentum exhausted by amount_yuan 5,True,read_only_research_candidate
phase3az_light_broad_minute_00157,"CSRank(Mul(ZScore(Mom($close,8)),ZScore(Mean($amount_yuan,8))))",az_price_flow_confirmation,phase3az_light_broad_minute,phase3az_light_broad_minute_pack_v1,phase3az:fde75371a31c7dad60f55cb8,fde75371a31c7dad60f55cb8,close momentum confirmed by amount_yuan 8,True,read_only_research_candidate
phase3az_light_broad_minute_00158,"Neg(CSRank(Mul(ZScore(Mom($close,8)),ZScore(Mean($amount_yuan,8)))))",az_price_flow_exhaustion,phase3az_light_broad_minute,phase3az_light_broad_minute_pack_v1,phase3az:67202bf29bb43359f6b8a75d,67202bf29bb43359f6b8a75d,close momentum exhausted by amount_yuan 8,True,read_only_research_candidate
phase3az_light_broad_minute_00159,"CSRank(Mul(ZScore(Mom($close,10)),ZScore(Mean($amount_yuan,10))))",az_price_flow_confirmation,phase3az_light_broad_minute,phase3az_light_broad_minute_pack_v1,phase3az:46ce65651c39f65fc4bcc0b0,46ce65651c39f65fc4bcc0b0,close momentum confirmed by amount_yuan 10,True,read_only_research_candidate
phase3az_light_broad_minute_00160,"Neg(CSRank(Mul(ZScore(Mom($close,10)),ZScore(Mean($amount_yuan,10)))))",az_price_flow_exhaustion,phase3az_light_broad_minute,phase3az_light_broad_minute_pack_v1,phase3az:db9c78fa7a39d7496dd17083,db9c78fa7a39d7496dd17083,close momentum exhausted by amount_yuan 10,True,read_only_research_candidate
phase3az_light_broad_minute_00161,"CSRank(Mul(ZScore(Mom($close,15)),ZScore(Mean($amount_yuan,15))))",az_price_flow_confirmation,phase3az_light_broad_minute,phase3az_light_broad_minute_pack_v1,phase3az:781a2ca14ee32480daf4b929,781a2ca14ee32480daf4b929,close momentum confirmed by amount_yuan 15,True,read_only_research_candidate
phase3az_light_broad_minute_00162,"Neg(CSRank(Mul(ZScore(Mom($close,15)),ZScore(Mean($amount_yuan,15)))))",az_price_flow_exhaustion,phase3az_light_broad_minute,phase3az_light_broad_minute_pack_v1,phase3az:320bb11292e5fe815a952ed9,320bb11292e5fe815a952ed9,close momentum exhausted by amount_yuan 15,True,read_only_research_candidate
phase3az_light_broad_minute_00163,"CSRank(Mul(ZScore(Mom($close,20)),ZScore(Mean($amount_yuan,20))))",az_price_flow_confirmation,phase3az_light_broad_minute,phase3az_light_broad_minute_pack_v1,phase3az:258d62d5d4363c6c5c18cb14,258d62d5d4363c6c5c18cb14,close momentum confirmed by amount_yuan 20,True,read_only_research_candidate
phase3az_light_broad_minute_00164,"Neg(CSRank(Mul(ZScore(Mom($close,20)),ZScore(Mean($amount_yuan,20)))))",az_price_flow_exhaustion,phase3az_light_broad_minute,phase3az_light_broad_minute_pack_v1,phase3az:093b04c22de0ef7f6e3cc7a6,093b04c22de0ef7f6e3cc7a6,close momentum exhausted by amount_yuan 20,True,read_only_research_candidate
phase3az_light_broad_minute_00165,"CSRank(Mul(ZScore(Mom($close,30)),ZScore(Mean($amount_yuan,30))))",az_price_flow_confirmation,phase3az_light_broad_minute,phase3az_light_broad_minute_pack_v1,phase3az:1ae0c6ba163fa5ee01ee9791,1ae0c6ba163fa5ee01ee9791,close momentum confirmed by amount_yuan 30,True,read_only_research_candidate
phase3az_light_broad_minute_00166,"Neg(CSRank(Mul(ZScore(Mom($close,30)),ZScore(Mean($amount_yuan,30)))))",az_price_flow_exhaustion,phase3az_light_broad_minute,phase3az_light_broad_minute_pack_v1,phase3az:8dc18b69431953eca172a8b8,8dc18b69431953eca172a8b8,close momentum exhausted by amount_yuan 30,True,read_only_research_candidate
phase3az_light_broad_minute_00167,"CSRank(Mul(ZScore(Mom($close,45)),ZScore(Mean($amount_yuan,45))))",az_price_flow_confirmation,phase3az_light_broad_minute,phase3az_light_broad_minute_pack_v1,phase3az:5e7fdaae35158e1824b41d05,5e7fdaae35158e1824b41d05,close momentum confirmed by amount_yuan 45,True,read_only_research_candidate
phase3az_light_broad_minute_00168,"Neg(CSRank(Mul(ZScore(Mom($close,45)),ZScore(Mean($amount_yuan,45)))))",az_price_flow_exhaustion,phase3az_light_broad_minute,phase3az_light_broad_minute_pack_v1,phase3az:4847d6a636e96da9f6b1f940,4847d6a636e96da9f6b1f940,close momentum exhausted by amount_yuan 45,True,read_only_research_candidate
phase3az_light_broad_minute_00169,"CSRank(Mul(ZScore(Mom($close,60)),ZScore(Mean($amount_yuan,60))))",az_price_flow_confirmation,phase3az_light_broad_minute,phase3az_light_broad_minute_pack_v1,phase3az:af4d38e7aff064607dc1e1fc,af4d38e7aff064607dc1e1fc,close momentum confirmed by amount_yuan 60,True,read_only_research_candidate
phase3az_light_broad_minute_00170,"Neg(CSRank(Mul(ZScore(Mom($close,60)),ZScore(Mean($amount_yuan,60)))))",az_price_flow_exhaustion,phase3az_light_broad_minute,phase3az_light_broad_minute_pack_v1,phase3az:b91bf4b5a2c4655ad0750bb4,b91bf4b5a2c4655ad0750bb4,close momentum exhausted by amount_yuan 60,True,read_only_research_candidate
phase3az_light_broad_minute_00171,"CSRank(Mul(ZScore(Mom($close,1)),ZScore(Mean($amount,1))))",az_price_flow_confirmation,phase3az_light_broad_minute,phase3az_light_broad_minute_pack_v1,phase3az:d9b085d617e22576c814af93,d9b085d617e22576c814af93,close momentum confirmed by amount 1,True,read_only_research_candidate
phase3az_light_broad_minute_00172,"Neg(CSRank(Mul(ZScore(Mom($close,1)),ZScore(Mean($amount,1)))))",az_price_flow_exhaustion,phase3az_light_broad_minute,phase3az_light_broad_minute_pack_v1,phase3az:e9a6800d198267864a7c1428,e9a6800d198267864a7c1428,close momentum exhausted by amount 1,True,read_only_research_candidate
phase3az_light_broad_minute_00173,"CSRank(Mul(ZScore(Mom($close,2)),ZScore(Mean($amount,2))))",az_price_flow_confirmation,phase3az_light_broad_minute,phase3az_light_broad_minute_pack_v1,phase3az:475aaae7e70c247291560128,475aaae7e70c247291560128,close momentum confirmed by amount 2,True,read_only_research_candidate
phase3az_light_broad_minute_00174,"Neg(CSRank(Mul(ZScore(Mom($close,2)),ZScore(Mean($amount,2)))))",az_price_flow_exhaustion,phase3az_light_broad_minute,phase3az_light_broad_minute_pack_v1,phase3az:1e8eec186df67724b2e17c28,1e8eec186df67724b2e17c28,close momentum exhausted by amount 2,True,read_only_research_candidate
phase3az_light_broad_minute_00175,"CSRank(Mul(ZScore(Mom($close,3)),ZScore(Mean($amount,3))))",az_price_flow_confirmation,phase3az_light_broad_minute,phase3az_light_broad_minute_pack_v1,phase3az:98113c52f338b38b03e2058d,98113c52f338b38b03e2058d,close momentum confirmed by amount 3,True,read_only_research_candidate
phase3az_light_broad_minute_00176,"Neg(CSRank(Mul(ZScore(Mom($close,3)),ZScore(Mean($amount,3)))))",az_price_flow_exhaustion,phase3az_light_broad_minute,phase3az_light_broad_minute_pack_v1,phase3az:6fff4d56969d76d9ae374681,6fff4d56969d76d9ae374681,close momentum exhausted by amount 3,True,read_only_research_candidate
phase3az_light_broad_minute_00177,"CSRank(Mul(ZScore(Mom($close,5)),ZScore(Mean($amount,5))))",az_price_flow_confirmation,phase3az_light_broad_minute,phase3az_light_broad_minute_pack_v1,phase3az:895de97c682b105a021974a1,895de97c682b105a021974a1,close momentum confirmed by amount 5,True,read_only_research_candidate
phase3az_light_broad_minute_00178,"Neg(CSRank(Mul(ZScore(Mom($close,5)),ZScore(Mean($amount,5)))))",az_price_flow_exhaustion,phase3az_light_broad_minute,phase3az_light_broad_minute_pack_v1,phase3az:e51c16ff7478c7c5dcc76dbd,e51c16ff7478c7c5dcc76dbd,close momentum exhausted by amount 5,True,read_only_research_candidate
phase3az_light_broad_minute_00179,"CSRank(Mul(ZScore(Mom($close,8)),ZScore(Mean($amount,8))))",az_price_flow_confirmation,phase3az_light_broad_minute,phase3az_light_broad_minute_pack_v1,phase3az:b92b7d6dcea2b45677e1cb76,b92b7d6dcea2b45677e1cb76,close momentum confirmed by amount 8,True,read_only_research_candidate
phase3az_light_broad_minute_00180,"Neg(CSRank(Mul(ZScore(Mom($close,8)),ZScore(Mean($amount,8)))))",az_price_flow_exhaustion,phase3az_light_broad_minute,phase3az_light_broad_minute_pack_v1,phase3az:0b44624370b1329800b85a90,0b44624370b1329800b85a90,close momentum exhausted by amount 8,True,read_only_research_candidate
phase3az_light_broad_minute_00181,"CSRank(Mul(ZScore(Mom($close,10)),ZScore(Mean($amount,10))))",az_price_flow_confirmation,phase3az_light_broad_minute,phase3az_light_broad_minute_pack_v1,phase3az:13122e04b9dd8598544bf0fe,13122e04b9dd8598544bf0fe,close momentum confirmed by amount 10,True,read_only_research_candidate
phase3az_light_broad_minute_00182,"Neg(CSRank(Mul(ZScore(Mom($close,10)),ZScore(Mean($amount,10)))))",az_price_flow_exhaustion,phase3az_light_broad_minute,phase3az_light_broad_minute_pack_v1,phase3az:b81fdd35e7c7b893b9e6ed74,b81fdd35e7c7b893b9e6ed74,close momentum exhausted by amount 10,True,read_only_research_candidate
phase3az_light_broad_minute_00183,"CSRank(Mul(ZScore(Mom($close,15)),ZScore(Mean($amount,15))))",az_price_flow_confirmation,phase3az_light_broad_minute,phase3az_light_broad_minute_pack_v1,phase3az:17fe60cf04aae067ad45850e,17fe60cf04aae067ad45850e,close momentum confirmed by amount 15,True,read_only_research_candidate
phase3az_light_broad_minute_00184,"Neg(CSRank(Mul(ZScore(Mom($close,15)),ZScore(Mean($amount,15)))))",az_price_flow_exhaustion,phase3az_light_broad_minute,phase3az_light_broad_minute_pack_v1,phase3az:1297762ba082056022bb35cd,1297762ba082056022bb35cd,close momentum exhausted by amount 15,True,read_only_research_candidate
phase3az_light_broad_minute_00185,"CSRank(Mul(ZScore(Mom($close,20)),ZScore(Mean($amount,20))))",az_price_flow_confirmation,phase3az_light_broad_minute,phase3az_light_broad_minute_pack_v1,phase3az:e273d5283455695f1f71facb,e273d5283455695f1f71facb,close momentum confirmed by amount 20,True,read_only_research_candidate
phase3az_light_broad_minute_00186,"Neg(CSRank(Mul(ZScore(Mom($close,20)),ZScore(Mean($amount,20)))))",az_price_flow_exhaustion,phase3az_light_broad_minute,phase3az_light_broad_minute_pack_v1,phase3az:39e0124c8d9c993b23515f92,39e0124c8d9c993b23515f92,close momentum exhausted by amount 20,True,read_only_research_candidate
phase3az_light_broad_minute_00187,"CSRank(Mul(ZScore(Mom($close,30)),ZScore(Mean($amount,30))))",az_price_flow_confirmation,phase3az_light_broad_minute,phase3az_light_broad_minute_pack_v1,phase3az:f81d8b83b388f11f90af2557,f81d8b83b388f11f90af2557,close momentum confirmed by amount 30,True,read_only_research_candidate
phase3az_light_broad_minute_00188,"Neg(CSRank(Mul(ZScore(Mom($close,30)),ZScore(Mean($amount,30)))))",az_price_flow_exhaustion,phase3az_light_broad_minute,phase3az_light_broad_minute_pack_v1,phase3az:4c2b392033bc2ab5c61ddd91,4c2b392033bc2ab5c61ddd91,close momentum exhausted by amount 30,True,read_only_research_candidate
phase3az_light_broad_minute_00189,"CSRank(Mul(ZScore(Mom($close,45)),ZScore(Mean($amount,45))))",az_price_flow_confirmation,phase3az_light_broad_minute,phase3az_light_broad_minute_pack_v1,phase3az:5559a7f7c7d2a986747b0e9a,5559a7f7c7d2a986747b0e9a,close momentum confirmed by amount 45,True,read_only_research_candidate
phase3az_light_broad_minute_00190,"Neg(CSRank(Mul(ZScore(Mom($close,45)),ZScore(Mean($amount,45)))))",az_price_flow_exhaustion,phase3az_light_broad_minute,phase3az_light_broad_minute_pack_v1,phase3az:2a6480458c76189f9030d282,2a6480458c76189f9030d282,close momentum exhausted by amount 45,True,read_only_research_candidate
phase3az_light_broad_minute_00191,"CSRank(Mul(ZScore(Mom($close,60)),ZScore(Mean($amount,60))))",az_price_flow_confirmation,phase3az_light_broad_minute,phase3az_light_broad_minute_pack_v1,phase3az:c62bade29f3432b105b5ef6c,c62bade29f3432b105b5ef6c,close momentum confirmed by amount 60,True,read_only_research_candidate
phase3az_light_broad_minute_00192,"Neg(CSRank(Mul(ZScore(Mom($close,60)),ZScore(Mean($amount,60)))))",az_price_flow_exhaustion,phase3az_light_broad_minute,phase3az_light_broad_minute_pack_v1,phase3az:b2ee8d2b498f647c456a15c5,b2ee8d2b498f647c456a15c5,close momentum exhausted by amount 60,True,read_only_research_candidate
phase3az_light_broad_minute_00193,"CSRank(Mul(ZScore(Mom($vwap,1)),ZScore(Mean($volume,1))))",az_price_flow_confirmation,phase3az_light_broad_minute,phase3az_light_broad_minute_pack_v1,phase3az:46f7d1dc635d620dd879834c,46f7d1dc635d620dd879834c,vwap momentum confirmed by volume 1,True,read_only_research_candidate
phase3az_light_broad_minute_00194,"Neg(CSRank(Mul(ZScore(Mom($vwap,1)),ZScore(Mean($volume,1)))))",az_price_flow_exhaustion,phase3az_light_broad_minute,phase3az_light_broad_minute_pack_v1,phase3az:38278d1ae7a34f28a88a6aaa,38278d1ae7a34f28a88a6aaa,vwap momentum exhausted by volume 1,True,read_only_research_candidate
phase3az_light_broad_minute_00195,"CSRank(Mul(ZScore(Mom($vwap,2)),ZScore(Mean($volume,2))))",az_price_flow_confirmation,phase3az_light_broad_minute,phase3az_light_broad_minute_pack_v1,phase3az:a1678d9662920d2bb580378f,a1678d9662920d2bb580378f,vwap momentum confirmed by volume 2,True,read_only_research_candidate
phase3az_light_broad_minute_00196,"Neg(CSRank(Mul(ZScore(Mom($vwap,2)),ZScore(Mean($volume,2)))))",az_price_flow_exhaustion,phase3az_light_broad_minute,phase3az_light_broad_minute_pack_v1,phase3az:7a1649fc8342f55d81fd916e,7a1649fc8342f55d81fd916e,vwap momentum exhausted by volume 2,True,read_only_research_candidate
phase3az_light_broad_minute_00197,"CSRank(Mul(ZScore(Mom($vwap,3)),ZScore(Mean($volume,3))))",az_price_flow_confirmation,phase3az_light_broad_minute,phase3az_light_broad_minute_pack_v1,phase3az:be56b33c6ac460198d92781a,be56b33c6ac460198d92781a,vwap momentum confirmed by volume 3,True,read_only_research_candidate
phase3az_light_broad_minute_00198,"Neg(CSRank(Mul(ZScore(Mom($vwap,3)),ZScore(Mean($volume,3)))))",az_price_flow_exhaustion,phase3az_light_broad_minute,phase3az_light_broad_minute_pack_v1,phase3az:fd896cd73270af2726d156df,fd896cd73270af2726d156df,vwap momentum exhausted by volume 3,True,read_only_research_candidate
phase3az_light_broad_minute_00199,"CSRank(Mul(ZScore(Mom($vwap,5)),ZScore(Mean($volume,5))))",az_price_flow_confirmation,phase3az_light_broad_minute,phase3az_light_broad_minute_pack_v1,phase3az:4c4135b6ae1efaa66d755874,4c4135b6ae1efaa66d755874,vwap momentum confirmed by volume 5,True,read_only_research_candidate
phase3az_light_broad_minute_00200,"Neg(CSRank(Mul(ZScore(Mom($vwap,5)),ZScore(Mean($volume,5)))))",az_price_flow_exhaustion,phase3az_light_broad_minute,phase3az_light_broad_minute_pack_v1,phase3az:df227e6d0c2343601ead0ee2,df227e6d0c2343601ead0ee2,vwap momentum exhausted by volume 5,True,read_only_research_candidate
phase3az_light_broad_minute_00201,"CSRank(Mul(ZScore(Mom($vwap,8)),ZScore(Mean($volume,8))))",az_price_flow_confirmation,phase3az_light_broad_minute,phase3az_light_broad_minute_pack_v1,phase3az:f9dddbe8a1070cec85efbe5c,f9dddbe8a1070cec85efbe5c,vwap momentum confirmed by volume 8,True,read_only_research_candidate
phase3az_light_broad_minute_00202,"Neg(CSRank(Mul(ZScore(Mom($vwap,8)),ZScore(Mean($volume,8)))))",az_price_flow_exhaustion,phase3az_light_broad_minute,phase3az_light_broad_minute_pack_v1,phase3az:3ccb05bc73c85cc40a8695bc,3ccb05bc73c85cc40a8695bc,vwap momentum exhausted by volume 8,True,read_only_research_candidate
phase3az_light_broad_minute_00203,"CSRank(Mul(ZScore(Mom($vwap,10)),ZScore(Mean($volume,10))))",az_price_flow_confirmation,phase3az_light_broad_minute,phase3az_light_broad_minute_pack_v1,phase3az:2d4d46845eb10e58acde9d1c,2d4d46845eb10e58acde9d1c,vwap momentum confirmed by volume 10,True,read_only_research_candidate
phase3az_light_broad_minute_00204,"Neg(CSRank(Mul(ZScore(Mom($vwap,10)),ZScore(Mean($volume,10)))))",az_price_flow_exhaustion,phase3az_light_broad_minute,phase3az_light_broad_minute_pack_v1,phase3az:ed2438b12a1268e961ff3768,ed2438b12a1268e961ff3768,vwap momentum exhausted by volume 10,True,read_only_research_candidate
phase3az_light_broad_minute_00205,"CSRank(Mul(ZScore(Mom($vwap,15)),ZScore(Mean($volume,15))))",az_price_flow_confirmation,phase3az_light_broad_minute,phase3az_light_broad_minute_pack_v1,phase3az:44608c01941d999536c437b8,44608c01941d999536c437b8,vwap momentum confirmed by volume 15,True,read_only_research_candidate
phase3az_light_broad_minute_00206,"Neg(CSRank(Mul(ZScore(Mom($vwap,15)),ZScore(Mean($volume,15)))))",az_price_flow_exhaustion,phase3az_light_broad_minute,phase3az_light_broad_minute_pack_v1,phase3az:c15e949f3efd0638dbd133aa,c15e949f3efd0638dbd133aa,vwap momentum exhausted by volume 15,True,read_only_research_candidate
phase3az_light_broad_minute_00207,"CSRank(Mul(ZScore(Mom($vwap,20)),ZScore(Mean($volume,20))))",az_price_flow_confirmation,phase3az_light_broad_minute,phase3az_light_broad_minute_pack_v1,phase3az:72be3573912922f51bbc0cdf,72be3573912922f51bbc0cdf,vwap momentum confirmed by volume 20,True,read_only_research_candidate
phase3az_light_broad_minute_00208,"Neg(CSRank(Mul(ZScore(Mom($vwap,20)),ZScore(Mean($volume,20)))))",az_price_flow_exhaustion,phase3az_light_broad_minute,phase3az_light_broad_minute_pack_v1,phase3az:69462fa524f636e111fe58c6,69462fa524f636e111fe58c6,vwap momentum exhausted by volume 20,True,read_only_research_candidate
phase3az_light_broad_minute_00209,"CSRank(Mul(ZScore(Mom($vwap,30)),ZScore(Mean($volume,30))))",az_price_flow_confirmation,phase3az_light_broad_minute,phase3az_light_broad_minute_pack_v1,phase3az:ef5d2ed92f2caf9f5885e1c1,ef5d2ed92f2caf9f5885e1c1,vwap momentum confirmed by volume 30,True,read_only_research_candidate
phase3az_light_broad_minute_00210,"Neg(CSRank(Mul(ZScore(Mom($vwap,30)),ZScore(Mean($volume,30)))))",az_price_flow_exhaustion,phase3az_light_broad_minute,phase3az_light_broad_minute_pack_v1,phase3az:d929c5b8a5831b08d34a2f56,d929c5b8a5831b08d34a2f56,vwap momentum exhausted by volume 30,True,read_only_research_candidate
phase3az_light_broad_minute_00211,"CSRank(Mul(ZScore(Mom($vwap,45)),ZScore(Mean($volume,45))))",az_price_flow_confirmation,phase3az_light_broad_minute,phase3az_light_broad_minute_pack_v1,phase3az:438aef32f1cf78b9a43919ac,438aef32f1cf78b9a43919ac,vwap momentum confirmed by volume 45,True,read_only_research_candidate
phase3az_light_broad_minute_00212,"Neg(CSRank(Mul(ZScore(Mom($vwap,45)),ZScore(Mean($volume,45)))))",az_price_flow_exhaustion,phase3az_light_broad_minute,phase3az_light_broad_minute_pack_v1,phase3az:721405db06a8a99d608a3899,721405db06a8a99d608a3899,vwap momentum exhausted by volume 45,True,read_only_research_candidate
phase3az_light_broad_minute_00213,"CSRank(Mul(ZScore(Mom($vwap,60)),ZScore(Mean($volume,60))))",az_price_flow_confirmation,phase3az_light_broad_minute,phase3az_light_broad_minute_pack_v1,phase3az:88d8407e32b5ab5b80319829,88d8407e32b5ab5b80319829,vwap momentum confirmed by volume 60,True,read_only_research_candidate
phase3az_light_broad_minute_00214,"Neg(CSRank(Mul(ZScore(Mom($vwap,60)),ZScore(Mean($volume,60)))))",az_price_flow_exhaustion,phase3az_light_broad_minute,phase3az_light_broad_minute_pack_v1,phase3az:6bf2919d14c225d85f357c53,6bf2919d14c225d85f357c53,vwap momentum exhausted by volume 60,True,read_only_research_candidate
phase3az_light_broad_minute_00215,"CSRank(Mul(ZScore(Mom($vwap,1)),ZScore(Mean($amount_yuan,1))))",az_price_flow_confirmation,phase3az_light_broad_minute,phase3az_light_broad_minute_pack_v1,phase3az:e4ae825216be422333dcfd49,e4ae825216be422333dcfd49,vwap momentum confirmed by amount_yuan 1,True,read_only_research_candidate
phase3az_light_broad_minute_00216,"Neg(CSRank(Mul(ZScore(Mom($vwap,1)),ZScore(Mean($amount_yuan,1)))))",az_price_flow_exhaustion,phase3az_light_broad_minute,phase3az_light_broad_minute_pack_v1,phase3az:6141db91a45705608afd76dd,6141db91a45705608afd76dd,vwap momentum exhausted by amount_yuan 1,True,read_only_research_candidate
phase3az_light_broad_minute_00217,"CSRank(Mul(ZScore(Mom($vwap,2)),ZScore(Mean($amount_yuan,2))))",az_price_flow_confirmation,phase3az_light_broad_minute,phase3az_light_broad_minute_pack_v1,phase3az:82eb6552acd13c689cc385a4,82eb6552acd13c689cc385a4,vwap momentum confirmed by amount_yuan 2,True,read_only_research_candidate
phase3az_light_broad_minute_00218,"Neg(CSRank(Mul(ZScore(Mom($vwap,2)),ZScore(Mean($amount_yuan,2)))))",az_price_flow_exhaustion,phase3az_light_broad_minute,phase3az_light_broad_minute_pack_v1,phase3az:1b0ce38fb7d659d040140411,1b0ce38fb7d659d040140411,vwap momentum exhausted by amount_yuan 2,True,read_only_research_candidate
phase3az_light_broad_minute_00219,"CSRank(Mul(ZScore(Mom($vwap,3)),ZScore(Mean($amount_yuan,3))))",az_price_flow_confirmation,phase3az_light_broad_minute,phase3az_light_broad_minute_pack_v1,phase3az:1a2b4e85ed3813f39555c1cd,1a2b4e85ed3813f39555c1cd,vwap momentum confirmed by amount_yuan 3,True,read_only_research_candidate
phase3az_light_broad_minute_00220,"Neg(CSRank(Mul(ZScore(Mom($vwap,3)),ZScore(Mean($amount_yuan,3)))))",az_price_flow_exhaustion,phase3az_light_broad_minute,phase3az_light_broad_minute_pack_v1,phase3az:f7c53b17f35dccbb60f7b959,f7c53b17f35dccbb60f7b959,vwap momentum exhausted by amount_yuan 3,True,read_only_research_candidate
phase3az_light_broad_minute_00221,"CSRank(Mul(ZScore(Mom($vwap,5)),ZScore(Mean($amount_yuan,5))))",az_price_flow_confirmation,phase3az_light_broad_minute,phase3az_light_broad_minute_pack_v1,phase3az:36b9db07d65c7845458e5f7a,36b9db07d65c7845458e5f7a,vwap momentum confirmed by amount_yuan 5,True,read_only_research_candidate
phase3az_light_broad_minute_00222,"Neg(CSRank(Mul(ZScore(Mom($vwap,5)),ZScore(Mean($amount_yuan,5)))))",az_price_flow_exhaustion,phase3az_light_broad_minute,phase3az_light_broad_minute_pack_v1,phase3az:2e0d076d56f3e753617e5ece,2e0d076d56f3e753617e5ece,vwap momentum exhausted by amount_yuan 5,True,read_only_research_candidate
phase3az_light_broad_minute_00223,"CSRank(Mul(ZScore(Mom($vwap,8)),ZScore(Mean($amount_yuan,8))))",az_price_flow_confirmation,phase3az_light_broad_minute,phase3az_light_broad_minute_pack_v1,phase3az:44dffe84b31a6bc613e0b015,44dffe84b31a6bc613e0b015,vwap momentum confirmed by amount_yuan 8,True,read_only_research_candidate
phase3az_light_broad_minute_00224,"Neg(CSRank(Mul(ZScore(Mom($vwap,8)),ZScore(Mean($amount_yuan,8)))))",az_price_flow_exhaustion,phase3az_light_broad_minute,phase3az_light_broad_minute_pack_v1,phase3az:f8230e46b9162580d8c374dc,f8230e46b9162580d8c374dc,vwap momentum exhausted by amount_yuan 8,True,read_only_research_candidate
phase3az_light_broad_minute_00225,"CSRank(Mul(ZScore(Mom($vwap,10)),ZScore(Mean($amount_yuan,10))))",az_price_flow_confirmation,phase3az_light_broad_minute,phase3az_light_broad_minute_pack_v1,phase3az:c82402ed1dbf702ad7a778aa,c82402ed1dbf702ad7a778aa,vwap momentum confirmed by amount_yuan 10,True,read_only_research_candidate
phase3az_light_broad_minute_00226,"Neg(CSRank(Mul(ZScore(Mom($vwap,10)),ZScore(Mean($amount_yuan,10)))))",az_price_flow_exhaustion,phase3az_light_broad_minute,phase3az_light_broad_minute_pack_v1,phase3az:c9156cd115736185ef13a918,c9156cd115736185ef13a918,vwap momentum exhausted by amount_yuan 10,True,read_only_research_candidate
phase3az_light_broad_minute_00227,"CSRank(Mul(ZScore(Mom($vwap,15)),ZScore(Mean($amount_yuan,15))))",az_price_flow_confirmation,phase3az_light_broad_minute,phase3az_light_broad_minute_pack_v1,phase3az:8a830f672a0462cb6a9f6d63,8a830f672a0462cb6a9f6d63,vwap momentum confirmed by amount_yuan 15,True,read_only_research_candidate
phase3az_light_broad_minute_00228,"Neg(CSRank(Mul(ZScore(Mom($vwap,15)),ZScore(Mean($amount_yuan,15)))))",az_price_flow_exhaustion,phase3az_light_broad_minute,phase3az_light_broad_minute_pack_v1,phase3az:7b80987b79e165fc0152a1bf,7b80987b79e165fc0152a1bf,vwap momentum exhausted by amount_yuan 15,True,read_only_research_candidate
phase3az_light_broad_minute_00229,"CSRank(Mul(ZScore(Mom($vwap,20)),ZScore(Mean($amount_yuan,20))))",az_price_flow_confirmation,phase3az_light_broad_minute,phase3az_light_broad_minute_pack_v1,phase3az:b5e100ad4fff01c898e708ce,b5e100ad4fff01c898e708ce,vwap momentum confirmed by amount_yuan 20,True,read_only_research_candidate
phase3az_light_broad_minute_00230,"Neg(CSRank(Mul(ZScore(Mom($vwap,20)),ZScore(Mean($amount_yuan,20)))))",az_price_flow_exhaustion,phase3az_light_broad_minute,phase3az_light_broad_minute_pack_v1,phase3az:3cd56ccfc5a0ac419225956f,3cd56ccfc5a0ac419225956f,vwap momentum exhausted by amount_yuan 20,True,read_only_research_candidate
phase3az_light_broad_minute_00231,"CSRank(Mul(ZScore(Mom($vwap,30)),ZScore(Mean($amount_yuan,30))))",az_price_flow_confirmation,phase3az_light_broad_minute,phase3az_light_broad_minute_pack_v1,phase3az:aca07753d81723e56c19d361,aca07753d81723e56c19d361,vwap momentum confirmed by amount_yuan 30,True,read_only_research_candidate
phase3az_light_broad_minute_00232,"Neg(CSRank(Mul(ZScore(Mom($vwap,30)),ZScore(Mean($amount_yuan,30)))))",az_price_flow_exhaustion,phase3az_light_broad_minute,phase3az_light_broad_minute_pack_v1,phase3az:251449379bb08bc1404fd88b,251449379bb08bc1404fd88b,vwap momentum exhausted by amount_yuan 30,True,read_only_research_candidate
phase3az_light_broad_minute_00233,"CSRank(Mul(ZScore(Mom($vwap,45)),ZScore(Mean($amount_yuan,45))))",az_price_flow_confirmation,phase3az_light_broad_minute,phase3az_light_broad_minute_pack_v1,phase3az:96bce66299da68f7acfd3896,96bce66299da68f7acfd3896,vwap momentum confirmed by amount_yuan 45,True,read_only_research_candidate
phase3az_light_broad_minute_00234,"Neg(CSRank(Mul(ZScore(Mom($vwap,45)),ZScore(Mean($amount_yuan,45)))))",az_price_flow_exhaustion,phase3az_light_broad_minute,phase3az_light_broad_minute_pack_v1,phase3az:405e6467d1dea8a1537381a5,405e6467d1dea8a1537381a5,vwap momentum exhausted by amount_yuan 45,True,read_only_research_candidate
phase3az_light_broad_minute_00235,"CSRank(Mul(ZScore(Mom($vwap,60)),ZScore(Mean($amount_yuan,60))))",az_price_flow_confirmation,phase3az_light_broad_minute,phase3az_light_broad_minute_pack_v1,phase3az:23ea0be5a5c2109b22a8a2ec,23ea0be5a5c2109b22a8a2ec,vwap momentum confirmed by amount_yuan 60,True,read_only_research_candidate
phase3az_light_broad_minute_00236,"Neg(CSRank(Mul(ZScore(Mom($vwap,60)),ZScore(Mean($amount_yuan,60)))))",az_price_flow_exhaustion,phase3az_light_broad_minute,phase3az_light_broad_minute_pack_v1,phase3az:85cdaf745b5628cb2752c683,85cdaf745b5628cb2752c683,vwap momentum exhausted by amount_yuan 60,True,read_only_research_candidate
phase3az_light_broad_minute_00237,"CSRank(Mul(ZScore(Mom($vwap,1)),ZScore(Mean($amount,1))))",az_price_flow_confirmation,phase3az_light_broad_minute,phase3az_light_broad_minute_pack_v1,phase3az:82a8e5c067f788f9ad9fb8e6,82a8e5c067f788f9ad9fb8e6,vwap momentum confirmed by amount 1,True,read_only_research_candidate
phase3az_light_broad_minute_00238,"Neg(CSRank(Mul(ZScore(Mom($vwap,1)),ZScore(Mean($amount,1)))))",az_price_flow_exhaustion,phase3az_light_broad_minute,phase3az_light_broad_minute_pack_v1,phase3az:95db7593349002560252d967,95db7593349002560252d967,vwap momentum exhausted by amount 1,True,read_only_research_candidate
phase3az_light_broad_minute_00239,"CSRank(Mul(ZScore(Mom($vwap,2)),ZScore(Mean($amount,2))))",az_price_flow_confirmation,phase3az_light_broad_minute,phase3az_light_broad_minute_pack_v1,phase3az:ad880f2e486b8750a7a22845,ad880f2e486b8750a7a22845,vwap momentum confirmed by amount 2,True,read_only_research_candidate
phase3az_light_broad_minute_00240,"Neg(CSRank(Mul(ZScore(Mom($vwap,2)),ZScore(Mean($amount,2)))))",az_price_flow_exhaustion,phase3az_light_broad_minute,phase3az_light_broad_minute_pack_v1,phase3az:3863b73ae42073103a585544,3863b73ae42073103a585544,vwap momentum exhausted by amount 2,True,read_only_research_candidate
phase3az_light_broad_minute_00241,"CSRank(Mul(ZScore(Mom($vwap,3)),ZScore(Mean($amount,3))))",az_price_flow_confirmation,phase3az_light_broad_minute,phase3az_light_broad_minute_pack_v1,phase3az:eaf9ac636b78e9142672f3d4,eaf9ac636b78e9142672f3d4,vwap momentum confirmed by amount 3,True,read_only_research_candidate
phase3az_light_broad_minute_00242,"Neg(CSRank(Mul(ZScore(Mom($vwap,3)),ZScore(Mean($amount,3)))))",az_price_flow_exhaustion,phase3az_light_broad_minute,phase3az_light_broad_minute_pack_v1,phase3az:998848c5958364367fec1dd9,998848c5958364367fec1dd9,vwap momentum exhausted by amount 3,True,read_only_research_candidate
phase3az_light_broad_minute_00243,"CSRank(Mul(ZScore(Mom($vwap,5)),ZScore(Mean($amount,5))))",az_price_flow_confirmation,phase3az_light_broad_minute,phase3az_light_broad_minute_pack_v1,phase3az:5b762858edf6beac6b0ccd46,5b762858edf6beac6b0ccd46,vwap momentum confirmed by amount 5,True,read_only_research_candidate
phase3az_light_broad_minute_00244,"Neg(CSRank(Mul(ZScore(Mom($vwap,5)),ZScore(Mean($amount,5)))))",az_price_flow_exhaustion,phase3az_light_broad_minute,phase3az_light_broad_minute_pack_v1,phase3az:b5ea0cdf3e6ca739add1885b,b5ea0cdf3e6ca739add1885b,vwap momentum exhausted by amount 5,True,read_only_research_candidate
phase3az_light_broad_minute_00245,"CSRank(Mul(ZScore(Mom($vwap,8)),ZScore(Mean($amount,8))))",az_price_flow_confirmation,phase3az_light_broad_minute,phase3az_light_broad_minute_pack_v1,phase3az:4c0e2ecf1d19df3c333da7dd,4c0e2ecf1d19df3c333da7dd,vwap momentum confirmed by amount 8,True,read_only_research_candidate
phase3az_light_broad_minute_00246,"Neg(CSRank(Mul(ZScore(Mom($vwap,8)),ZScore(Mean($amount,8)))))",az_price_flow_exhaustion,phase3az_light_broad_minute,phase3az_light_broad_minute_pack_v1,phase3az:a9c47dced811c9a33aed0720,a9c47dced811c9a33aed0720,vwap momentum exhausted by amount 8,True,read_only_research_candidate
phase3az_light_broad_minute_00247,"CSRank(Mul(ZScore(Mom($vwap,10)),ZScore(Mean($amount,10))))",az_price_flow_confirmation,phase3az_light_broad_minute,phase3az_light_broad_minute_pack_v1,phase3az:039e820585ae248504f69faa,039e820585ae248504f69faa,vwap momentum confirmed by amount 10,True,read_only_research_candidate
phase3az_light_broad_minute_00248,"Neg(CSRank(Mul(ZScore(Mom($vwap,10)),ZScore(Mean($amount,10)))))",az_price_flow_exhaustion,phase3az_light_broad_minute,phase3az_light_broad_minute_pack_v1,phase3az:aeee24713310b61c32f61e47,aeee24713310b61c32f61e47,vwap momentum exhausted by amount 10,True,read_only_research_candidate
phase3az_light_broad_minute_00249,"CSRank(Mul(ZScore(Mom($vwap,15)),ZScore(Mean($amount,15))))",az_price_flow_confirmation,phase3az_light_broad_minute,phase3az_light_broad_minute_pack_v1,phase3az:b0fc0c3441247f1a00871f04,b0fc0c3441247f1a00871f04,vwap momentum confirmed by amount 15,True,read_only_research_candidate
phase3az_light_broad_minute_00250,"Neg(CSRank(Mul(ZScore(Mom($vwap,15)),ZScore(Mean($amount,15)))))",az_price_flow_exhaustion,phase3az_light_broad_minute,phase3az_light_broad_minute_pack_v1,phase3az:51bc3965bd85e4f71664e18d,51bc3965bd85e4f71664e18d,vwap momentum exhausted by amount 15,True,read_only_research_candidate
phase3az_light_broad_minute_00251,"CSRank(Mul(ZScore(Mom($vwap,20)),ZScore(Mean($amount,20))))",az_price_flow_confirmation,phase3az_light_broad_minute,phase3az_light_broad_minute_pack_v1,phase3az:967d0a5b40079289a0a26f77,967d0a5b40079289a0a26f77,vwap momentum confirmed by amount 20,True,read_only_research_candidate
phase3az_light_broad_minute_00252,"Neg(CSRank(Mul(ZScore(Mom($vwap,20)),ZScore(Mean($amount,20)))))",az_price_flow_exhaustion,phase3az_light_broad_minute,phase3az_light_broad_minute_pack_v1,phase3az:b07d2374a6b67b66b9fa86d4,b07d2374a6b67b66b9fa86d4,vwap momentum exhausted by amount 20,True,read_only_research_candidate
phase3az_light_broad_minute_00253,"CSRank(Mul(ZScore(Mom($vwap,30)),ZScore(Mean($amount,30))))",az_price_flow_confirmation,phase3az_light_broad_minute,phase3az_light_broad_minute_pack_v1,phase3az:8681d148f0a786ee4a36a187,8681d148f0a786ee4a36a187,vwap momentum confirmed by amount 30,True,read_only_research_candidate
phase3az_light_broad_minute_00254,"Neg(CSRank(Mul(ZScore(Mom($vwap,30)),ZScore(Mean($amount,30)))))",az_price_flow_exhaustion,phase3az_light_broad_minute,phase3az_light_broad_minute_pack_v1,phase3az:d20ec074ecb2ca7141a8bfd4,d20ec074ecb2ca7141a8bfd4,vwap momentum exhausted by amount 30,True,read_only_research_candidate
phase3az_light_broad_minute_00255,"CSRank(Mul(ZScore(Mom($vwap,45)),ZScore(Mean($amount,45))))",az_price_flow_confirmation,phase3az_light_broad_minute,phase3az_light_broad_minute_pack_v1,phase3az:3f9f3cbaed84db56680274cf,3f9f3cbaed84db56680274cf,vwap momentum confirmed by amount 45,True,read_only_research_candidate
phase3az_light_broad_minute_00256,"Neg(CSRank(Mul(ZScore(Mom($vwap,45)),ZScore(Mean($amount,45)))))",az_price_flow_exhaustion,phase3az_light_broad_minute,phase3az_light_broad_minute_pack_v1,phase3az:0f400053b9936894e86929bf,0f400053b9936894e86929bf,vwap momentum exhausted by amount 45,True,read_only_research_candidate
phase3az_light_broad_minute_00257,"CSRank(Mul(ZScore(Mom($vwap,60)),ZScore(Mean($amount,60))))",az_price_flow_confirmation,phase3az_light_broad_minute,phase3az_light_broad_minute_pack_v1,phase3az:ea6e670901915429ad910069,ea6e670901915429ad910069,vwap momentum confirmed by amount 60,True,read_only_research_candidate
phase3az_light_broad_minute_00258,"Neg(CSRank(Mul(ZScore(Mom($vwap,60)),ZScore(Mean($amount,60)))))",az_price_flow_exhaustion,phase3az_light_broad_minute,phase3az_light_broad_minute_pack_v1,phase3az:80765f6812c789eb433195b2,80765f6812c789eb433195b2,vwap momentum exhausted by amount 60,True,read_only_research_candidate
phase3az_light_broad_minute_00259,CSRank($m1_first5_vwap_return_vs_open),az_opening_window_direct,phase3az_light_broad_minute,phase3az_light_broad_minute_pack_v1,phase3az:f8a558a8607efe8234548e48,f8a558a8607efe8234548e48,opening field direct m1_first5_vwap_return_vs_open,True,read_only_research_candidate
phase3az_light_broad_minute_00260,Neg(CSRank($m1_first5_vwap_return_vs_open)),az_opening_window_inverse,phase3az_light_broad_minute,phase3az_light_broad_minute_pack_v1,phase3az:eb630543d60eda9324da264f,eb630543d60eda9324da264f,opening field inverse m1_first5_vwap_return_vs_open,True,read_only_research_candidate
phase3az_light_broad_minute_00261,"CSRank(Mul(ZScore($m1_first5_vwap_return_vs_open),ZScore(Mean($amount_yuan,15))))",az_opening_window_flow_interaction,phase3az_light_broad_minute,phase3az_light_broad_minute_pack_v1,phase3az:fbb89533fe722eb3b2bef21a,fbb89533fe722eb3b2bef21a,m1_first5_vwap_return_vs_open x amount_yuan,True,read_only_research_candidate
phase3az_light_broad_minute_00262,"Neg(CSRank(Mul(ZScore($m1_first5_vwap_return_vs_open),ZScore(Mean($amount_yuan,15)))))",az_opening_window_flow_exhaustion,phase3az_light_broad_minute,phase3az_light_broad_minute_pack_v1,phase3az:6071a79424eb2d80409756d4,6071a79424eb2d80409756d4,inverse m1_first5_vwap_return_vs_open x amount_yuan,True,read_only_research_candidate
phase3az_light_broad_minute_00263,"CSRank(Mul(ZScore($m1_first5_vwap_return_vs_open),ZScore(Mean($volume,15))))",az_opening_window_flow_interaction,phase3az_light_broad_minute,phase3az_light_broad_minute_pack_v1,phase3az:7be2b3a885ab754341daae13,7be2b3a885ab754341daae13,m1_first5_vwap_return_vs_open x volume,True,read_only_research_candidate
phase3az_light_broad_minute_00264,"Neg(CSRank(Mul(ZScore($m1_first5_vwap_return_vs_open),ZScore(Mean($volume,15)))))",az_opening_window_flow_exhaustion,phase3az_light_broad_minute,phase3az_light_broad_minute_pack_v1,phase3az:4b4b5f8ad09e78c658937da0,4b4b5f8ad09e78c658937da0,inverse m1_first5_vwap_return_vs_open x volume,True,read_only_research_candidate
phase3az_light_broad_minute_00265,CSRank($m1_first15_vwap_return_vs_open),az_opening_window_direct,phase3az_light_broad_minute,phase3az_light_broad_minute_pack_v1,phase3az:8a530f0f6fa3e3f4db9c6fb6,8a530f0f6fa3e3f4db9c6fb6,opening field direct m1_first15_vwap_return_vs_open,True,read_only_research_candidate
phase3az_light_broad_minute_00266,Neg(CSRank($m1_first15_vwap_return_vs_open)),az_opening_window_inverse,phase3az_light_broad_minute,phase3az_light_broad_minute_pack_v1,phase3az:b208603994f61f34a78d0d94,b208603994f61f34a78d0d94,opening field inverse m1_first15_vwap_return_vs_open,True,read_only_research_candidate
phase3az_light_broad_minute_00267,"CSRank(Mul(ZScore($m1_first15_vwap_return_vs_open),ZScore(Mean($amount_yuan,15))))",az_opening_window_flow_interaction,phase3az_light_broad_minute,phase3az_light_broad_minute_pack_v1,phase3az:d22bed7abbf93292c04a7ea2,d22bed7abbf93292c04a7ea2,m1_first15_vwap_return_vs_open x amount_yuan,True,read_only_research_candidate
phase3az_light_broad_minute_00268,"Neg(CSRank(Mul(ZScore($m1_first15_vwap_return_vs_open),ZScore(Mean($amount_yuan,15)))))",az_opening_window_flow_exhaustion,phase3az_light_broad_minute,phase3az_light_broad_minute_pack_v1,phase3az:1bf0f5755c152216849ab140,1bf0f5755c152216849ab140,inverse m1_first15_vwap_return_vs_open x amount_yuan,True,read_only_research_candidate
phase3az_light_broad_minute_00269,"CSRank(Mul(ZScore($m1_first15_vwap_return_vs_open),ZScore(Mean($volume,15))))",az_opening_window_flow_interaction,phase3az_light_broad_minute,phase3az_light_broad_minute_pack_v1,phase3az:bcc36644bc4b86d471f0efbf,bcc36644bc4b86d471f0efbf,m1_first15_vwap_return_vs_open x volume,True,read_only_research_candidate
phase3az_light_broad_minute_00270,"Neg(CSRank(Mul(ZScore($m1_first15_vwap_return_vs_open),ZScore(Mean($volume,15)))))",az_opening_window_flow_exhaustion,phase3az_light_broad_minute,phase3az_light_broad_minute_pack_v1,phase3az:b62dbebc470a26efc1aca120,b62dbebc470a26efc1aca120,inverse m1_first15_vwap_return_vs_open x volume,True,read_only_research_candidate
phase3az_light_broad_minute_00271,CSRank($m1_first30_vwap_return_vs_open),az_opening_window_direct,phase3az_light_broad_minute,phase3az_light_broad_minute_pack_v1,phase3az:f0b9559d91e0058c381129e2,f0b9559d91e0058c381129e2,opening field direct m1_first30_vwap_return_vs_open,True,read_only_research_candidate
phase3az_light_broad_minute_00272,Neg(CSRank($m1_first30_vwap_return_vs_open)),az_opening_window_inverse,phase3az_light_broad_minute,phase3az_light_broad_minute_pack_v1,phase3az:0783161d5f727e7231c97050,0783161d5f727e7231c97050,opening field inverse m1_first30_vwap_return_vs_open,True,read_only_research_candidate
phase3az_light_broad_minute_00273,"CSRank(Mul(ZScore($m1_first30_vwap_return_vs_open),ZScore(Mean($amount_yuan,15))))",az_opening_window_flow_interaction,phase3az_light_broad_minute,phase3az_light_broad_minute_pack_v1,phase3az:be7bd0d5ddf8bb7b2c7a0975,be7bd0d5ddf8bb7b2c7a0975,m1_first30_vwap_return_vs_open x amount_yuan,True,read_only_research_candidate
phase3az_light_broad_minute_00274,"Neg(CSRank(Mul(ZScore($m1_first30_vwap_return_vs_open),ZScore(Mean($amount_yuan,15)))))",az_opening_window_flow_exhaustion,phase3az_light_broad_minute,phase3az_light_broad_minute_pack_v1,phase3az:71525c09881832630a1aa9a2,71525c09881832630a1aa9a2,inverse m1_first30_vwap_return_vs_open x amount_yuan,True,read_only_research_candidate
phase3az_light_broad_minute_00275,"CSRank(Mul(ZScore($m1_first30_vwap_return_vs_open),ZScore(Mean($volume,15))))",az_opening_window_flow_interaction,phase3az_light_broad_minute,phase3az_light_broad_minute_pack_v1,phase3az:09371cc7e95b2e0ca5facd8b,09371cc7e95b2e0ca5facd8b,m1_first30_vwap_return_vs_open x volume,True,read_only_research_candidate
phase3az_light_broad_minute_00276,"Neg(CSRank(Mul(ZScore($m1_first30_vwap_return_vs_open),ZScore(Mean($volume,15)))))",az_opening_window_flow_exhaustion,phase3az_light_broad_minute,phase3az_light_broad_minute_pack_v1,phase3az:6a75301cd38b38204b0f1c68,6a75301cd38b38204b0f1c68,inverse m1_first30_vwap_return_vs_open x volume,True,read_only_research_candidate
phase3az_light_broad_minute_00277,CSRank($m1_first5_range_pct),az_opening_window_direct,phase3az_light_broad_minute,phase3az_light_broad_minute_pack_v1,phase3az:623588d8ef66eb2bd54a2956,623588d8ef66eb2bd54a2956,opening field direct m1_first5_range_pct,True,read_only_research_candidate
phase3az_light_broad_minute_00278,Neg(CSRank($m1_first5_range_pct)),az_opening_window_inverse,phase3az_light_broad_minute,phase3az_light_broad_minute_pack_v1,phase3az:fc9f7380bd2fb7d867db9159,fc9f7380bd2fb7d867db9159,opening field inverse m1_first5_range_pct,True,read_only_research_candidate
phase3az_light_broad_minute_00279,"CSRank(Mul(ZScore($m1_first5_range_pct),ZScore(Mean($amount_yuan,15))))",az_opening_window_flow_interaction,phase3az_light_broad_minute,phase3az_light_broad_minute_pack_v1,phase3az:ef65558312eac4d20ee45595,ef65558312eac4d20ee45595,m1_first5_range_pct x amount_yuan,True,read_only_research_candidate
phase3az_light_broad_minute_00280,"Neg(CSRank(Mul(ZScore($m1_first5_range_pct),ZScore(Mean($amount_yuan,15)))))",az_opening_window_flow_exhaustion,phase3az_light_broad_minute,phase3az_light_broad_minute_pack_v1,phase3az:d2fe167bdf9780b8f85614df,d2fe167bdf9780b8f85614df,inverse m1_first5_range_pct x amount_yuan,True,read_only_research_candidate
phase3az_light_broad_minute_00281,"CSRank(Mul(ZScore($m1_first5_range_pct),ZScore(Mean($volume,15))))",az_opening_window_flow_interaction,phase3az_light_broad_minute,phase3az_light_broad_minute_pack_v1,phase3az:8ba0f855cd6dc6a6d9a5898d,8ba0f855cd6dc6a6d9a5898d,m1_first5_range_pct x volume,True,read_only_research_candidate
phase3az_light_broad_minute_00282,"Neg(CSRank(Mul(ZScore($m1_first5_range_pct),ZScore(Mean($volume,15)))))",az_opening_window_flow_exhaustion,phase3az_light_broad_minute,phase3az_light_broad_minute_pack_v1,phase3az:cef0ab8b4f74c257565c9c7d,cef0ab8b4f74c257565c9c7d,inverse m1_first5_range_pct x volume,True,read_only_research_candidate
phase3az_light_broad_minute_00283,CSRank($m1_first15_range_pct),az_opening_window_direct,phase3az_light_broad_minute,phase3az_light_broad_minute_pack_v1,phase3az:3422208fc0cd6e031cbdace2,3422208fc0cd6e031cbdace2,opening field direct m1_first15_range_pct,True,read_only_research_candidate
phase3az_light_broad_minute_00284,Neg(CSRank($m1_first15_range_pct)),az_opening_window_inverse,phase3az_light_broad_minute,phase3az_light_broad_minute_pack_v1,phase3az:777d39691f43632474cb8eef,777d39691f43632474cb8eef,opening field inverse m1_first15_range_pct,True,read_only_research_candidate
phase3az_light_broad_minute_00285,"CSRank(Mul(ZScore($m1_first15_range_pct),ZScore(Mean($amount_yuan,15))))",az_opening_window_flow_interaction,phase3az_light_broad_minute,phase3az_light_broad_minute_pack_v1,phase3az:35216be7c4111cceb2315c10,35216be7c4111cceb2315c10,m1_first15_range_pct x amount_yuan,True,read_only_research_candidate
phase3az_light_broad_minute_00286,"Neg(CSRank(Mul(ZScore($m1_first15_range_pct),ZScore(Mean($amount_yuan,15)))))",az_opening_window_flow_exhaustion,phase3az_light_broad_minute,phase3az_light_broad_minute_pack_v1,phase3az:f39cc7d07c55f62f5d9a8e42,f39cc7d07c55f62f5d9a8e42,inverse m1_first15_range_pct x amount_yuan,True,read_only_research_candidate
phase3az_light_broad_minute_00287,"CSRank(Mul(ZScore($m1_first15_range_pct),ZScore(Mean($volume,15))))",az_opening_window_flow_interaction,phase3az_light_broad_minute,phase3az_light_broad_minute_pack_v1,phase3az:f63b567def6e36bc661002a8,f63b567def6e36bc661002a8,m1_first15_range_pct x volume,True,read_only_research_candidate
phase3az_light_broad_minute_00288,"Neg(CSRank(Mul(ZScore($m1_first15_range_pct),ZScore(Mean($volume,15)))))",az_opening_window_flow_exhaustion,phase3az_light_broad_minute,phase3az_light_broad_minute_pack_v1,phase3az:b986a5e842ec1143de6a0ce7,b986a5e842ec1143de6a0ce7,inverse m1_first15_range_pct x volume,True,read_only_research_candidate
phase3az_light_broad_minute_00289,CSRank($m1_first30_range_pct),az_opening_window_direct,phase3az_light_broad_minute,phase3az_light_broad_minute_pack_v1,phase3az:40e0a64663b68c97730b13c7,40e0a64663b68c97730b13c7,opening field direct m1_first30_range_pct,True,read_only_research_candidate
phase3az_light_broad_minute_00290,Neg(CSRank($m1_first30_range_pct)),az_opening_window_inverse,phase3az_light_broad_minute,phase3az_light_broad_minute_pack_v1,phase3az:03f32063559b1fe7c1c9bb4a,03f32063559b1fe7c1c9bb4a,opening field inverse m1_first30_range_pct,True,read_only_research_candidate
phase3az_light_broad_minute_00291,"CSRank(Mul(ZScore($m1_first30_range_pct),ZScore(Mean($amount_yuan,15))))",az_opening_window_flow_interaction,phase3az_light_broad_minute,phase3az_light_broad_minute_pack_v1,phase3az:d92c7feac77e9fec3f5d311b,d92c7feac77e9fec3f5d311b,m1_first30_range_pct x amount_yuan,True,read_only_research_candidate
phase3az_light_broad_minute_00292,"Neg(CSRank(Mul(ZScore($m1_first30_range_pct),ZScore(Mean($amount_yuan,15)))))",az_opening_window_flow_exhaustion,phase3az_light_broad_minute,phase3az_light_broad_minute_pack_v1,phase3az:70741bcc5339890f1916b391,70741bcc5339890f1916b391,inverse m1_first30_range_pct x amount_yuan,True,read_only_research_candidate
phase3az_light_broad_minute_00293,"CSRank(Mul(ZScore($m1_first30_range_pct),ZScore(Mean($volume,15))))",az_opening_window_flow_interaction,phase3az_light_broad_minute,phase3az_light_broad_minute_pack_v1,phase3az:8aad5c3a5d76bca44d77882d,8aad5c3a5d76bca44d77882d,m1_first30_range_pct x volume,True,read_only_research_candidate
phase3az_light_broad_minute_00294,"Neg(CSRank(Mul(ZScore($m1_first30_range_pct),ZScore(Mean($volume,15)))))",az_opening_window_flow_exhaustion,phase3az_light_broad_minute,phase3az_light_broad_minute_pack_v1,phase3az:bf3d7cfd6bfca15da142b88d,bf3d7cfd6bfca15da142b88d,inverse m1_first30_range_pct x volume,True,read_only_research_candidate
phase3az_light_broad_minute_00295,"CSRank(Div(Sub(Mean($high,1),Mean($low,1)),Add(Abs(Mean($close,1)),0.000001)))",az_intraminute_range,phase3az_light_broad_minute,phase3az_light_broad_minute_pack_v1,phase3az:37cfdf752d59a9eb25718a2a,37cfdf752d59a9eb25718a2a,range pressure 1,True,read_only_research_candidate
phase3az_light_broad_minute_00296,"Neg(CSRank(Div(Sub(Mean($high,1),Mean($low,1)),Add(Abs(Mean($close,1)),0.000001))))",az_intraminute_range_reversal,phase3az_light_broad_minute,phase3az_light_broad_minute_pack_v1,phase3az:f02575720a805c7236d83afc,f02575720a805c7236d83afc,range reversal 1,True,read_only_research_candidate
phase3az_light_broad_minute_00297,"CSRank(Div(Sub(Mean($high,2),Mean($low,2)),Add(Abs(Mean($close,2)),0.000001)))",az_intraminute_range,phase3az_light_broad_minute,phase3az_light_broad_minute_pack_v1,phase3az:30b4f2fa3a026c6608eb980f,30b4f2fa3a026c6608eb980f,range pressure 2,True,read_only_research_candidate
phase3az_light_broad_minute_00298,"Neg(CSRank(Div(Sub(Mean($high,2),Mean($low,2)),Add(Abs(Mean($close,2)),0.000001))))",az_intraminute_range_reversal,phase3az_light_broad_minute,phase3az_light_broad_minute_pack_v1,phase3az:4406b9383c82d0d9ae98dd77,4406b9383c82d0d9ae98dd77,range reversal 2,True,read_only_research_candidate
phase3az_light_broad_minute_00299,"CSRank(Div(Sub(Mean($high,3),Mean($low,3)),Add(Abs(Mean($close,3)),0.000001)))",az_intraminute_range,phase3az_light_broad_minute,phase3az_light_broad_minute_pack_v1,phase3az:6a94758ae8982db104dea16c,6a94758ae8982db104dea16c,range pressure 3,True,read_only_research_candidate
phase3az_light_broad_minute_00300,"Neg(CSRank(Div(Sub(Mean($high,3),Mean($low,3)),Add(Abs(Mean($close,3)),0.000001))))",az_intraminute_range_reversal,phase3az_light_broad_minute,phase3az_light_broad_minute_pack_v1,phase3az:d9ea378f5714121b2dd380f3,d9ea378f5714121b2dd380f3,range reversal 3,True,read_only_research_candidate
phase3az_light_broad_minute_00301,"CSRank(Div(Sub(Mean($high,5),Mean($low,5)),Add(Abs(Mean($close,5)),0.000001)))",az_intraminute_range,phase3az_light_broad_minute,phase3az_light_broad_minute_pack_v1,phase3az:1d1e7af08d393c36e6bdc128,1d1e7af08d393c36e6bdc128,range pressure 5,True,read_only_research_candidate
phase3az_light_broad_minute_00302,"Neg(CSRank(Div(Sub(Mean($high,5),Mean($low,5)),Add(Abs(Mean($close,5)),0.000001))))",az_intraminute_range_reversal,phase3az_light_broad_minute,phase3az_light_broad_minute_pack_v1,phase3az:722ebdcde6680d13b5dd660e,722ebdcde6680d13b5dd660e,range reversal 5,True,read_only_research_candidate
phase3az_light_broad_minute_00303,"CSRank(Div(Sub(Mean($high,8),Mean($low,8)),Add(Abs(Mean($close,8)),0.000001)))",az_intraminute_range,phase3az_light_broad_minute,phase3az_light_broad_minute_pack_v1,phase3az:aed97bc1c8a0bc722a0d8612,aed97bc1c8a0bc722a0d8612,range pressure 8,True,read_only_research_candidate
phase3az_light_broad_minute_00304,"Neg(CSRank(Div(Sub(Mean($high,8),Mean($low,8)),Add(Abs(Mean($close,8)),0.000001))))",az_intraminute_range_reversal,phase3az_light_broad_minute,phase3az_light_broad_minute_pack_v1,phase3az:1f98a843ce26e209d3b22d06,1f98a843ce26e209d3b22d06,range reversal 8,True,read_only_research_candidate
phase3az_light_broad_minute_00305,"CSRank(Div(Sub(Mean($high,10),Mean($low,10)),Add(Abs(Mean($close,10)),0.000001)))",az_intraminute_range,phase3az_light_broad_minute,phase3az_light_broad_minute_pack_v1,phase3az:2d77058692435c5f276432d4,2d77058692435c5f276432d4,range pressure 10,True,read_only_research_candidate
phase3az_light_broad_minute_00306,"Neg(CSRank(Div(Sub(Mean($high,10),Mean($low,10)),Add(Abs(Mean($close,10)),0.000001))))",az_intraminute_range_reversal,phase3az_light_broad_minute,phase3az_light_broad_minute_pack_v1,phase3az:4669b92fafb770a2e3a8973e,4669b92fafb770a2e3a8973e,range reversal 10,True,read_only_research_candidate
phase3az_light_broad_minute_00307,"CSRank(Div(Sub(Mean($high,15),Mean($low,15)),Add(Abs(Mean($close,15)),0.000001)))",az_intraminute_range,phase3az_light_broad_minute,phase3az_light_broad_minute_pack_v1,phase3az:c4c46361446789b0882e8907,c4c46361446789b0882e8907,range pressure 15,True,read_only_research_candidate
phase3az_light_broad_minute_00308,"Neg(CSRank(Div(Sub(Mean($high,15),Mean($low,15)),Add(Abs(Mean($close,15)),0.000001))))",az_intraminute_range_reversal,phase3az_light_broad_minute,phase3az_light_broad_minute_pack_v1,phase3az:9c25464bdc924327b670e748,9c25464bdc924327b670e748,range reversal 15,True,read_only_research_candidate
phase3az_light_broad_minute_00309,"CSRank(Div(Sub(Mean($high,20),Mean($low,20)),Add(Abs(Mean($close,20)),0.000001)))",az_intraminute_range,phase3az_light_broad_minute,phase3az_light_broad_minute_pack_v1,phase3az:2d6d7787db07f7f40ac7593a,2d6d7787db07f7f40ac7593a,range pressure 20,True,read_only_research_candidate
phase3az_light_broad_minute_00310,"Neg(CSRank(Div(Sub(Mean($high,20),Mean($low,20)),Add(Abs(Mean($close,20)),0.000001))))",az_intraminute_range_reversal,phase3az_light_broad_minute,phase3az_light_broad_minute_pack_v1,phase3az:dad9bd746861e2dda70edd7b,dad9bd746861e2dda70edd7b,range reversal 20,True,read_only_research_candidate
phase3az_light_broad_minute_00311,"CSRank(Div(Sub(Mean($high,30),Mean($low,30)),Add(Abs(Mean($close,30)),0.000001)))",az_intraminute_range,phase3az_light_broad_minute,phase3az_light_broad_minute_pack_v1,phase3az:5049a863bbdb97ac6ab4b543,5049a863bbdb97ac6ab4b543,range pressure 30,True,read_only_research_candidate
phase3az_light_broad_minute_00312,"Neg(CSRank(Div(Sub(Mean($high,30),Mean($low,30)),Add(Abs(Mean($close,30)),0.000001))))",az_intraminute_range_reversal,phase3az_light_broad_minute,phase3az_light_broad_minute_pack_v1,phase3az:ebde97d6469cb2c557c6911b,ebde97d6469cb2c557c6911b,range reversal 30,True,read_only_research_candidate
phase3az_light_broad_minute_00313,"CSRank(Div(Sub(Mean($high,45),Mean($low,45)),Add(Abs(Mean($close,45)),0.000001)))",az_intraminute_range,phase3az_light_broad_minute,phase3az_light_broad_minute_pack_v1,phase3az:8a8c945efa037a1ee0f4ab97,8a8c945efa037a1ee0f4ab97,range pressure 45,True,read_only_research_candidate
phase3az_light_broad_minute_00314,"Neg(CSRank(Div(Sub(Mean($high,45),Mean($low,45)),Add(Abs(Mean($close,45)),0.000001))))",az_intraminute_range_reversal,phase3az_light_broad_minute,phase3az_light_broad_minute_pack_v1,phase3az:84b9b4af05ce6b917df7ef70,84b9b4af05ce6b917df7ef70,range reversal 45,True,read_only_research_candidate
phase3az_light_broad_minute_00315,"CSRank(Div(Sub(Mean($high,60),Mean($low,60)),Add(Abs(Mean($close,60)),0.000001)))",az_intraminute_range,phase3az_light_broad_minute,phase3az_light_broad_minute_pack_v1,phase3az:394bfc3dc22528dfba32995b,394bfc3dc22528dfba32995b,range pressure 60,True,read_only_research_candidate
phase3az_light_broad_minute_00316,"Neg(CSRank(Div(Sub(Mean($high,60),Mean($low,60)),Add(Abs(Mean($close,60)),0.000001))))",az_intraminute_range_reversal,phase3az_light_broad_minute,phase3az_light_broad_minute_pack_v1,phase3az:7d53e4258a197a58ab60ff61,7d53e4258a197a58ab60ff61,range reversal 60,True,read_only_research_candidate
