candidate_id,factor_lane,expression,fields,missing_fields,coverage_min_field_ratio,coverage_joint_non_null_rows,coverage_joint_ratio,coverage_bucket,coverage_gate_status,coverage_priority_delta,pool_priority_score
cn_integrated_v2_quality_direct_control_00001,quality_direct_control,CSRank($ctx_fund_ps_operate_profit_margin),ctx_fund_ps_operate_profit_margin,,0.03143405,31057,0.03143405,fragile_sparse,coverage_gate_pass,-0.12,0.88
cn_integrated_v2_quality_size_residual_00002,quality_size_residual,"CSRank(Sub(ZScore($ctx_fund_ps_operate_profit_margin),ZScore($final_float_market_cap)))",ctx_fund_ps_operate_profit_margin|final_float_market_cap,,0.03143405,31057,0.03143405,fragile_sparse,coverage_gate_pass,-0.12,0.91
cn_integrated_v2_quality_size_residual_00003,quality_size_residual,"CSRank(Sub(ZScore($ctx_fund_ps_operate_profit_margin),ZScore($final_total_market_cap)))",ctx_fund_ps_operate_profit_margin|final_total_market_cap,,0.03143405,31057,0.03143405,fragile_sparse,coverage_gate_pass,-0.12,0.91
cn_integrated_v2_quality_size_residual_00004,quality_size_residual,"CSRank(Sub(ZScore($ctx_fund_ps_operate_profit_margin),ZScore($amount)))",amount|ctx_fund_ps_operate_profit_margin,,0.03143405,31057,0.03143405,fragile_sparse,coverage_gate_pass,-0.12,0.94
cn_integrated_v2_quality_minus_balance_risk_00005,quality_minus_balance_risk,"CSRank(Sub(ZScore($ctx_fund_ps_operate_profit_margin),ZScore($ctx_fund_bs_debt_to_assets)))",ctx_fund_bs_debt_to_assets|ctx_fund_ps_operate_profit_margin,,0.03143405,31057,0.03143405,fragile_sparse,coverage_gate_pass,-0.12,0.88
cn_integrated_v2_quality_minus_balance_risk_00006,quality_minus_balance_risk,"CSRank(Sub(ZScore($ctx_fund_ps_operate_profit_margin),ZScore($ctx_fund_bs_goodwill_to_assets)))",ctx_fund_bs_goodwill_to_assets|ctx_fund_ps_operate_profit_margin,,0.02262337,21708,0.02197155,fragile_sparse,coverage_gate_pass,-0.12,0.88
cn_integrated_v2_quality_minus_balance_risk_00007,quality_minus_balance_risk,"CSRank(Sub(ZScore($ctx_fund_ps_operate_profit_margin),ZScore($ctx_fund_bs_inventory_to_assets)))",ctx_fund_bs_inventory_to_assets|ctx_fund_ps_operate_profit_margin,,0.03093001,30559,0.03093001,fragile_sparse,coverage_gate_pass,-0.12,0.88
cn_integrated_v2_quality_holder_residual_00008,quality_holder_residual,"CSRank(Sub(ZScore($ctx_fund_ps_operate_profit_margin),ZScore($ctx_holder_avg_market_cap)))",ctx_fund_ps_operate_profit_margin|ctx_holder_avg_market_cap,,0.03143405,29538,0.02989661,fragile_sparse,coverage_gate_pass,-0.12,0.91
cn_integrated_v2_quality_holder_residual_00009,quality_holder_residual,"CSRank(Sub(ZScore($ctx_fund_ps_operate_profit_margin),ZScore($ctx_holder_holder_num)))",ctx_fund_ps_operate_profit_margin|ctx_holder_holder_num,,0.03143405,29538,0.02989661,fragile_sparse,coverage_gate_pass,-0.12,0.88
cn_integrated_v2_quality_holder_residual_00010,quality_holder_residual,"CSRank(Sub(ZScore($ctx_fund_ps_operate_profit_margin),ZScore($ctx_holder_holder_num_change)))",ctx_fund_ps_operate_profit_margin|ctx_holder_holder_num_change,,0.03143405,29538,0.02989661,fragile_sparse,coverage_gate_pass,-0.12,0.88
cn_integrated_v2_quality_holder_residual_00011,quality_holder_residual,"CSRank(Sub(ZScore($ctx_fund_ps_operate_profit_margin),ZScore($ctx_holder_holder_num_ratio)))",ctx_fund_ps_operate_profit_margin|ctx_holder_holder_num_ratio,,0.03143405,29538,0.02989661,fragile_sparse,coverage_gate_pass,-0.12,0.88
cn_integrated_v2_quality_holder_residual_00012,quality_holder_residual,"CSRank(Sub(ZScore($ctx_fund_ps_operate_profit_margin),ZScore($ctx_holder_interval_chrate)))",ctx_fund_ps_operate_profit_margin|ctx_holder_interval_chrate,,0.03143405,29488,0.029846,fragile_sparse,coverage_gate_pass,-0.12,0.88
cn_integrated_v2_quality_holder_residual_00013,quality_holder_residual,"CSRank(Sub(ZScore($ctx_fund_ps_operate_profit_margin),ZScore($ctx_holder_pre_holder_num)))",ctx_fund_ps_operate_profit_margin|ctx_holder_pre_holder_num,,0.03143405,29538,0.02989661,fragile_sparse,coverage_gate_pass,-0.12,0.88
cn_integrated_v2_quality_x_minute_pressure_00014,quality_x_minute_pressure,"CSRank(Mul(ZScore($ctx_fund_ps_operate_profit_margin),ZScore($m1_amount_day)))",ctx_fund_ps_operate_profit_margin|m1_amount_day,,0.03143405,31057,0.03143405,fragile_sparse,coverage_gate_pass,-0.12,0.94
cn_integrated_v2_quality_x_minute_pressure_00015,quality_x_minute_pressure,"CSRank(Mul(ZScore($ctx_fund_ps_operate_profit_margin),ZScore($m1_first15_amount)))",ctx_fund_ps_operate_profit_margin|m1_first15_amount,,0.03143405,31057,0.03143405,fragile_sparse,coverage_gate_pass,-0.12,0.94
cn_integrated_v2_quality_x_minute_pressure_00016,quality_x_minute_pressure,"CSRank(Mul(ZScore($ctx_fund_ps_operate_profit_margin),ZScore($m1_first15_high)))",ctx_fund_ps_operate_profit_margin|m1_first15_high,,0.03143405,31057,0.03143405,fragile_sparse,coverage_gate_pass,-0.12,0.88
cn_integrated_v2_quality_x_minute_pressure_00017,quality_x_minute_pressure,"CSRank(Mul(ZScore($ctx_fund_ps_operate_profit_margin),ZScore($m1_first15_last_return_vs_open)))",ctx_fund_ps_operate_profit_margin|m1_first15_last_return_vs_open,,0.03143405,31057,0.03143405,fragile_sparse,coverage_gate_pass,-0.12,0.88
cn_integrated_v2_quality_x_minute_pressure_00018,quality_x_minute_pressure,"CSRank(Mul(ZScore($ctx_fund_ps_operate_profit_margin),ZScore($m1_first15_low)))",ctx_fund_ps_operate_profit_margin|m1_first15_low,,0.03143405,31057,0.03143405,fragile_sparse,coverage_gate_pass,-0.12,0.88
cn_integrated_v2_quality_x_minute_pressure_00019,quality_x_minute_pressure,"CSRank(Mul(ZScore($ctx_fund_ps_operate_profit_margin),ZScore($m1_first15_range)))",ctx_fund_ps_operate_profit_margin|m1_first15_range,,0.03143405,31057,0.03143405,fragile_sparse,coverage_gate_pass,-0.12,0.88
cn_integrated_v2_quality_x_minute_pressure_00020,quality_x_minute_pressure,"CSRank(Mul(ZScore($ctx_fund_ps_operate_profit_margin),ZScore($m1_first15_vol)))",ctx_fund_ps_operate_profit_margin|m1_first15_vol,,0.03143405,31057,0.03143405,fragile_sparse,coverage_gate_pass,-0.12,0.94
cn_integrated_v2_quality_x_minute_pressure_00021,quality_x_minute_pressure,"CSRank(Mul(ZScore($ctx_fund_ps_operate_profit_margin),ZScore($m1_first15_vwap)))",ctx_fund_ps_operate_profit_margin|m1_first15_vwap,,0.03143405,31057,0.03143405,fragile_sparse,coverage_gate_pass,-0.12,0.88
cn_integrated_v2_quality_x_minute_pressure_00022,quality_x_minute_pressure,"CSRank(Mul(ZScore($ctx_fund_ps_operate_profit_margin),ZScore($m1_first15_vwap_return_vs_open)))",ctx_fund_ps_operate_profit_margin|m1_first15_vwap_return_vs_open,,0.03143405,31057,0.03143405,fragile_sparse,coverage_gate_pass,-0.12,0.88
cn_integrated_v2_quality_x_minute_pressure_00023,quality_x_minute_pressure,"CSRank(Mul(ZScore($ctx_fund_ps_operate_profit_margin),ZScore($m1_first30_amount)))",ctx_fund_ps_operate_profit_margin|m1_first30_amount,,0.03143405,31057,0.03143405,fragile_sparse,coverage_gate_pass,-0.12,0.94
cn_integrated_v2_quality_x_minute_pressure_00024,quality_x_minute_pressure,"CSRank(Mul(ZScore($ctx_fund_ps_operate_profit_margin),ZScore($m1_first30_high)))",ctx_fund_ps_operate_profit_margin|m1_first30_high,,0.03143405,31057,0.03143405,fragile_sparse,coverage_gate_pass,-0.12,0.88
cn_integrated_v2_quality_x_minute_pressure_00025,quality_x_minute_pressure,"CSRank(Mul(ZScore($ctx_fund_ps_operate_profit_margin),ZScore($m1_first30_last_return_vs_open)))",ctx_fund_ps_operate_profit_margin|m1_first30_last_return_vs_open,,0.03143405,31057,0.03143405,fragile_sparse,coverage_gate_pass,-0.12,0.88
cn_integrated_v2_quality_x_minute_pressure_00026,quality_x_minute_pressure,"CSRank(Mul(ZScore($ctx_fund_ps_operate_profit_margin),ZScore($m1_first30_low)))",ctx_fund_ps_operate_profit_margin|m1_first30_low,,0.03143405,31057,0.03143405,fragile_sparse,coverage_gate_pass,-0.12,0.88
cn_integrated_v2_quality_x_minute_pressure_00027,quality_x_minute_pressure,"CSRank(Mul(ZScore($ctx_fund_ps_operate_profit_margin),ZScore($m1_first30_range)))",ctx_fund_ps_operate_profit_margin|m1_first30_range,,0.03143405,31057,0.03143405,fragile_sparse,coverage_gate_pass,-0.12,0.88
cn_integrated_v2_quality_x_minute_pressure_00028,quality_x_minute_pressure,"CSRank(Mul(ZScore($ctx_fund_ps_operate_profit_margin),ZScore($m1_first30_vol)))",ctx_fund_ps_operate_profit_margin|m1_first30_vol,,0.03143405,31057,0.03143405,fragile_sparse,coverage_gate_pass,-0.12,0.94
cn_integrated_v2_quality_x_minute_pressure_00029,quality_x_minute_pressure,"CSRank(Mul(ZScore($ctx_fund_ps_operate_profit_margin),ZScore($m1_first30_vwap)))",ctx_fund_ps_operate_profit_margin|m1_first30_vwap,,0.03143405,31057,0.03143405,fragile_sparse,coverage_gate_pass,-0.12,0.88
cn_integrated_v2_quality_x_minute_pressure_00030,quality_x_minute_pressure,"CSRank(Mul(ZScore($ctx_fund_ps_operate_profit_margin),ZScore($m1_first30_vwap_return_vs_open)))",ctx_fund_ps_operate_profit_margin|m1_first30_vwap_return_vs_open,,0.03143405,31057,0.03143405,fragile_sparse,coverage_gate_pass,-0.12,0.88
cn_integrated_v2_quality_x_minute_pressure_00031,quality_x_minute_pressure,"CSRank(Mul(ZScore($ctx_fund_ps_operate_profit_margin),ZScore($m1_first5_amount)))",ctx_fund_ps_operate_profit_margin|m1_first5_amount,,0.03143405,31057,0.03143405,fragile_sparse,coverage_gate_pass,-0.12,0.94
cn_integrated_v2_quality_x_rzrq_flow_00032,quality_x_rzrq_flow,"CSRank(Mul(ZScore($ctx_fund_ps_operate_profit_margin),ZScore($ctx_rzrq_rqjmg)))",ctx_fund_ps_operate_profit_margin|ctx_rzrq_rqjmg,,0.03143405,30412,0.03078122,fragile_sparse,coverage_gate_pass,-0.12,0.94
cn_integrated_v2_quality_x_rzrq_flow_00033,quality_x_rzrq_flow,"CSRank(Mul(ZScore($ctx_fund_ps_operate_profit_margin),ZScore($ctx_rzrq_rqjmg10d)))",ctx_fund_ps_operate_profit_margin|ctx_rzrq_rqjmg10d,,0.03143405,30412,0.03078122,fragile_sparse,coverage_gate_pass,-0.12,0.94
cn_integrated_v2_quality_x_rzrq_flow_00034,quality_x_rzrq_flow,"CSRank(Mul(ZScore($ctx_fund_ps_operate_profit_margin),ZScore($ctx_rzrq_rqjmg3d)))",ctx_fund_ps_operate_profit_margin|ctx_rzrq_rqjmg3d,,0.03143405,30412,0.03078122,fragile_sparse,coverage_gate_pass,-0.12,0.94
cn_integrated_v2_quality_x_rzrq_flow_00035,quality_x_rzrq_flow,"CSRank(Mul(ZScore($ctx_fund_ps_operate_profit_margin),ZScore($ctx_rzrq_rqjmg5d)))",ctx_fund_ps_operate_profit_margin|ctx_rzrq_rqjmg5d,,0.03143405,30412,0.03078122,fragile_sparse,coverage_gate_pass,-0.12,0.94
cn_integrated_v2_quality_x_rzrq_flow_00036,quality_x_rzrq_flow,"CSRank(Mul(ZScore($ctx_fund_ps_operate_profit_margin),ZScore($ctx_rzrq_rqmcl)))",ctx_fund_ps_operate_profit_margin|ctx_rzrq_rqmcl,,0.03143405,30412,0.03078122,fragile_sparse,coverage_gate_pass,-0.12,0.94
cn_integrated_v2_quality_x_rzrq_flow_00037,quality_x_rzrq_flow,"CSRank(Mul(ZScore($ctx_fund_ps_operate_profit_margin),ZScore($ctx_rzrq_rqmcl10d)))",ctx_fund_ps_operate_profit_margin|ctx_rzrq_rqmcl10d,,0.03143405,30412,0.03078122,fragile_sparse,coverage_gate_pass,-0.12,0.94
cn_integrated_v2_quality_x_rzrq_flow_00038,quality_x_rzrq_flow,"CSRank(Mul(ZScore($ctx_fund_ps_operate_profit_margin),ZScore($ctx_rzrq_rqmcl3d)))",ctx_fund_ps_operate_profit_margin|ctx_rzrq_rqmcl3d,,0.03143405,30412,0.03078122,fragile_sparse,coverage_gate_pass,-0.12,0.94
cn_integrated_v2_quality_x_rzrq_flow_00039,quality_x_rzrq_flow,"CSRank(Mul(ZScore($ctx_fund_ps_operate_profit_margin),ZScore($ctx_rzrq_rqmcl5d)))",ctx_fund_ps_operate_profit_margin|ctx_rzrq_rqmcl5d,,0.03143405,30412,0.03078122,fragile_sparse,coverage_gate_pass,-0.12,0.94
cn_integrated_v2_quality_x_rzrq_flow_00040,quality_x_rzrq_flow,"CSRank(Mul(ZScore($ctx_fund_ps_operate_profit_margin),ZScore($ctx_rzrq_rqye)))",ctx_fund_ps_operate_profit_margin|ctx_rzrq_rqye,,0.03143405,30412,0.03078122,fragile_sparse,coverage_gate_pass,-0.12,0.94
cn_integrated_v2_quality_x_rzrq_flow_00041,quality_x_rzrq_flow,"CSRank(Mul(ZScore($ctx_fund_ps_operate_profit_margin),ZScore($ctx_rzrq_rzche)))",ctx_fund_ps_operate_profit_margin|ctx_rzrq_rzche,,0.03143405,30412,0.03078122,fragile_sparse,coverage_gate_pass,-0.12,0.94
cn_integrated_v2_quality_x_rzrq_flow_00042,quality_x_rzrq_flow,"CSRank(Mul(ZScore($ctx_fund_ps_operate_profit_margin),ZScore($ctx_rzrq_rzche10d)))",ctx_fund_ps_operate_profit_margin|ctx_rzrq_rzche10d,,0.03143405,30412,0.03078122,fragile_sparse,coverage_gate_pass,-0.12,0.94
cn_integrated_v2_quality_x_rzrq_flow_00043,quality_x_rzrq_flow,"CSRank(Mul(ZScore($ctx_fund_ps_operate_profit_margin),ZScore($ctx_rzrq_rzche3d)))",ctx_fund_ps_operate_profit_margin|ctx_rzrq_rzche3d,,0.03143405,30412,0.03078122,fragile_sparse,coverage_gate_pass,-0.12,0.94
cn_integrated_v2_quality_x_rzrq_flow_00044,quality_x_rzrq_flow,"CSRank(Mul(ZScore($ctx_fund_ps_operate_profit_margin),ZScore($ctx_rzrq_rzche5d)))",ctx_fund_ps_operate_profit_margin|ctx_rzrq_rzche5d,,0.03143405,30412,0.03078122,fragile_sparse,coverage_gate_pass,-0.12,0.94
cn_integrated_v2_quality_x_rzrq_flow_00045,quality_x_rzrq_flow,"CSRank(Mul(ZScore($ctx_fund_ps_operate_profit_margin),ZScore($ctx_rzrq_rzjme)))",ctx_fund_ps_operate_profit_margin|ctx_rzrq_rzjme,,0.03143405,30412,0.03078122,fragile_sparse,coverage_gate_pass,-0.12,0.94
cn_integrated_v2_quality_x_rzrq_flow_00046,quality_x_rzrq_flow,"CSRank(Mul(ZScore($ctx_fund_ps_operate_profit_margin),ZScore($ctx_rzrq_rzjme10d)))",ctx_fund_ps_operate_profit_margin|ctx_rzrq_rzjme10d,,0.03143405,30412,0.03078122,fragile_sparse,coverage_gate_pass,-0.12,0.94
cn_integrated_v2_quality_x_rzrq_flow_00047,quality_x_rzrq_flow,"CSRank(Mul(ZScore($ctx_fund_ps_operate_profit_margin),ZScore($ctx_rzrq_rzjme3d)))",ctx_fund_ps_operate_profit_margin|ctx_rzrq_rzjme3d,,0.03143405,30412,0.03078122,fragile_sparse,coverage_gate_pass,-0.12,0.94
cn_integrated_v2_quality_x_rzrq_flow_00048,quality_x_rzrq_flow,"CSRank(Mul(ZScore($ctx_fund_ps_operate_profit_margin),ZScore($ctx_rzrq_rzjme5d)))",ctx_fund_ps_operate_profit_margin|ctx_rzrq_rzjme5d,,0.03143405,30412,0.03078122,fragile_sparse,coverage_gate_pass,-0.12,0.94
cn_integrated_v2_quality_x_rzrq_flow_00049,quality_x_rzrq_flow,"CSRank(Mul(ZScore($ctx_fund_ps_operate_profit_margin),ZScore($ctx_rzrq_rzmre)))",ctx_fund_ps_operate_profit_margin|ctx_rzrq_rzmre,,0.03143405,30412,0.03078122,fragile_sparse,coverage_gate_pass,-0.12,0.94
cn_integrated_v2_quality_x_market_breadth_00050,quality_x_market_breadth,"CSRank(Mul(ZScore($ctx_fund_ps_operate_profit_margin),ZScore($ctx_mkt_updown_dt)))",ctx_fund_ps_operate_profit_margin|ctx_mkt_updown_dt,,0.03143405,31057,0.03143405,fragile_sparse,coverage_gate_pass,-0.12,0.88
cn_integrated_v2_quality_x_market_breadth_00051,quality_x_market_breadth,"CSRank(Mul(ZScore($ctx_fund_ps_operate_profit_margin),ZScore($ctx_mkt_updown_q_zrcs)))",ctx_fund_ps_operate_profit_margin|ctx_mkt_updown_q_zrcs,,0.03143405,31057,0.03143405,fragile_sparse,coverage_gate_pass,-0.12,0.88
cn_integrated_v2_quality_x_market_breadth_00052,quality_x_market_breadth,"CSRank(Mul(ZScore($ctx_fund_ps_operate_profit_margin),ZScore($ctx_mkt_updown_q_zrtj)))",ctx_fund_ps_operate_profit_margin|ctx_mkt_updown_q_zrtj,,0.03143405,31057,0.03143405,fragile_sparse,coverage_gate_pass,-0.12,0.88
cn_integrated_v2_quality_x_market_breadth_00053,quality_x_market_breadth,"CSRank(Mul(ZScore($ctx_fund_ps_operate_profit_margin),ZScore($ctx_mkt_updown_s_zrcs)))",ctx_fund_ps_operate_profit_margin|ctx_mkt_updown_s_zrcs,,0.03143405,31057,0.03143405,fragile_sparse,coverage_gate_pass,-0.12,0.88
cn_integrated_v2_quality_x_market_breadth_00054,quality_x_market_breadth,"CSRank(Mul(ZScore($ctx_fund_ps_operate_profit_margin),ZScore($ctx_mkt_updown_s_zrtj)))",ctx_fund_ps_operate_profit_margin|ctx_mkt_updown_s_zrtj,,0.03143405,31057,0.03143405,fragile_sparse,coverage_gate_pass,-0.12,0.88
cn_integrated_v2_quality_x_market_breadth_00055,quality_x_market_breadth,"CSRank(Mul(ZScore($ctx_fund_ps_operate_profit_margin),ZScore($ctx_mkt_updown_sjdt)))",ctx_fund_ps_operate_profit_margin|ctx_mkt_updown_sjdt,,0.03143405,31057,0.03143405,fragile_sparse,coverage_gate_pass,-0.12,0.88
cn_integrated_v2_quality_x_market_breadth_00056,quality_x_market_breadth,"CSRank(Mul(ZScore($ctx_fund_ps_operate_profit_margin),ZScore($ctx_mkt_updown_sjzt)))",ctx_fund_ps_operate_profit_margin|ctx_mkt_updown_sjzt,,0.03143405,31057,0.03143405,fragile_sparse,coverage_gate_pass,-0.12,0.88
cn_integrated_v2_quality_x_market_breadth_00057,quality_x_market_breadth,"CSRank(Mul(ZScore($ctx_fund_ps_operate_profit_margin),ZScore($ctx_mkt_updown_stdt)))",ctx_fund_ps_operate_profit_margin|ctx_mkt_updown_stdt,,0.03143405,31057,0.03143405,fragile_sparse,coverage_gate_pass,-0.12,0.88
cn_integrated_v2_quality_x_market_breadth_00058,quality_x_market_breadth,"CSRank(Mul(ZScore($ctx_fund_ps_operate_profit_margin),ZScore($ctx_mkt_updown_stzt)))",ctx_fund_ps_operate_profit_margin|ctx_mkt_updown_stzt,,0.03143405,31057,0.03143405,fragile_sparse,coverage_gate_pass,-0.12,0.88
cn_integrated_v2_quality_x_market_breadth_00059,quality_x_market_breadth,"CSRank(Mul(ZScore($ctx_fund_ps_operate_profit_margin),ZScore($ctx_mkt_updown_szjs)))",ctx_fund_ps_operate_profit_margin|ctx_mkt_updown_szjs,,0.03143405,31057,0.03143405,fragile_sparse,coverage_gate_pass,-0.12,0.88
cn_integrated_v2_quality_x_market_breadth_00060,quality_x_market_breadth,"CSRank(Mul(ZScore($ctx_fund_ps_operate_profit_margin),ZScore($ctx_mkt_updown_xdjs)))",ctx_fund_ps_operate_profit_margin|ctx_mkt_updown_xdjs,,0.03143405,31057,0.03143405,fragile_sparse,coverage_gate_pass,-0.12,0.88
cn_integrated_v2_quality_x_market_breadth_00061,quality_x_market_breadth,"CSRank(Mul(ZScore($ctx_fund_ps_operate_profit_margin),ZScore($ctx_mkt_updown_zt)))",ctx_fund_ps_operate_profit_margin|ctx_mkt_updown_zt,,0.03143405,31057,0.03143405,fragile_sparse,coverage_gate_pass,-0.12,0.88
cn_integrated_v2_quality_direct_control_00062,quality_direct_control,CSRank($ctx_fund_ps_netprofit_margin),ctx_fund_ps_netprofit_margin,,0.03143405,31057,0.03143405,fragile_sparse,coverage_gate_pass,-0.12,0.88
cn_integrated_v2_quality_size_residual_00063,quality_size_residual,"CSRank(Sub(ZScore($ctx_fund_ps_netprofit_margin),ZScore($final_float_market_cap)))",ctx_fund_ps_netprofit_margin|final_float_market_cap,,0.03143405,31057,0.03143405,fragile_sparse,coverage_gate_pass,-0.12,0.91
cn_integrated_v2_quality_size_residual_00064,quality_size_residual,"CSRank(Sub(ZScore($ctx_fund_ps_netprofit_margin),ZScore($final_total_market_cap)))",ctx_fund_ps_netprofit_margin|final_total_market_cap,,0.03143405,31057,0.03143405,fragile_sparse,coverage_gate_pass,-0.12,0.91
cn_integrated_v2_quality_size_residual_00065,quality_size_residual,"CSRank(Sub(ZScore($ctx_fund_ps_netprofit_margin),ZScore($amount)))",amount|ctx_fund_ps_netprofit_margin,,0.03143405,31057,0.03143405,fragile_sparse,coverage_gate_pass,-0.12,0.94
cn_integrated_v2_quality_minus_balance_risk_00066,quality_minus_balance_risk,"CSRank(Sub(ZScore($ctx_fund_ps_netprofit_margin),ZScore($ctx_fund_bs_debt_to_assets)))",ctx_fund_bs_debt_to_assets|ctx_fund_ps_netprofit_margin,,0.03143405,31057,0.03143405,fragile_sparse,coverage_gate_pass,-0.12,0.88
cn_integrated_v2_quality_minus_balance_risk_00067,quality_minus_balance_risk,"CSRank(Sub(ZScore($ctx_fund_ps_netprofit_margin),ZScore($ctx_fund_bs_goodwill_to_assets)))",ctx_fund_bs_goodwill_to_assets|ctx_fund_ps_netprofit_margin,,0.02262337,21708,0.02197155,fragile_sparse,coverage_gate_pass,-0.12,0.88
cn_integrated_v2_quality_minus_balance_risk_00068,quality_minus_balance_risk,"CSRank(Sub(ZScore($ctx_fund_ps_netprofit_margin),ZScore($ctx_fund_bs_inventory_to_assets)))",ctx_fund_bs_inventory_to_assets|ctx_fund_ps_netprofit_margin,,0.03093001,30559,0.03093001,fragile_sparse,coverage_gate_pass,-0.12,0.88
cn_integrated_v2_quality_holder_residual_00069,quality_holder_residual,"CSRank(Sub(ZScore($ctx_fund_ps_netprofit_margin),ZScore($ctx_holder_avg_market_cap)))",ctx_fund_ps_netprofit_margin|ctx_holder_avg_market_cap,,0.03143405,29538,0.02989661,fragile_sparse,coverage_gate_pass,-0.12,0.91
cn_integrated_v2_quality_holder_residual_00070,quality_holder_residual,"CSRank(Sub(ZScore($ctx_fund_ps_netprofit_margin),ZScore($ctx_holder_holder_num)))",ctx_fund_ps_netprofit_margin|ctx_holder_holder_num,,0.03143405,29538,0.02989661,fragile_sparse,coverage_gate_pass,-0.12,0.88
cn_integrated_v2_quality_holder_residual_00071,quality_holder_residual,"CSRank(Sub(ZScore($ctx_fund_ps_netprofit_margin),ZScore($ctx_holder_holder_num_change)))",ctx_fund_ps_netprofit_margin|ctx_holder_holder_num_change,,0.03143405,29538,0.02989661,fragile_sparse,coverage_gate_pass,-0.12,0.88
cn_integrated_v2_quality_holder_residual_00072,quality_holder_residual,"CSRank(Sub(ZScore($ctx_fund_ps_netprofit_margin),ZScore($ctx_holder_holder_num_ratio)))",ctx_fund_ps_netprofit_margin|ctx_holder_holder_num_ratio,,0.03143405,29538,0.02989661,fragile_sparse,coverage_gate_pass,-0.12,0.88
cn_integrated_v2_quality_holder_residual_00073,quality_holder_residual,"CSRank(Sub(ZScore($ctx_fund_ps_netprofit_margin),ZScore($ctx_holder_interval_chrate)))",ctx_fund_ps_netprofit_margin|ctx_holder_interval_chrate,,0.03143405,29488,0.029846,fragile_sparse,coverage_gate_pass,-0.12,0.88
cn_integrated_v2_quality_holder_residual_00074,quality_holder_residual,"CSRank(Sub(ZScore($ctx_fund_ps_netprofit_margin),ZScore($ctx_holder_pre_holder_num)))",ctx_fund_ps_netprofit_margin|ctx_holder_pre_holder_num,,0.03143405,29538,0.02989661,fragile_sparse,coverage_gate_pass,-0.12,0.88
cn_integrated_v2_quality_x_minute_pressure_00075,quality_x_minute_pressure,"CSRank(Mul(ZScore($ctx_fund_ps_netprofit_margin),ZScore($m1_amount_day)))",ctx_fund_ps_netprofit_margin|m1_amount_day,,0.03143405,31057,0.03143405,fragile_sparse,coverage_gate_pass,-0.12,0.94
cn_integrated_v2_quality_x_minute_pressure_00076,quality_x_minute_pressure,"CSRank(Mul(ZScore($ctx_fund_ps_netprofit_margin),ZScore($m1_first15_amount)))",ctx_fund_ps_netprofit_margin|m1_first15_amount,,0.03143405,31057,0.03143405,fragile_sparse,coverage_gate_pass,-0.12,0.94
cn_integrated_v2_quality_x_minute_pressure_00077,quality_x_minute_pressure,"CSRank(Mul(ZScore($ctx_fund_ps_netprofit_margin),ZScore($m1_first15_high)))",ctx_fund_ps_netprofit_margin|m1_first15_high,,0.03143405,31057,0.03143405,fragile_sparse,coverage_gate_pass,-0.12,0.88
cn_integrated_v2_quality_x_minute_pressure_00078,quality_x_minute_pressure,"CSRank(Mul(ZScore($ctx_fund_ps_netprofit_margin),ZScore($m1_first15_last_return_vs_open)))",ctx_fund_ps_netprofit_margin|m1_first15_last_return_vs_open,,0.03143405,31057,0.03143405,fragile_sparse,coverage_gate_pass,-0.12,0.88
cn_integrated_v2_quality_x_minute_pressure_00079,quality_x_minute_pressure,"CSRank(Mul(ZScore($ctx_fund_ps_netprofit_margin),ZScore($m1_first15_low)))",ctx_fund_ps_netprofit_margin|m1_first15_low,,0.03143405,31057,0.03143405,fragile_sparse,coverage_gate_pass,-0.12,0.88
cn_integrated_v2_quality_x_minute_pressure_00080,quality_x_minute_pressure,"CSRank(Mul(ZScore($ctx_fund_ps_netprofit_margin),ZScore($m1_first15_range)))",ctx_fund_ps_netprofit_margin|m1_first15_range,,0.03143405,31057,0.03143405,fragile_sparse,coverage_gate_pass,-0.12,0.88
cn_integrated_v2_quality_x_minute_pressure_00081,quality_x_minute_pressure,"CSRank(Mul(ZScore($ctx_fund_ps_netprofit_margin),ZScore($m1_first15_vol)))",ctx_fund_ps_netprofit_margin|m1_first15_vol,,0.03143405,31057,0.03143405,fragile_sparse,coverage_gate_pass,-0.12,0.94
cn_integrated_v2_quality_x_minute_pressure_00082,quality_x_minute_pressure,"CSRank(Mul(ZScore($ctx_fund_ps_netprofit_margin),ZScore($m1_first15_vwap)))",ctx_fund_ps_netprofit_margin|m1_first15_vwap,,0.03143405,31057,0.03143405,fragile_sparse,coverage_gate_pass,-0.12,0.88
cn_integrated_v2_quality_x_minute_pressure_00083,quality_x_minute_pressure,"CSRank(Mul(ZScore($ctx_fund_ps_netprofit_margin),ZScore($m1_first15_vwap_return_vs_open)))",ctx_fund_ps_netprofit_margin|m1_first15_vwap_return_vs_open,,0.03143405,31057,0.03143405,fragile_sparse,coverage_gate_pass,-0.12,0.88
cn_integrated_v2_quality_x_minute_pressure_00084,quality_x_minute_pressure,"CSRank(Mul(ZScore($ctx_fund_ps_netprofit_margin),ZScore($m1_first30_amount)))",ctx_fund_ps_netprofit_margin|m1_first30_amount,,0.03143405,31057,0.03143405,fragile_sparse,coverage_gate_pass,-0.12,0.94
cn_integrated_v2_quality_x_minute_pressure_00085,quality_x_minute_pressure,"CSRank(Mul(ZScore($ctx_fund_ps_netprofit_margin),ZScore($m1_first30_high)))",ctx_fund_ps_netprofit_margin|m1_first30_high,,0.03143405,31057,0.03143405,fragile_sparse,coverage_gate_pass,-0.12,0.88
cn_integrated_v2_quality_x_minute_pressure_00086,quality_x_minute_pressure,"CSRank(Mul(ZScore($ctx_fund_ps_netprofit_margin),ZScore($m1_first30_last_return_vs_open)))",ctx_fund_ps_netprofit_margin|m1_first30_last_return_vs_open,,0.03143405,31057,0.03143405,fragile_sparse,coverage_gate_pass,-0.12,0.88
cn_integrated_v2_quality_x_minute_pressure_00087,quality_x_minute_pressure,"CSRank(Mul(ZScore($ctx_fund_ps_netprofit_margin),ZScore($m1_first30_low)))",ctx_fund_ps_netprofit_margin|m1_first30_low,,0.03143405,31057,0.03143405,fragile_sparse,coverage_gate_pass,-0.12,0.88
cn_integrated_v2_quality_x_minute_pressure_00088,quality_x_minute_pressure,"CSRank(Mul(ZScore($ctx_fund_ps_netprofit_margin),ZScore($m1_first30_range)))",ctx_fund_ps_netprofit_margin|m1_first30_range,,0.03143405,31057,0.03143405,fragile_sparse,coverage_gate_pass,-0.12,0.88
cn_integrated_v2_quality_x_minute_pressure_00089,quality_x_minute_pressure,"CSRank(Mul(ZScore($ctx_fund_ps_netprofit_margin),ZScore($m1_first30_vol)))",ctx_fund_ps_netprofit_margin|m1_first30_vol,,0.03143405,31057,0.03143405,fragile_sparse,coverage_gate_pass,-0.12,0.94
cn_integrated_v2_quality_x_minute_pressure_00090,quality_x_minute_pressure,"CSRank(Mul(ZScore($ctx_fund_ps_netprofit_margin),ZScore($m1_first30_vwap)))",ctx_fund_ps_netprofit_margin|m1_first30_vwap,,0.03143405,31057,0.03143405,fragile_sparse,coverage_gate_pass,-0.12,0.88
cn_integrated_v2_quality_x_minute_pressure_00091,quality_x_minute_pressure,"CSRank(Mul(ZScore($ctx_fund_ps_netprofit_margin),ZScore($m1_first30_vwap_return_vs_open)))",ctx_fund_ps_netprofit_margin|m1_first30_vwap_return_vs_open,,0.03143405,31057,0.03143405,fragile_sparse,coverage_gate_pass,-0.12,0.88
cn_integrated_v2_quality_x_minute_pressure_00092,quality_x_minute_pressure,"CSRank(Mul(ZScore($ctx_fund_ps_netprofit_margin),ZScore($m1_first5_amount)))",ctx_fund_ps_netprofit_margin|m1_first5_amount,,0.03143405,31057,0.03143405,fragile_sparse,coverage_gate_pass,-0.12,0.94
cn_integrated_v2_quality_x_rzrq_flow_00093,quality_x_rzrq_flow,"CSRank(Mul(ZScore($ctx_fund_ps_netprofit_margin),ZScore($ctx_rzrq_rqjmg)))",ctx_fund_ps_netprofit_margin|ctx_rzrq_rqjmg,,0.03143405,30412,0.03078122,fragile_sparse,coverage_gate_pass,-0.12,0.94
cn_integrated_v2_quality_x_rzrq_flow_00094,quality_x_rzrq_flow,"CSRank(Mul(ZScore($ctx_fund_ps_netprofit_margin),ZScore($ctx_rzrq_rqjmg10d)))",ctx_fund_ps_netprofit_margin|ctx_rzrq_rqjmg10d,,0.03143405,30412,0.03078122,fragile_sparse,coverage_gate_pass,-0.12,0.94
cn_integrated_v2_quality_x_rzrq_flow_00095,quality_x_rzrq_flow,"CSRank(Mul(ZScore($ctx_fund_ps_netprofit_margin),ZScore($ctx_rzrq_rqjmg3d)))",ctx_fund_ps_netprofit_margin|ctx_rzrq_rqjmg3d,,0.03143405,30412,0.03078122,fragile_sparse,coverage_gate_pass,-0.12,0.94
cn_integrated_v2_quality_x_rzrq_flow_00096,quality_x_rzrq_flow,"CSRank(Mul(ZScore($ctx_fund_ps_netprofit_margin),ZScore($ctx_rzrq_rqjmg5d)))",ctx_fund_ps_netprofit_margin|ctx_rzrq_rqjmg5d,,0.03143405,30412,0.03078122,fragile_sparse,coverage_gate_pass,-0.12,0.94
cn_integrated_v2_quality_x_rzrq_flow_00097,quality_x_rzrq_flow,"CSRank(Mul(ZScore($ctx_fund_ps_netprofit_margin),ZScore($ctx_rzrq_rqmcl)))",ctx_fund_ps_netprofit_margin|ctx_rzrq_rqmcl,,0.03143405,30412,0.03078122,fragile_sparse,coverage_gate_pass,-0.12,0.94
cn_integrated_v2_quality_x_rzrq_flow_00098,quality_x_rzrq_flow,"CSRank(Mul(ZScore($ctx_fund_ps_netprofit_margin),ZScore($ctx_rzrq_rqmcl10d)))",ctx_fund_ps_netprofit_margin|ctx_rzrq_rqmcl10d,,0.03143405,30412,0.03078122,fragile_sparse,coverage_gate_pass,-0.12,0.94
cn_integrated_v2_quality_x_rzrq_flow_00099,quality_x_rzrq_flow,"CSRank(Mul(ZScore($ctx_fund_ps_netprofit_margin),ZScore($ctx_rzrq_rqmcl3d)))",ctx_fund_ps_netprofit_margin|ctx_rzrq_rqmcl3d,,0.03143405,30412,0.03078122,fragile_sparse,coverage_gate_pass,-0.12,0.94
cn_integrated_v2_quality_x_rzrq_flow_00100,quality_x_rzrq_flow,"CSRank(Mul(ZScore($ctx_fund_ps_netprofit_margin),ZScore($ctx_rzrq_rqmcl5d)))",ctx_fund_ps_netprofit_margin|ctx_rzrq_rqmcl5d,,0.03143405,30412,0.03078122,fragile_sparse,coverage_gate_pass,-0.12,0.94
cn_integrated_v2_quality_x_rzrq_flow_00101,quality_x_rzrq_flow,"CSRank(Mul(ZScore($ctx_fund_ps_netprofit_margin),ZScore($ctx_rzrq_rqye)))",ctx_fund_ps_netprofit_margin|ctx_rzrq_rqye,,0.03143405,30412,0.03078122,fragile_sparse,coverage_gate_pass,-0.12,0.94
cn_integrated_v2_quality_x_rzrq_flow_00102,quality_x_rzrq_flow,"CSRank(Mul(ZScore($ctx_fund_ps_netprofit_margin),ZScore($ctx_rzrq_rzche)))",ctx_fund_ps_netprofit_margin|ctx_rzrq_rzche,,0.03143405,30412,0.03078122,fragile_sparse,coverage_gate_pass,-0.12,0.94
cn_integrated_v2_quality_x_rzrq_flow_00103,quality_x_rzrq_flow,"CSRank(Mul(ZScore($ctx_fund_ps_netprofit_margin),ZScore($ctx_rzrq_rzche10d)))",ctx_fund_ps_netprofit_margin|ctx_rzrq_rzche10d,,0.03143405,30412,0.03078122,fragile_sparse,coverage_gate_pass,-0.12,0.94
cn_integrated_v2_quality_x_rzrq_flow_00104,quality_x_rzrq_flow,"CSRank(Mul(ZScore($ctx_fund_ps_netprofit_margin),ZScore($ctx_rzrq_rzche3d)))",ctx_fund_ps_netprofit_margin|ctx_rzrq_rzche3d,,0.03143405,30412,0.03078122,fragile_sparse,coverage_gate_pass,-0.12,0.94
cn_integrated_v2_quality_x_rzrq_flow_00105,quality_x_rzrq_flow,"CSRank(Mul(ZScore($ctx_fund_ps_netprofit_margin),ZScore($ctx_rzrq_rzche5d)))",ctx_fund_ps_netprofit_margin|ctx_rzrq_rzche5d,,0.03143405,30412,0.03078122,fragile_sparse,coverage_gate_pass,-0.12,0.94
cn_integrated_v2_quality_x_rzrq_flow_00106,quality_x_rzrq_flow,"CSRank(Mul(ZScore($ctx_fund_ps_netprofit_margin),ZScore($ctx_rzrq_rzjme)))",ctx_fund_ps_netprofit_margin|ctx_rzrq_rzjme,,0.03143405,30412,0.03078122,fragile_sparse,coverage_gate_pass,-0.12,0.94
cn_integrated_v2_quality_x_rzrq_flow_00107,quality_x_rzrq_flow,"CSRank(Mul(ZScore($ctx_fund_ps_netprofit_margin),ZScore($ctx_rzrq_rzjme10d)))",ctx_fund_ps_netprofit_margin|ctx_rzrq_rzjme10d,,0.03143405,30412,0.03078122,fragile_sparse,coverage_gate_pass,-0.12,0.94
cn_integrated_v2_quality_x_rzrq_flow_00108,quality_x_rzrq_flow,"CSRank(Mul(ZScore($ctx_fund_ps_netprofit_margin),ZScore($ctx_rzrq_rzjme3d)))",ctx_fund_ps_netprofit_margin|ctx_rzrq_rzjme3d,,0.03143405,30412,0.03078122,fragile_sparse,coverage_gate_pass,-0.12,0.94
cn_integrated_v2_quality_x_rzrq_flow_00109,quality_x_rzrq_flow,"CSRank(Mul(ZScore($ctx_fund_ps_netprofit_margin),ZScore($ctx_rzrq_rzjme5d)))",ctx_fund_ps_netprofit_margin|ctx_rzrq_rzjme5d,,0.03143405,30412,0.03078122,fragile_sparse,coverage_gate_pass,-0.12,0.94
cn_integrated_v2_quality_x_rzrq_flow_00110,quality_x_rzrq_flow,"CSRank(Mul(ZScore($ctx_fund_ps_netprofit_margin),ZScore($ctx_rzrq_rzmre)))",ctx_fund_ps_netprofit_margin|ctx_rzrq_rzmre,,0.03143405,30412,0.03078122,fragile_sparse,coverage_gate_pass,-0.12,0.94
cn_integrated_v2_quality_x_market_breadth_00111,quality_x_market_breadth,"CSRank(Mul(ZScore($ctx_fund_ps_netprofit_margin),ZScore($ctx_mkt_updown_dt)))",ctx_fund_ps_netprofit_margin|ctx_mkt_updown_dt,,0.03143405,31057,0.03143405,fragile_sparse,coverage_gate_pass,-0.12,0.88
cn_integrated_v2_quality_x_market_breadth_00112,quality_x_market_breadth,"CSRank(Mul(ZScore($ctx_fund_ps_netprofit_margin),ZScore($ctx_mkt_updown_q_zrcs)))",ctx_fund_ps_netprofit_margin|ctx_mkt_updown_q_zrcs,,0.03143405,31057,0.03143405,fragile_sparse,coverage_gate_pass,-0.12,0.88
cn_integrated_v2_quality_x_market_breadth_00113,quality_x_market_breadth,"CSRank(Mul(ZScore($ctx_fund_ps_netprofit_margin),ZScore($ctx_mkt_updown_q_zrtj)))",ctx_fund_ps_netprofit_margin|ctx_mkt_updown_q_zrtj,,0.03143405,31057,0.03143405,fragile_sparse,coverage_gate_pass,-0.12,0.88
cn_integrated_v2_quality_x_market_breadth_00114,quality_x_market_breadth,"CSRank(Mul(ZScore($ctx_fund_ps_netprofit_margin),ZScore($ctx_mkt_updown_s_zrcs)))",ctx_fund_ps_netprofit_margin|ctx_mkt_updown_s_zrcs,,0.03143405,31057,0.03143405,fragile_sparse,coverage_gate_pass,-0.12,0.88
cn_integrated_v2_quality_x_market_breadth_00115,quality_x_market_breadth,"CSRank(Mul(ZScore($ctx_fund_ps_netprofit_margin),ZScore($ctx_mkt_updown_s_zrtj)))",ctx_fund_ps_netprofit_margin|ctx_mkt_updown_s_zrtj,,0.03143405,31057,0.03143405,fragile_sparse,coverage_gate_pass,-0.12,0.88
cn_integrated_v2_quality_x_market_breadth_00116,quality_x_market_breadth,"CSRank(Mul(ZScore($ctx_fund_ps_netprofit_margin),ZScore($ctx_mkt_updown_sjdt)))",ctx_fund_ps_netprofit_margin|ctx_mkt_updown_sjdt,,0.03143405,31057,0.03143405,fragile_sparse,coverage_gate_pass,-0.12,0.88
cn_integrated_v2_quality_x_market_breadth_00117,quality_x_market_breadth,"CSRank(Mul(ZScore($ctx_fund_ps_netprofit_margin),ZScore($ctx_mkt_updown_sjzt)))",ctx_fund_ps_netprofit_margin|ctx_mkt_updown_sjzt,,0.03143405,31057,0.03143405,fragile_sparse,coverage_gate_pass,-0.12,0.88
cn_integrated_v2_quality_x_market_breadth_00118,quality_x_market_breadth,"CSRank(Mul(ZScore($ctx_fund_ps_netprofit_margin),ZScore($ctx_mkt_updown_stdt)))",ctx_fund_ps_netprofit_margin|ctx_mkt_updown_stdt,,0.03143405,31057,0.03143405,fragile_sparse,coverage_gate_pass,-0.12,0.88
cn_integrated_v2_quality_x_market_breadth_00119,quality_x_market_breadth,"CSRank(Mul(ZScore($ctx_fund_ps_netprofit_margin),ZScore($ctx_mkt_updown_stzt)))",ctx_fund_ps_netprofit_margin|ctx_mkt_updown_stzt,,0.03143405,31057,0.03143405,fragile_sparse,coverage_gate_pass,-0.12,0.88
cn_integrated_v2_quality_x_market_breadth_00120,quality_x_market_breadth,"CSRank(Mul(ZScore($ctx_fund_ps_netprofit_margin),ZScore($ctx_mkt_updown_szjs)))",ctx_fund_ps_netprofit_margin|ctx_mkt_updown_szjs,,0.03143405,31057,0.03143405,fragile_sparse,coverage_gate_pass,-0.12,0.88
cn_integrated_v2_quality_x_market_breadth_00121,quality_x_market_breadth,"CSRank(Mul(ZScore($ctx_fund_ps_netprofit_margin),ZScore($ctx_mkt_updown_xdjs)))",ctx_fund_ps_netprofit_margin|ctx_mkt_updown_xdjs,,0.03143405,31057,0.03143405,fragile_sparse,coverage_gate_pass,-0.12,0.88
cn_integrated_v2_quality_x_market_breadth_00122,quality_x_market_breadth,"CSRank(Mul(ZScore($ctx_fund_ps_netprofit_margin),ZScore($ctx_mkt_updown_zt)))",ctx_fund_ps_netprofit_margin|ctx_mkt_updown_zt,,0.03143405,31057,0.03143405,fragile_sparse,coverage_gate_pass,-0.12,0.88
cn_integrated_v2_quality_direct_control_00123,quality_direct_control,CSRank($ctx_fund_cf_operate_cash_to_netprofit),ctx_fund_cf_operate_cash_to_netprofit,,0.00994732,9828,0.00994732,too_sparse,coverage_gate_blocked,-0.35,0.65
cn_integrated_v2_quality_size_residual_00124,quality_size_residual,"CSRank(Sub(ZScore($ctx_fund_cf_operate_cash_to_netprofit),ZScore($final_float_market_cap)))",ctx_fund_cf_operate_cash_to_netprofit|final_float_market_cap,,0.00994732,9828,0.00994732,too_sparse,coverage_gate_blocked,-0.35,0.68
cn_integrated_v2_quality_size_residual_00125,quality_size_residual,"CSRank(Sub(ZScore($ctx_fund_cf_operate_cash_to_netprofit),ZScore($final_total_market_cap)))",ctx_fund_cf_operate_cash_to_netprofit|final_total_market_cap,,0.00994732,9828,0.00994732,too_sparse,coverage_gate_blocked,-0.35,0.68
cn_integrated_v2_quality_size_residual_00126,quality_size_residual,"CSRank(Sub(ZScore($ctx_fund_cf_operate_cash_to_netprofit),ZScore($amount)))",amount|ctx_fund_cf_operate_cash_to_netprofit,,0.00994732,9828,0.00994732,too_sparse,coverage_gate_blocked,-0.35,0.71
cn_integrated_v2_quality_minus_balance_risk_00127,quality_minus_balance_risk,"CSRank(Sub(ZScore($ctx_fund_cf_operate_cash_to_netprofit),ZScore($ctx_fund_bs_debt_to_assets)))",ctx_fund_bs_debt_to_assets|ctx_fund_cf_operate_cash_to_netprofit,,0.00994732,9828,0.00994732,too_sparse,coverage_gate_blocked,-0.35,0.65
cn_integrated_v2_quality_minus_balance_risk_00128,quality_minus_balance_risk,"CSRank(Sub(ZScore($ctx_fund_cf_operate_cash_to_netprofit),ZScore($ctx_fund_bs_goodwill_to_assets)))",ctx_fund_bs_goodwill_to_assets|ctx_fund_cf_operate_cash_to_netprofit,,0.00994732,6822,0.00690482,too_sparse,coverage_gate_blocked,-0.35,0.65
cn_integrated_v2_quality_minus_balance_risk_00129,quality_minus_balance_risk,"CSRank(Sub(ZScore($ctx_fund_cf_operate_cash_to_netprofit),ZScore($ctx_fund_bs_inventory_to_assets)))",ctx_fund_bs_inventory_to_assets|ctx_fund_cf_operate_cash_to_netprofit,,0.00994732,9527,0.00964266,too_sparse,coverage_gate_blocked,-0.35,0.65
cn_integrated_v2_quality_holder_residual_00130,quality_holder_residual,"CSRank(Sub(ZScore($ctx_fund_cf_operate_cash_to_netprofit),ZScore($ctx_holder_avg_market_cap)))",ctx_fund_cf_operate_cash_to_netprofit|ctx_holder_avg_market_cap,,0.00994732,9354,0.00946756,too_sparse,coverage_gate_blocked,-0.35,0.68
cn_integrated_v2_quality_holder_residual_00131,quality_holder_residual,"CSRank(Sub(ZScore($ctx_fund_cf_operate_cash_to_netprofit),ZScore($ctx_holder_holder_num)))",ctx_fund_cf_operate_cash_to_netprofit|ctx_holder_holder_num,,0.00994732,9354,0.00946756,too_sparse,coverage_gate_blocked,-0.35,0.65
cn_integrated_v2_quality_holder_residual_00132,quality_holder_residual,"CSRank(Sub(ZScore($ctx_fund_cf_operate_cash_to_netprofit),ZScore($ctx_holder_holder_num_change)))",ctx_fund_cf_operate_cash_to_netprofit|ctx_holder_holder_num_change,,0.00994732,9354,0.00946756,too_sparse,coverage_gate_blocked,-0.35,0.65
cn_integrated_v2_quality_holder_residual_00133,quality_holder_residual,"CSRank(Sub(ZScore($ctx_fund_cf_operate_cash_to_netprofit),ZScore($ctx_holder_holder_num_ratio)))",ctx_fund_cf_operate_cash_to_netprofit|ctx_holder_holder_num_ratio,,0.00994732,9354,0.00946756,too_sparse,coverage_gate_blocked,-0.35,0.65
cn_integrated_v2_quality_holder_residual_00134,quality_holder_residual,"CSRank(Sub(ZScore($ctx_fund_cf_operate_cash_to_netprofit),ZScore($ctx_holder_interval_chrate)))",ctx_fund_cf_operate_cash_to_netprofit|ctx_holder_interval_chrate,,0.00994732,9354,0.00946756,too_sparse,coverage_gate_blocked,-0.35,0.65
cn_integrated_v2_quality_holder_residual_00135,quality_holder_residual,"CSRank(Sub(ZScore($ctx_fund_cf_operate_cash_to_netprofit),ZScore($ctx_holder_pre_holder_num)))",ctx_fund_cf_operate_cash_to_netprofit|ctx_holder_pre_holder_num,,0.00994732,9354,0.00946756,too_sparse,coverage_gate_blocked,-0.35,0.65
cn_integrated_v2_quality_x_minute_pressure_00136,quality_x_minute_pressure,"CSRank(Mul(ZScore($ctx_fund_cf_operate_cash_to_netprofit),ZScore($m1_amount_day)))",ctx_fund_cf_operate_cash_to_netprofit|m1_amount_day,,0.00994732,9828,0.00994732,too_sparse,coverage_gate_blocked,-0.35,0.71
cn_integrated_v2_quality_x_minute_pressure_00137,quality_x_minute_pressure,"CSRank(Mul(ZScore($ctx_fund_cf_operate_cash_to_netprofit),ZScore($m1_first15_amount)))",ctx_fund_cf_operate_cash_to_netprofit|m1_first15_amount,,0.00994732,9828,0.00994732,too_sparse,coverage_gate_blocked,-0.35,0.71
cn_integrated_v2_quality_x_minute_pressure_00138,quality_x_minute_pressure,"CSRank(Mul(ZScore($ctx_fund_cf_operate_cash_to_netprofit),ZScore($m1_first15_high)))",ctx_fund_cf_operate_cash_to_netprofit|m1_first15_high,,0.00994732,9828,0.00994732,too_sparse,coverage_gate_blocked,-0.35,0.65
cn_integrated_v2_quality_x_minute_pressure_00139,quality_x_minute_pressure,"CSRank(Mul(ZScore($ctx_fund_cf_operate_cash_to_netprofit),ZScore($m1_first15_last_return_vs_open)))",ctx_fund_cf_operate_cash_to_netprofit|m1_first15_last_return_vs_open,,0.00994732,9828,0.00994732,too_sparse,coverage_gate_blocked,-0.35,0.65
cn_integrated_v2_quality_x_minute_pressure_00140,quality_x_minute_pressure,"CSRank(Mul(ZScore($ctx_fund_cf_operate_cash_to_netprofit),ZScore($m1_first15_low)))",ctx_fund_cf_operate_cash_to_netprofit|m1_first15_low,,0.00994732,9828,0.00994732,too_sparse,coverage_gate_blocked,-0.35,0.65
cn_integrated_v2_quality_x_minute_pressure_00141,quality_x_minute_pressure,"CSRank(Mul(ZScore($ctx_fund_cf_operate_cash_to_netprofit),ZScore($m1_first15_range)))",ctx_fund_cf_operate_cash_to_netprofit|m1_first15_range,,0.00994732,9828,0.00994732,too_sparse,coverage_gate_blocked,-0.35,0.65
cn_integrated_v2_quality_x_minute_pressure_00142,quality_x_minute_pressure,"CSRank(Mul(ZScore($ctx_fund_cf_operate_cash_to_netprofit),ZScore($m1_first15_vol)))",ctx_fund_cf_operate_cash_to_netprofit|m1_first15_vol,,0.00994732,9828,0.00994732,too_sparse,coverage_gate_blocked,-0.35,0.71
cn_integrated_v2_quality_x_minute_pressure_00143,quality_x_minute_pressure,"CSRank(Mul(ZScore($ctx_fund_cf_operate_cash_to_netprofit),ZScore($m1_first15_vwap)))",ctx_fund_cf_operate_cash_to_netprofit|m1_first15_vwap,,0.00994732,9828,0.00994732,too_sparse,coverage_gate_blocked,-0.35,0.65
cn_integrated_v2_quality_x_minute_pressure_00144,quality_x_minute_pressure,"CSRank(Mul(ZScore($ctx_fund_cf_operate_cash_to_netprofit),ZScore($m1_first15_vwap_return_vs_open)))",ctx_fund_cf_operate_cash_to_netprofit|m1_first15_vwap_return_vs_open,,0.00994732,9828,0.00994732,too_sparse,coverage_gate_blocked,-0.35,0.65
cn_integrated_v2_quality_x_minute_pressure_00145,quality_x_minute_pressure,"CSRank(Mul(ZScore($ctx_fund_cf_operate_cash_to_netprofit),ZScore($m1_first30_amount)))",ctx_fund_cf_operate_cash_to_netprofit|m1_first30_amount,,0.00994732,9828,0.00994732,too_sparse,coverage_gate_blocked,-0.35,0.71
cn_integrated_v2_quality_x_minute_pressure_00146,quality_x_minute_pressure,"CSRank(Mul(ZScore($ctx_fund_cf_operate_cash_to_netprofit),ZScore($m1_first30_high)))",ctx_fund_cf_operate_cash_to_netprofit|m1_first30_high,,0.00994732,9828,0.00994732,too_sparse,coverage_gate_blocked,-0.35,0.65
cn_integrated_v2_quality_x_minute_pressure_00147,quality_x_minute_pressure,"CSRank(Mul(ZScore($ctx_fund_cf_operate_cash_to_netprofit),ZScore($m1_first30_last_return_vs_open)))",ctx_fund_cf_operate_cash_to_netprofit|m1_first30_last_return_vs_open,,0.00994732,9828,0.00994732,too_sparse,coverage_gate_blocked,-0.35,0.65
cn_integrated_v2_quality_x_minute_pressure_00148,quality_x_minute_pressure,"CSRank(Mul(ZScore($ctx_fund_cf_operate_cash_to_netprofit),ZScore($m1_first30_low)))",ctx_fund_cf_operate_cash_to_netprofit|m1_first30_low,,0.00994732,9828,0.00994732,too_sparse,coverage_gate_blocked,-0.35,0.65
cn_integrated_v2_quality_x_minute_pressure_00149,quality_x_minute_pressure,"CSRank(Mul(ZScore($ctx_fund_cf_operate_cash_to_netprofit),ZScore($m1_first30_range)))",ctx_fund_cf_operate_cash_to_netprofit|m1_first30_range,,0.00994732,9828,0.00994732,too_sparse,coverage_gate_blocked,-0.35,0.65
cn_integrated_v2_quality_x_minute_pressure_00150,quality_x_minute_pressure,"CSRank(Mul(ZScore($ctx_fund_cf_operate_cash_to_netprofit),ZScore($m1_first30_vol)))",ctx_fund_cf_operate_cash_to_netprofit|m1_first30_vol,,0.00994732,9828,0.00994732,too_sparse,coverage_gate_blocked,-0.35,0.71
cn_integrated_v2_quality_x_minute_pressure_00151,quality_x_minute_pressure,"CSRank(Mul(ZScore($ctx_fund_cf_operate_cash_to_netprofit),ZScore($m1_first30_vwap)))",ctx_fund_cf_operate_cash_to_netprofit|m1_first30_vwap,,0.00994732,9828,0.00994732,too_sparse,coverage_gate_blocked,-0.35,0.65
cn_integrated_v2_quality_x_minute_pressure_00152,quality_x_minute_pressure,"CSRank(Mul(ZScore($ctx_fund_cf_operate_cash_to_netprofit),ZScore($m1_first30_vwap_return_vs_open)))",ctx_fund_cf_operate_cash_to_netprofit|m1_first30_vwap_return_vs_open,,0.00994732,9828,0.00994732,too_sparse,coverage_gate_blocked,-0.35,0.65
cn_integrated_v2_quality_x_minute_pressure_00153,quality_x_minute_pressure,"CSRank(Mul(ZScore($ctx_fund_cf_operate_cash_to_netprofit),ZScore($m1_first5_amount)))",ctx_fund_cf_operate_cash_to_netprofit|m1_first5_amount,,0.00994732,9828,0.00994732,too_sparse,coverage_gate_blocked,-0.35,0.71
cn_integrated_v2_quality_x_rzrq_flow_00154,quality_x_rzrq_flow,"CSRank(Mul(ZScore($ctx_fund_cf_operate_cash_to_netprofit),ZScore($ctx_rzrq_rqjmg)))",ctx_fund_cf_operate_cash_to_netprofit|ctx_rzrq_rqjmg,,0.00994732,9604,0.0097206,too_sparse,coverage_gate_blocked,-0.35,0.71
cn_integrated_v2_quality_x_rzrq_flow_00155,quality_x_rzrq_flow,"CSRank(Mul(ZScore($ctx_fund_cf_operate_cash_to_netprofit),ZScore($ctx_rzrq_rqjmg10d)))",ctx_fund_cf_operate_cash_to_netprofit|ctx_rzrq_rqjmg10d,,0.00994732,9604,0.0097206,too_sparse,coverage_gate_blocked,-0.35,0.71
cn_integrated_v2_quality_x_rzrq_flow_00156,quality_x_rzrq_flow,"CSRank(Mul(ZScore($ctx_fund_cf_operate_cash_to_netprofit),ZScore($ctx_rzrq_rqjmg3d)))",ctx_fund_cf_operate_cash_to_netprofit|ctx_rzrq_rqjmg3d,,0.00994732,9604,0.0097206,too_sparse,coverage_gate_blocked,-0.35,0.71
cn_integrated_v2_quality_x_rzrq_flow_00157,quality_x_rzrq_flow,"CSRank(Mul(ZScore($ctx_fund_cf_operate_cash_to_netprofit),ZScore($ctx_rzrq_rqjmg5d)))",ctx_fund_cf_operate_cash_to_netprofit|ctx_rzrq_rqjmg5d,,0.00994732,9604,0.0097206,too_sparse,coverage_gate_blocked,-0.35,0.71
cn_integrated_v2_quality_x_rzrq_flow_00158,quality_x_rzrq_flow,"CSRank(Mul(ZScore($ctx_fund_cf_operate_cash_to_netprofit),ZScore($ctx_rzrq_rqmcl)))",ctx_fund_cf_operate_cash_to_netprofit|ctx_rzrq_rqmcl,,0.00994732,9604,0.0097206,too_sparse,coverage_gate_blocked,-0.35,0.71
cn_integrated_v2_quality_x_rzrq_flow_00159,quality_x_rzrq_flow,"CSRank(Mul(ZScore($ctx_fund_cf_operate_cash_to_netprofit),ZScore($ctx_rzrq_rqmcl10d)))",ctx_fund_cf_operate_cash_to_netprofit|ctx_rzrq_rqmcl10d,,0.00994732,9604,0.0097206,too_sparse,coverage_gate_blocked,-0.35,0.71
cn_integrated_v2_quality_x_rzrq_flow_00160,quality_x_rzrq_flow,"CSRank(Mul(ZScore($ctx_fund_cf_operate_cash_to_netprofit),ZScore($ctx_rzrq_rqmcl3d)))",ctx_fund_cf_operate_cash_to_netprofit|ctx_rzrq_rqmcl3d,,0.00994732,9604,0.0097206,too_sparse,coverage_gate_blocked,-0.35,0.71
cn_integrated_v2_quality_x_rzrq_flow_00161,quality_x_rzrq_flow,"CSRank(Mul(ZScore($ctx_fund_cf_operate_cash_to_netprofit),ZScore($ctx_rzrq_rqmcl5d)))",ctx_fund_cf_operate_cash_to_netprofit|ctx_rzrq_rqmcl5d,,0.00994732,9604,0.0097206,too_sparse,coverage_gate_blocked,-0.35,0.71
cn_integrated_v2_quality_x_rzrq_flow_00162,quality_x_rzrq_flow,"CSRank(Mul(ZScore($ctx_fund_cf_operate_cash_to_netprofit),ZScore($ctx_rzrq_rqye)))",ctx_fund_cf_operate_cash_to_netprofit|ctx_rzrq_rqye,,0.00994732,9604,0.0097206,too_sparse,coverage_gate_blocked,-0.35,0.71
cn_integrated_v2_quality_x_rzrq_flow_00163,quality_x_rzrq_flow,"CSRank(Mul(ZScore($ctx_fund_cf_operate_cash_to_netprofit),ZScore($ctx_rzrq_rzche)))",ctx_fund_cf_operate_cash_to_netprofit|ctx_rzrq_rzche,,0.00994732,9604,0.0097206,too_sparse,coverage_gate_blocked,-0.35,0.71
cn_integrated_v2_quality_x_rzrq_flow_00164,quality_x_rzrq_flow,"CSRank(Mul(ZScore($ctx_fund_cf_operate_cash_to_netprofit),ZScore($ctx_rzrq_rzche10d)))",ctx_fund_cf_operate_cash_to_netprofit|ctx_rzrq_rzche10d,,0.00994732,9604,0.0097206,too_sparse,coverage_gate_blocked,-0.35,0.71
cn_integrated_v2_quality_x_rzrq_flow_00165,quality_x_rzrq_flow,"CSRank(Mul(ZScore($ctx_fund_cf_operate_cash_to_netprofit),ZScore($ctx_rzrq_rzche3d)))",ctx_fund_cf_operate_cash_to_netprofit|ctx_rzrq_rzche3d,,0.00994732,9604,0.0097206,too_sparse,coverage_gate_blocked,-0.35,0.71
cn_integrated_v2_quality_x_rzrq_flow_00166,quality_x_rzrq_flow,"CSRank(Mul(ZScore($ctx_fund_cf_operate_cash_to_netprofit),ZScore($ctx_rzrq_rzche5d)))",ctx_fund_cf_operate_cash_to_netprofit|ctx_rzrq_rzche5d,,0.00994732,9604,0.0097206,too_sparse,coverage_gate_blocked,-0.35,0.71
cn_integrated_v2_quality_x_rzrq_flow_00167,quality_x_rzrq_flow,"CSRank(Mul(ZScore($ctx_fund_cf_operate_cash_to_netprofit),ZScore($ctx_rzrq_rzjme)))",ctx_fund_cf_operate_cash_to_netprofit|ctx_rzrq_rzjme,,0.00994732,9604,0.0097206,too_sparse,coverage_gate_blocked,-0.35,0.71
cn_integrated_v2_quality_x_rzrq_flow_00168,quality_x_rzrq_flow,"CSRank(Mul(ZScore($ctx_fund_cf_operate_cash_to_netprofit),ZScore($ctx_rzrq_rzjme10d)))",ctx_fund_cf_operate_cash_to_netprofit|ctx_rzrq_rzjme10d,,0.00994732,9604,0.0097206,too_sparse,coverage_gate_blocked,-0.35,0.71
cn_integrated_v2_quality_x_rzrq_flow_00169,quality_x_rzrq_flow,"CSRank(Mul(ZScore($ctx_fund_cf_operate_cash_to_netprofit),ZScore($ctx_rzrq_rzjme3d)))",ctx_fund_cf_operate_cash_to_netprofit|ctx_rzrq_rzjme3d,,0.00994732,9604,0.0097206,too_sparse,coverage_gate_blocked,-0.35,0.71
cn_integrated_v2_quality_x_rzrq_flow_00170,quality_x_rzrq_flow,"CSRank(Mul(ZScore($ctx_fund_cf_operate_cash_to_netprofit),ZScore($ctx_rzrq_rzjme5d)))",ctx_fund_cf_operate_cash_to_netprofit|ctx_rzrq_rzjme5d,,0.00994732,9604,0.0097206,too_sparse,coverage_gate_blocked,-0.35,0.71
cn_integrated_v2_quality_x_rzrq_flow_00171,quality_x_rzrq_flow,"CSRank(Mul(ZScore($ctx_fund_cf_operate_cash_to_netprofit),ZScore($ctx_rzrq_rzmre)))",ctx_fund_cf_operate_cash_to_netprofit|ctx_rzrq_rzmre,,0.00994732,9604,0.0097206,too_sparse,coverage_gate_blocked,-0.35,0.71
cn_integrated_v2_quality_x_market_breadth_00172,quality_x_market_breadth,"CSRank(Mul(ZScore($ctx_fund_cf_operate_cash_to_netprofit),ZScore($ctx_mkt_updown_dt)))",ctx_fund_cf_operate_cash_to_netprofit|ctx_mkt_updown_dt,,0.00994732,9828,0.00994732,too_sparse,coverage_gate_blocked,-0.35,0.65
cn_integrated_v2_quality_x_market_breadth_00173,quality_x_market_breadth,"CSRank(Mul(ZScore($ctx_fund_cf_operate_cash_to_netprofit),ZScore($ctx_mkt_updown_q_zrcs)))",ctx_fund_cf_operate_cash_to_netprofit|ctx_mkt_updown_q_zrcs,,0.00994732,9828,0.00994732,too_sparse,coverage_gate_blocked,-0.35,0.65
cn_integrated_v2_quality_x_market_breadth_00174,quality_x_market_breadth,"CSRank(Mul(ZScore($ctx_fund_cf_operate_cash_to_netprofit),ZScore($ctx_mkt_updown_q_zrtj)))",ctx_fund_cf_operate_cash_to_netprofit|ctx_mkt_updown_q_zrtj,,0.00994732,9828,0.00994732,too_sparse,coverage_gate_blocked,-0.35,0.65
cn_integrated_v2_quality_x_market_breadth_00175,quality_x_market_breadth,"CSRank(Mul(ZScore($ctx_fund_cf_operate_cash_to_netprofit),ZScore($ctx_mkt_updown_s_zrcs)))",ctx_fund_cf_operate_cash_to_netprofit|ctx_mkt_updown_s_zrcs,,0.00994732,9828,0.00994732,too_sparse,coverage_gate_blocked,-0.35,0.65
cn_integrated_v2_quality_x_market_breadth_00176,quality_x_market_breadth,"CSRank(Mul(ZScore($ctx_fund_cf_operate_cash_to_netprofit),ZScore($ctx_mkt_updown_s_zrtj)))",ctx_fund_cf_operate_cash_to_netprofit|ctx_mkt_updown_s_zrtj,,0.00994732,9828,0.00994732,too_sparse,coverage_gate_blocked,-0.35,0.65
cn_integrated_v2_quality_x_market_breadth_00177,quality_x_market_breadth,"CSRank(Mul(ZScore($ctx_fund_cf_operate_cash_to_netprofit),ZScore($ctx_mkt_updown_sjdt)))",ctx_fund_cf_operate_cash_to_netprofit|ctx_mkt_updown_sjdt,,0.00994732,9828,0.00994732,too_sparse,coverage_gate_blocked,-0.35,0.65
cn_integrated_v2_quality_x_market_breadth_00178,quality_x_market_breadth,"CSRank(Mul(ZScore($ctx_fund_cf_operate_cash_to_netprofit),ZScore($ctx_mkt_updown_sjzt)))",ctx_fund_cf_operate_cash_to_netprofit|ctx_mkt_updown_sjzt,,0.00994732,9828,0.00994732,too_sparse,coverage_gate_blocked,-0.35,0.65
cn_integrated_v2_quality_x_market_breadth_00179,quality_x_market_breadth,"CSRank(Mul(ZScore($ctx_fund_cf_operate_cash_to_netprofit),ZScore($ctx_mkt_updown_stdt)))",ctx_fund_cf_operate_cash_to_netprofit|ctx_mkt_updown_stdt,,0.00994732,9828,0.00994732,too_sparse,coverage_gate_blocked,-0.35,0.65
cn_integrated_v2_quality_x_market_breadth_00180,quality_x_market_breadth,"CSRank(Mul(ZScore($ctx_fund_cf_operate_cash_to_netprofit),ZScore($ctx_mkt_updown_stzt)))",ctx_fund_cf_operate_cash_to_netprofit|ctx_mkt_updown_stzt,,0.00994732,9828,0.00994732,too_sparse,coverage_gate_blocked,-0.35,0.65
cn_integrated_v2_quality_x_market_breadth_00181,quality_x_market_breadth,"CSRank(Mul(ZScore($ctx_fund_cf_operate_cash_to_netprofit),ZScore($ctx_mkt_updown_szjs)))",ctx_fund_cf_operate_cash_to_netprofit|ctx_mkt_updown_szjs,,0.00994732,9828,0.00994732,too_sparse,coverage_gate_blocked,-0.35,0.65
cn_integrated_v2_quality_x_market_breadth_00182,quality_x_market_breadth,"CSRank(Mul(ZScore($ctx_fund_cf_operate_cash_to_netprofit),ZScore($ctx_mkt_updown_xdjs)))",ctx_fund_cf_operate_cash_to_netprofit|ctx_mkt_updown_xdjs,,0.00994732,9828,0.00994732,too_sparse,coverage_gate_blocked,-0.35,0.65
cn_integrated_v2_quality_x_market_breadth_00183,quality_x_market_breadth,"CSRank(Mul(ZScore($ctx_fund_cf_operate_cash_to_netprofit),ZScore($ctx_mkt_updown_zt)))",ctx_fund_cf_operate_cash_to_netprofit|ctx_mkt_updown_zt,,0.00994732,9828,0.00994732,too_sparse,coverage_gate_blocked,-0.35,0.65
cn_integrated_v2_quality_direct_control_00184,quality_direct_control,CSRank($ctx_fund_ps_research_to_income),ctx_fund_ps_research_to_income,,0.0312711,30896,0.0312711,fragile_sparse,coverage_gate_pass,-0.12,0.88
cn_integrated_v2_quality_size_residual_00185,quality_size_residual,"CSRank(Sub(ZScore($ctx_fund_ps_research_to_income),ZScore($final_float_market_cap)))",ctx_fund_ps_research_to_income|final_float_market_cap,,0.0312711,30896,0.0312711,fragile_sparse,coverage_gate_pass,-0.12,0.91
cn_integrated_v2_quality_size_residual_00186,quality_size_residual,"CSRank(Sub(ZScore($ctx_fund_ps_research_to_income),ZScore($final_total_market_cap)))",ctx_fund_ps_research_to_income|final_total_market_cap,,0.0312711,30896,0.0312711,fragile_sparse,coverage_gate_pass,-0.12,0.91
cn_integrated_v2_quality_size_residual_00187,quality_size_residual,"CSRank(Sub(ZScore($ctx_fund_ps_research_to_income),ZScore($amount)))",amount|ctx_fund_ps_research_to_income,,0.0312711,30896,0.0312711,fragile_sparse,coverage_gate_pass,-0.12,0.94
cn_integrated_v2_quality_minus_balance_risk_00188,quality_minus_balance_risk,"CSRank(Sub(ZScore($ctx_fund_ps_research_to_income),ZScore($ctx_fund_bs_debt_to_assets)))",ctx_fund_bs_debt_to_assets|ctx_fund_ps_research_to_income,,0.0312711,30896,0.0312711,fragile_sparse,coverage_gate_pass,-0.12,0.88
cn_integrated_v2_quality_minus_balance_risk_00189,quality_minus_balance_risk,"CSRank(Sub(ZScore($ctx_fund_ps_research_to_income),ZScore($ctx_fund_bs_goodwill_to_assets)))",ctx_fund_bs_goodwill_to_assets|ctx_fund_ps_research_to_income,,0.02262337,21708,0.02197155,fragile_sparse,coverage_gate_pass,-0.12,0.88
cn_integrated_v2_quality_minus_balance_risk_00190,quality_minus_balance_risk,"CSRank(Sub(ZScore($ctx_fund_ps_research_to_income),ZScore($ctx_fund_bs_inventory_to_assets)))",ctx_fund_bs_inventory_to_assets|ctx_fund_ps_research_to_income,,0.03093001,30398,0.03076705,fragile_sparse,coverage_gate_pass,-0.12,0.88
cn_integrated_v2_quality_holder_residual_00191,quality_holder_residual,"CSRank(Sub(ZScore($ctx_fund_ps_research_to_income),ZScore($ctx_holder_avg_market_cap)))",ctx_fund_ps_research_to_income|ctx_holder_avg_market_cap,,0.0312711,29377,0.02973366,fragile_sparse,coverage_gate_pass,-0.12,0.91
cn_integrated_v2_quality_holder_residual_00192,quality_holder_residual,"CSRank(Sub(ZScore($ctx_fund_ps_research_to_income),ZScore($ctx_holder_holder_num)))",ctx_fund_ps_research_to_income|ctx_holder_holder_num,,0.0312711,29377,0.02973366,fragile_sparse,coverage_gate_pass,-0.12,0.88
cn_integrated_v2_quality_holder_residual_00193,quality_holder_residual,"CSRank(Sub(ZScore($ctx_fund_ps_research_to_income),ZScore($ctx_holder_holder_num_change)))",ctx_fund_ps_research_to_income|ctx_holder_holder_num_change,,0.0312711,29377,0.02973366,fragile_sparse,coverage_gate_pass,-0.12,0.88
cn_integrated_v2_quality_holder_residual_00194,quality_holder_residual,"CSRank(Sub(ZScore($ctx_fund_ps_research_to_income),ZScore($ctx_holder_holder_num_ratio)))",ctx_fund_ps_research_to_income|ctx_holder_holder_num_ratio,,0.0312711,29377,0.02973366,fragile_sparse,coverage_gate_pass,-0.12,0.88
cn_integrated_v2_quality_holder_residual_00195,quality_holder_residual,"CSRank(Sub(ZScore($ctx_fund_ps_research_to_income),ZScore($ctx_holder_interval_chrate)))",ctx_fund_ps_research_to_income|ctx_holder_interval_chrate,,0.0312711,29327,0.02968305,fragile_sparse,coverage_gate_pass,-0.12,0.88
cn_integrated_v2_quality_holder_residual_00196,quality_holder_residual,"CSRank(Sub(ZScore($ctx_fund_ps_research_to_income),ZScore($ctx_holder_pre_holder_num)))",ctx_fund_ps_research_to_income|ctx_holder_pre_holder_num,,0.0312711,29377,0.02973366,fragile_sparse,coverage_gate_pass,-0.12,0.88
cn_integrated_v2_quality_x_minute_pressure_00197,quality_x_minute_pressure,"CSRank(Mul(ZScore($ctx_fund_ps_research_to_income),ZScore($m1_amount_day)))",ctx_fund_ps_research_to_income|m1_amount_day,,0.0312711,30896,0.0312711,fragile_sparse,coverage_gate_pass,-0.12,0.94
cn_integrated_v2_quality_x_minute_pressure_00198,quality_x_minute_pressure,"CSRank(Mul(ZScore($ctx_fund_ps_research_to_income),ZScore($m1_first15_amount)))",ctx_fund_ps_research_to_income|m1_first15_amount,,0.0312711,30896,0.0312711,fragile_sparse,coverage_gate_pass,-0.12,0.94
cn_integrated_v2_quality_x_minute_pressure_00199,quality_x_minute_pressure,"CSRank(Mul(ZScore($ctx_fund_ps_research_to_income),ZScore($m1_first15_high)))",ctx_fund_ps_research_to_income|m1_first15_high,,0.0312711,30896,0.0312711,fragile_sparse,coverage_gate_pass,-0.12,0.88
cn_integrated_v2_quality_x_minute_pressure_00200,quality_x_minute_pressure,"CSRank(Mul(ZScore($ctx_fund_ps_research_to_income),ZScore($m1_first15_last_return_vs_open)))",ctx_fund_ps_research_to_income|m1_first15_last_return_vs_open,,0.0312711,30896,0.0312711,fragile_sparse,coverage_gate_pass,-0.12,0.88
cn_integrated_v2_quality_x_minute_pressure_00201,quality_x_minute_pressure,"CSRank(Mul(ZScore($ctx_fund_ps_research_to_income),ZScore($m1_first15_low)))",ctx_fund_ps_research_to_income|m1_first15_low,,0.0312711,30896,0.0312711,fragile_sparse,coverage_gate_pass,-0.12,0.88
cn_integrated_v2_quality_x_minute_pressure_00202,quality_x_minute_pressure,"CSRank(Mul(ZScore($ctx_fund_ps_research_to_income),ZScore($m1_first15_range)))",ctx_fund_ps_research_to_income|m1_first15_range,,0.0312711,30896,0.0312711,fragile_sparse,coverage_gate_pass,-0.12,0.88
cn_integrated_v2_quality_x_minute_pressure_00203,quality_x_minute_pressure,"CSRank(Mul(ZScore($ctx_fund_ps_research_to_income),ZScore($m1_first15_vol)))",ctx_fund_ps_research_to_income|m1_first15_vol,,0.0312711,30896,0.0312711,fragile_sparse,coverage_gate_pass,-0.12,0.94
cn_integrated_v2_quality_x_minute_pressure_00204,quality_x_minute_pressure,"CSRank(Mul(ZScore($ctx_fund_ps_research_to_income),ZScore($m1_first15_vwap)))",ctx_fund_ps_research_to_income|m1_first15_vwap,,0.0312711,30896,0.0312711,fragile_sparse,coverage_gate_pass,-0.12,0.88
cn_integrated_v2_quality_x_minute_pressure_00205,quality_x_minute_pressure,"CSRank(Mul(ZScore($ctx_fund_ps_research_to_income),ZScore($m1_first15_vwap_return_vs_open)))",ctx_fund_ps_research_to_income|m1_first15_vwap_return_vs_open,,0.0312711,30896,0.0312711,fragile_sparse,coverage_gate_pass,-0.12,0.88
cn_integrated_v2_quality_x_minute_pressure_00206,quality_x_minute_pressure,"CSRank(Mul(ZScore($ctx_fund_ps_research_to_income),ZScore($m1_first30_amount)))",ctx_fund_ps_research_to_income|m1_first30_amount,,0.0312711,30896,0.0312711,fragile_sparse,coverage_gate_pass,-0.12,0.94
cn_integrated_v2_quality_x_minute_pressure_00207,quality_x_minute_pressure,"CSRank(Mul(ZScore($ctx_fund_ps_research_to_income),ZScore($m1_first30_high)))",ctx_fund_ps_research_to_income|m1_first30_high,,0.0312711,30896,0.0312711,fragile_sparse,coverage_gate_pass,-0.12,0.88
cn_integrated_v2_quality_x_minute_pressure_00208,quality_x_minute_pressure,"CSRank(Mul(ZScore($ctx_fund_ps_research_to_income),ZScore($m1_first30_last_return_vs_open)))",ctx_fund_ps_research_to_income|m1_first30_last_return_vs_open,,0.0312711,30896,0.0312711,fragile_sparse,coverage_gate_pass,-0.12,0.88
cn_integrated_v2_quality_x_minute_pressure_00209,quality_x_minute_pressure,"CSRank(Mul(ZScore($ctx_fund_ps_research_to_income),ZScore($m1_first30_low)))",ctx_fund_ps_research_to_income|m1_first30_low,,0.0312711,30896,0.0312711,fragile_sparse,coverage_gate_pass,-0.12,0.88
cn_integrated_v2_quality_x_minute_pressure_00210,quality_x_minute_pressure,"CSRank(Mul(ZScore($ctx_fund_ps_research_to_income),ZScore($m1_first30_range)))",ctx_fund_ps_research_to_income|m1_first30_range,,0.0312711,30896,0.0312711,fragile_sparse,coverage_gate_pass,-0.12,0.88
cn_integrated_v2_quality_x_minute_pressure_00211,quality_x_minute_pressure,"CSRank(Mul(ZScore($ctx_fund_ps_research_to_income),ZScore($m1_first30_vol)))",ctx_fund_ps_research_to_income|m1_first30_vol,,0.0312711,30896,0.0312711,fragile_sparse,coverage_gate_pass,-0.12,0.94
cn_integrated_v2_quality_x_minute_pressure_00212,quality_x_minute_pressure,"CSRank(Mul(ZScore($ctx_fund_ps_research_to_income),ZScore($m1_first30_vwap)))",ctx_fund_ps_research_to_income|m1_first30_vwap,,0.0312711,30896,0.0312711,fragile_sparse,coverage_gate_pass,-0.12,0.88
cn_integrated_v2_quality_x_minute_pressure_00213,quality_x_minute_pressure,"CSRank(Mul(ZScore($ctx_fund_ps_research_to_income),ZScore($m1_first30_vwap_return_vs_open)))",ctx_fund_ps_research_to_income|m1_first30_vwap_return_vs_open,,0.0312711,30896,0.0312711,fragile_sparse,coverage_gate_pass,-0.12,0.88
cn_integrated_v2_quality_x_minute_pressure_00214,quality_x_minute_pressure,"CSRank(Mul(ZScore($ctx_fund_ps_research_to_income),ZScore($m1_first5_amount)))",ctx_fund_ps_research_to_income|m1_first5_amount,,0.0312711,30896,0.0312711,fragile_sparse,coverage_gate_pass,-0.12,0.94
cn_integrated_v2_quality_x_rzrq_flow_00215,quality_x_rzrq_flow,"CSRank(Mul(ZScore($ctx_fund_ps_research_to_income),ZScore($ctx_rzrq_rqjmg)))",ctx_fund_ps_research_to_income|ctx_rzrq_rqjmg,,0.0312711,30412,0.03078122,fragile_sparse,coverage_gate_pass,-0.12,0.94
cn_integrated_v2_quality_x_rzrq_flow_00216,quality_x_rzrq_flow,"CSRank(Mul(ZScore($ctx_fund_ps_research_to_income),ZScore($ctx_rzrq_rqjmg10d)))",ctx_fund_ps_research_to_income|ctx_rzrq_rqjmg10d,,0.0312711,30412,0.03078122,fragile_sparse,coverage_gate_pass,-0.12,0.94
cn_integrated_v2_quality_x_rzrq_flow_00217,quality_x_rzrq_flow,"CSRank(Mul(ZScore($ctx_fund_ps_research_to_income),ZScore($ctx_rzrq_rqjmg3d)))",ctx_fund_ps_research_to_income|ctx_rzrq_rqjmg3d,,0.0312711,30412,0.03078122,fragile_sparse,coverage_gate_pass,-0.12,0.94
cn_integrated_v2_quality_x_rzrq_flow_00218,quality_x_rzrq_flow,"CSRank(Mul(ZScore($ctx_fund_ps_research_to_income),ZScore($ctx_rzrq_rqjmg5d)))",ctx_fund_ps_research_to_income|ctx_rzrq_rqjmg5d,,0.0312711,30412,0.03078122,fragile_sparse,coverage_gate_pass,-0.12,0.94
cn_integrated_v2_quality_x_rzrq_flow_00219,quality_x_rzrq_flow,"CSRank(Mul(ZScore($ctx_fund_ps_research_to_income),ZScore($ctx_rzrq_rqmcl)))",ctx_fund_ps_research_to_income|ctx_rzrq_rqmcl,,0.0312711,30412,0.03078122,fragile_sparse,coverage_gate_pass,-0.12,0.94
cn_integrated_v2_quality_x_rzrq_flow_00220,quality_x_rzrq_flow,"CSRank(Mul(ZScore($ctx_fund_ps_research_to_income),ZScore($ctx_rzrq_rqmcl10d)))",ctx_fund_ps_research_to_income|ctx_rzrq_rqmcl10d,,0.0312711,30412,0.03078122,fragile_sparse,coverage_gate_pass,-0.12,0.94
cn_integrated_v2_quality_x_rzrq_flow_00221,quality_x_rzrq_flow,"CSRank(Mul(ZScore($ctx_fund_ps_research_to_income),ZScore($ctx_rzrq_rqmcl3d)))",ctx_fund_ps_research_to_income|ctx_rzrq_rqmcl3d,,0.0312711,30412,0.03078122,fragile_sparse,coverage_gate_pass,-0.12,0.94
cn_integrated_v2_quality_x_rzrq_flow_00222,quality_x_rzrq_flow,"CSRank(Mul(ZScore($ctx_fund_ps_research_to_income),ZScore($ctx_rzrq_rqmcl5d)))",ctx_fund_ps_research_to_income|ctx_rzrq_rqmcl5d,,0.0312711,30412,0.03078122,fragile_sparse,coverage_gate_pass,-0.12,0.94
cn_integrated_v2_quality_x_rzrq_flow_00223,quality_x_rzrq_flow,"CSRank(Mul(ZScore($ctx_fund_ps_research_to_income),ZScore($ctx_rzrq_rqye)))",ctx_fund_ps_research_to_income|ctx_rzrq_rqye,,0.0312711,30412,0.03078122,fragile_sparse,coverage_gate_pass,-0.12,0.94
cn_integrated_v2_quality_x_rzrq_flow_00224,quality_x_rzrq_flow,"CSRank(Mul(ZScore($ctx_fund_ps_research_to_income),ZScore($ctx_rzrq_rzche)))",ctx_fund_ps_research_to_income|ctx_rzrq_rzche,,0.0312711,30412,0.03078122,fragile_sparse,coverage_gate_pass,-0.12,0.94
cn_integrated_v2_quality_x_rzrq_flow_00225,quality_x_rzrq_flow,"CSRank(Mul(ZScore($ctx_fund_ps_research_to_income),ZScore($ctx_rzrq_rzche10d)))",ctx_fund_ps_research_to_income|ctx_rzrq_rzche10d,,0.0312711,30412,0.03078122,fragile_sparse,coverage_gate_pass,-0.12,0.94
cn_integrated_v2_quality_x_rzrq_flow_00226,quality_x_rzrq_flow,"CSRank(Mul(ZScore($ctx_fund_ps_research_to_income),ZScore($ctx_rzrq_rzche3d)))",ctx_fund_ps_research_to_income|ctx_rzrq_rzche3d,,0.0312711,30412,0.03078122,fragile_sparse,coverage_gate_pass,-0.12,0.94
cn_integrated_v2_quality_x_rzrq_flow_00227,quality_x_rzrq_flow,"CSRank(Mul(ZScore($ctx_fund_ps_research_to_income),ZScore($ctx_rzrq_rzche5d)))",ctx_fund_ps_research_to_income|ctx_rzrq_rzche5d,,0.0312711,30412,0.03078122,fragile_sparse,coverage_gate_pass,-0.12,0.94
cn_integrated_v2_quality_x_rzrq_flow_00228,quality_x_rzrq_flow,"CSRank(Mul(ZScore($ctx_fund_ps_research_to_income),ZScore($ctx_rzrq_rzjme)))",ctx_fund_ps_research_to_income|ctx_rzrq_rzjme,,0.0312711,30412,0.03078122,fragile_sparse,coverage_gate_pass,-0.12,0.94
cn_integrated_v2_quality_x_rzrq_flow_00229,quality_x_rzrq_flow,"CSRank(Mul(ZScore($ctx_fund_ps_research_to_income),ZScore($ctx_rzrq_rzjme10d)))",ctx_fund_ps_research_to_income|ctx_rzrq_rzjme10d,,0.0312711,30412,0.03078122,fragile_sparse,coverage_gate_pass,-0.12,0.94
cn_integrated_v2_quality_x_rzrq_flow_00230,quality_x_rzrq_flow,"CSRank(Mul(ZScore($ctx_fund_ps_research_to_income),ZScore($ctx_rzrq_rzjme3d)))",ctx_fund_ps_research_to_income|ctx_rzrq_rzjme3d,,0.0312711,30412,0.03078122,fragile_sparse,coverage_gate_pass,-0.12,0.94
cn_integrated_v2_quality_x_rzrq_flow_00231,quality_x_rzrq_flow,"CSRank(Mul(ZScore($ctx_fund_ps_research_to_income),ZScore($ctx_rzrq_rzjme5d)))",ctx_fund_ps_research_to_income|ctx_rzrq_rzjme5d,,0.0312711,30412,0.03078122,fragile_sparse,coverage_gate_pass,-0.12,0.94
cn_integrated_v2_quality_x_rzrq_flow_00232,quality_x_rzrq_flow,"CSRank(Mul(ZScore($ctx_fund_ps_research_to_income),ZScore($ctx_rzrq_rzmre)))",ctx_fund_ps_research_to_income|ctx_rzrq_rzmre,,0.0312711,30412,0.03078122,fragile_sparse,coverage_gate_pass,-0.12,0.94
cn_integrated_v2_quality_x_market_breadth_00233,quality_x_market_breadth,"CSRank(Mul(ZScore($ctx_fund_ps_research_to_income),ZScore($ctx_mkt_updown_dt)))",ctx_fund_ps_research_to_income|ctx_mkt_updown_dt,,0.0312711,30896,0.0312711,fragile_sparse,coverage_gate_pass,-0.12,0.88
cn_integrated_v2_quality_x_market_breadth_00234,quality_x_market_breadth,"CSRank(Mul(ZScore($ctx_fund_ps_research_to_income),ZScore($ctx_mkt_updown_q_zrcs)))",ctx_fund_ps_research_to_income|ctx_mkt_updown_q_zrcs,,0.0312711,30896,0.0312711,fragile_sparse,coverage_gate_pass,-0.12,0.88
cn_integrated_v2_quality_x_market_breadth_00235,quality_x_market_breadth,"CSRank(Mul(ZScore($ctx_fund_ps_research_to_income),ZScore($ctx_mkt_updown_q_zrtj)))",ctx_fund_ps_research_to_income|ctx_mkt_updown_q_zrtj,,0.0312711,30896,0.0312711,fragile_sparse,coverage_gate_pass,-0.12,0.88
cn_integrated_v2_quality_x_market_breadth_00236,quality_x_market_breadth,"CSRank(Mul(ZScore($ctx_fund_ps_research_to_income),ZScore($ctx_mkt_updown_s_zrcs)))",ctx_fund_ps_research_to_income|ctx_mkt_updown_s_zrcs,,0.0312711,30896,0.0312711,fragile_sparse,coverage_gate_pass,-0.12,0.88
cn_integrated_v2_quality_x_market_breadth_00237,quality_x_market_breadth,"CSRank(Mul(ZScore($ctx_fund_ps_research_to_income),ZScore($ctx_mkt_updown_s_zrtj)))",ctx_fund_ps_research_to_income|ctx_mkt_updown_s_zrtj,,0.0312711,30896,0.0312711,fragile_sparse,coverage_gate_pass,-0.12,0.88
cn_integrated_v2_quality_x_market_breadth_00238,quality_x_market_breadth,"CSRank(Mul(ZScore($ctx_fund_ps_research_to_income),ZScore($ctx_mkt_updown_sjdt)))",ctx_fund_ps_research_to_income|ctx_mkt_updown_sjdt,,0.0312711,30896,0.0312711,fragile_sparse,coverage_gate_pass,-0.12,0.88
cn_integrated_v2_quality_x_market_breadth_00239,quality_x_market_breadth,"CSRank(Mul(ZScore($ctx_fund_ps_research_to_income),ZScore($ctx_mkt_updown_sjzt)))",ctx_fund_ps_research_to_income|ctx_mkt_updown_sjzt,,0.0312711,30896,0.0312711,fragile_sparse,coverage_gate_pass,-0.12,0.88
cn_integrated_v2_quality_x_market_breadth_00240,quality_x_market_breadth,"CSRank(Mul(ZScore($ctx_fund_ps_research_to_income),ZScore($ctx_mkt_updown_stdt)))",ctx_fund_ps_research_to_income|ctx_mkt_updown_stdt,,0.0312711,30896,0.0312711,fragile_sparse,coverage_gate_pass,-0.12,0.88
cn_integrated_v2_quality_x_market_breadth_00241,quality_x_market_breadth,"CSRank(Mul(ZScore($ctx_fund_ps_research_to_income),ZScore($ctx_mkt_updown_stzt)))",ctx_fund_ps_research_to_income|ctx_mkt_updown_stzt,,0.0312711,30896,0.0312711,fragile_sparse,coverage_gate_pass,-0.12,0.88
cn_integrated_v2_quality_x_market_breadth_00242,quality_x_market_breadth,"CSRank(Mul(ZScore($ctx_fund_ps_research_to_income),ZScore($ctx_mkt_updown_szjs)))",ctx_fund_ps_research_to_income|ctx_mkt_updown_szjs,,0.0312711,30896,0.0312711,fragile_sparse,coverage_gate_pass,-0.12,0.88
cn_integrated_v2_quality_x_market_breadth_00243,quality_x_market_breadth,"CSRank(Mul(ZScore($ctx_fund_ps_research_to_income),ZScore($ctx_mkt_updown_xdjs)))",ctx_fund_ps_research_to_income|ctx_mkt_updown_xdjs,,0.0312711,30896,0.0312711,fragile_sparse,coverage_gate_pass,-0.12,0.88
cn_integrated_v2_quality_x_market_breadth_00244,quality_x_market_breadth,"CSRank(Mul(ZScore($ctx_fund_ps_research_to_income),ZScore($ctx_mkt_updown_zt)))",ctx_fund_ps_research_to_income|ctx_mkt_updown_zt,,0.0312711,30896,0.0312711,fragile_sparse,coverage_gate_pass,-0.12,0.88
cn_integrated_v2_quality_direct_control_00245,quality_direct_control,CSRank($ctx_fund_bs_cash_to_assets),ctx_fund_bs_cash_to_assets,,0.03175996,31379,0.03175996,fragile_sparse,coverage_gate_pass,-0.12,0.88
cn_integrated_v2_quality_size_residual_00246,quality_size_residual,"CSRank(Sub(ZScore($ctx_fund_bs_cash_to_assets),ZScore($final_float_market_cap)))",ctx_fund_bs_cash_to_assets|final_float_market_cap,,0.03175996,31379,0.03175996,fragile_sparse,coverage_gate_pass,-0.12,0.91
cn_integrated_v2_quality_size_residual_00247,quality_size_residual,"CSRank(Sub(ZScore($ctx_fund_bs_cash_to_assets),ZScore($final_total_market_cap)))",ctx_fund_bs_cash_to_assets|final_total_market_cap,,0.03175996,31379,0.03175996,fragile_sparse,coverage_gate_pass,-0.12,0.91
cn_integrated_v2_quality_size_residual_00248,quality_size_residual,"CSRank(Sub(ZScore($ctx_fund_bs_cash_to_assets),ZScore($amount)))",amount|ctx_fund_bs_cash_to_assets,,0.03175996,31379,0.03175996,fragile_sparse,coverage_gate_pass,-0.12,0.94
cn_integrated_v2_quality_minus_balance_risk_00249,quality_minus_balance_risk,"CSRank(Sub(ZScore($ctx_fund_bs_cash_to_assets),ZScore($ctx_fund_bs_debt_to_assets)))",ctx_fund_bs_cash_to_assets|ctx_fund_bs_debt_to_assets,,0.03175996,31379,0.03175996,fragile_sparse,coverage_gate_pass,-0.12,0.88
cn_integrated_v2_quality_minus_balance_risk_00250,quality_minus_balance_risk,"CSRank(Sub(ZScore($ctx_fund_bs_cash_to_assets),ZScore($ctx_fund_bs_goodwill_to_assets)))",ctx_fund_bs_cash_to_assets|ctx_fund_bs_goodwill_to_assets,,0.02262337,22030,0.02229746,fragile_sparse,coverage_gate_pass,-0.12,0.88
cn_integrated_v2_quality_minus_balance_risk_00251,quality_minus_balance_risk,"CSRank(Sub(ZScore($ctx_fund_bs_cash_to_assets),ZScore($ctx_fund_bs_inventory_to_assets)))",ctx_fund_bs_cash_to_assets|ctx_fund_bs_inventory_to_assets,,0.03093001,30559,0.03093001,fragile_sparse,coverage_gate_pass,-0.12,0.88
cn_integrated_v2_quality_holder_residual_00252,quality_holder_residual,"CSRank(Sub(ZScore($ctx_fund_bs_cash_to_assets),ZScore($ctx_holder_avg_market_cap)))",ctx_fund_bs_cash_to_assets|ctx_holder_avg_market_cap,,0.03175996,29860,0.03022252,fragile_sparse,coverage_gate_pass,-0.12,0.91
cn_integrated_v2_quality_holder_residual_00253,quality_holder_residual,"CSRank(Sub(ZScore($ctx_fund_bs_cash_to_assets),ZScore($ctx_holder_holder_num)))",ctx_fund_bs_cash_to_assets|ctx_holder_holder_num,,0.03175996,29860,0.03022252,fragile_sparse,coverage_gate_pass,-0.12,0.88
cn_integrated_v2_quality_holder_residual_00254,quality_holder_residual,"CSRank(Sub(ZScore($ctx_fund_bs_cash_to_assets),ZScore($ctx_holder_holder_num_change)))",ctx_fund_bs_cash_to_assets|ctx_holder_holder_num_change,,0.03175996,29860,0.03022252,fragile_sparse,coverage_gate_pass,-0.12,0.88
cn_integrated_v2_quality_holder_residual_00255,quality_holder_residual,"CSRank(Sub(ZScore($ctx_fund_bs_cash_to_assets),ZScore($ctx_holder_holder_num_ratio)))",ctx_fund_bs_cash_to_assets|ctx_holder_holder_num_ratio,,0.03175996,29860,0.03022252,fragile_sparse,coverage_gate_pass,-0.12,0.88
cn_integrated_v2_quality_holder_residual_00256,quality_holder_residual,"CSRank(Sub(ZScore($ctx_fund_bs_cash_to_assets),ZScore($ctx_holder_interval_chrate)))",ctx_fund_bs_cash_to_assets|ctx_holder_interval_chrate,,0.03175996,29810,0.03017191,fragile_sparse,coverage_gate_pass,-0.12,0.88
cn_integrated_v2_quality_holder_residual_00257,quality_holder_residual,"CSRank(Sub(ZScore($ctx_fund_bs_cash_to_assets),ZScore($ctx_holder_pre_holder_num)))",ctx_fund_bs_cash_to_assets|ctx_holder_pre_holder_num,,0.03175996,29860,0.03022252,fragile_sparse,coverage_gate_pass,-0.12,0.88
cn_integrated_v2_quality_x_minute_pressure_00258,quality_x_minute_pressure,"CSRank(Mul(ZScore($ctx_fund_bs_cash_to_assets),ZScore($m1_amount_day)))",ctx_fund_bs_cash_to_assets|m1_amount_day,,0.03175996,31379,0.03175996,fragile_sparse,coverage_gate_pass,-0.12,0.94
cn_integrated_v2_quality_x_minute_pressure_00259,quality_x_minute_pressure,"CSRank(Mul(ZScore($ctx_fund_bs_cash_to_assets),ZScore($m1_first15_amount)))",ctx_fund_bs_cash_to_assets|m1_first15_amount,,0.03175996,31379,0.03175996,fragile_sparse,coverage_gate_pass,-0.12,0.94
cn_integrated_v2_quality_x_minute_pressure_00260,quality_x_minute_pressure,"CSRank(Mul(ZScore($ctx_fund_bs_cash_to_assets),ZScore($m1_first15_high)))",ctx_fund_bs_cash_to_assets|m1_first15_high,,0.03175996,31379,0.03175996,fragile_sparse,coverage_gate_pass,-0.12,0.88
cn_integrated_v2_quality_x_minute_pressure_00261,quality_x_minute_pressure,"CSRank(Mul(ZScore($ctx_fund_bs_cash_to_assets),ZScore($m1_first15_last_return_vs_open)))",ctx_fund_bs_cash_to_assets|m1_first15_last_return_vs_open,,0.03175996,31379,0.03175996,fragile_sparse,coverage_gate_pass,-0.12,0.88
cn_integrated_v2_quality_x_minute_pressure_00262,quality_x_minute_pressure,"CSRank(Mul(ZScore($ctx_fund_bs_cash_to_assets),ZScore($m1_first15_low)))",ctx_fund_bs_cash_to_assets|m1_first15_low,,0.03175996,31379,0.03175996,fragile_sparse,coverage_gate_pass,-0.12,0.88
cn_integrated_v2_quality_x_minute_pressure_00263,quality_x_minute_pressure,"CSRank(Mul(ZScore($ctx_fund_bs_cash_to_assets),ZScore($m1_first15_range)))",ctx_fund_bs_cash_to_assets|m1_first15_range,,0.03175996,31379,0.03175996,fragile_sparse,coverage_gate_pass,-0.12,0.88
cn_integrated_v2_quality_x_minute_pressure_00264,quality_x_minute_pressure,"CSRank(Mul(ZScore($ctx_fund_bs_cash_to_assets),ZScore($m1_first15_vol)))",ctx_fund_bs_cash_to_assets|m1_first15_vol,,0.03175996,31379,0.03175996,fragile_sparse,coverage_gate_pass,-0.12,0.94
cn_integrated_v2_quality_x_minute_pressure_00265,quality_x_minute_pressure,"CSRank(Mul(ZScore($ctx_fund_bs_cash_to_assets),ZScore($m1_first15_vwap)))",ctx_fund_bs_cash_to_assets|m1_first15_vwap,,0.03175996,31379,0.03175996,fragile_sparse,coverage_gate_pass,-0.12,0.88
cn_integrated_v2_quality_x_minute_pressure_00266,quality_x_minute_pressure,"CSRank(Mul(ZScore($ctx_fund_bs_cash_to_assets),ZScore($m1_first15_vwap_return_vs_open)))",ctx_fund_bs_cash_to_assets|m1_first15_vwap_return_vs_open,,0.03175996,31379,0.03175996,fragile_sparse,coverage_gate_pass,-0.12,0.88
cn_integrated_v2_quality_x_minute_pressure_00267,quality_x_minute_pressure,"CSRank(Mul(ZScore($ctx_fund_bs_cash_to_assets),ZScore($m1_first30_amount)))",ctx_fund_bs_cash_to_assets|m1_first30_amount,,0.03175996,31379,0.03175996,fragile_sparse,coverage_gate_pass,-0.12,0.94
cn_integrated_v2_quality_x_minute_pressure_00268,quality_x_minute_pressure,"CSRank(Mul(ZScore($ctx_fund_bs_cash_to_assets),ZScore($m1_first30_high)))",ctx_fund_bs_cash_to_assets|m1_first30_high,,0.03175996,31379,0.03175996,fragile_sparse,coverage_gate_pass,-0.12,0.88
cn_integrated_v2_quality_x_minute_pressure_00269,quality_x_minute_pressure,"CSRank(Mul(ZScore($ctx_fund_bs_cash_to_assets),ZScore($m1_first30_last_return_vs_open)))",ctx_fund_bs_cash_to_assets|m1_first30_last_return_vs_open,,0.03175996,31379,0.03175996,fragile_sparse,coverage_gate_pass,-0.12,0.88
cn_integrated_v2_quality_x_minute_pressure_00270,quality_x_minute_pressure,"CSRank(Mul(ZScore($ctx_fund_bs_cash_to_assets),ZScore($m1_first30_low)))",ctx_fund_bs_cash_to_assets|m1_first30_low,,0.03175996,31379,0.03175996,fragile_sparse,coverage_gate_pass,-0.12,0.88
cn_integrated_v2_quality_x_minute_pressure_00271,quality_x_minute_pressure,"CSRank(Mul(ZScore($ctx_fund_bs_cash_to_assets),ZScore($m1_first30_range)))",ctx_fund_bs_cash_to_assets|m1_first30_range,,0.03175996,31379,0.03175996,fragile_sparse,coverage_gate_pass,-0.12,0.88
cn_integrated_v2_quality_x_minute_pressure_00272,quality_x_minute_pressure,"CSRank(Mul(ZScore($ctx_fund_bs_cash_to_assets),ZScore($m1_first30_vol)))",ctx_fund_bs_cash_to_assets|m1_first30_vol,,0.03175996,31379,0.03175996,fragile_sparse,coverage_gate_pass,-0.12,0.94
cn_integrated_v2_quality_x_minute_pressure_00273,quality_x_minute_pressure,"CSRank(Mul(ZScore($ctx_fund_bs_cash_to_assets),ZScore($m1_first30_vwap)))",ctx_fund_bs_cash_to_assets|m1_first30_vwap,,0.03175996,31379,0.03175996,fragile_sparse,coverage_gate_pass,-0.12,0.88
cn_integrated_v2_quality_x_minute_pressure_00274,quality_x_minute_pressure,"CSRank(Mul(ZScore($ctx_fund_bs_cash_to_assets),ZScore($m1_first30_vwap_return_vs_open)))",ctx_fund_bs_cash_to_assets|m1_first30_vwap_return_vs_open,,0.03175996,31379,0.03175996,fragile_sparse,coverage_gate_pass,-0.12,0.88
cn_integrated_v2_quality_x_minute_pressure_00275,quality_x_minute_pressure,"CSRank(Mul(ZScore($ctx_fund_bs_cash_to_assets),ZScore($m1_first5_amount)))",ctx_fund_bs_cash_to_assets|m1_first5_amount,,0.03175996,31379,0.03175996,fragile_sparse,coverage_gate_pass,-0.12,0.94
cn_integrated_v2_quality_x_rzrq_flow_00276,quality_x_rzrq_flow,"CSRank(Mul(ZScore($ctx_fund_bs_cash_to_assets),ZScore($ctx_rzrq_rqjmg)))",ctx_fund_bs_cash_to_assets|ctx_rzrq_rqjmg,,0.03175996,30734,0.03110713,fragile_sparse,coverage_gate_pass,-0.12,0.94
cn_integrated_v2_quality_x_rzrq_flow_00277,quality_x_rzrq_flow,"CSRank(Mul(ZScore($ctx_fund_bs_cash_to_assets),ZScore($ctx_rzrq_rqjmg10d)))",ctx_fund_bs_cash_to_assets|ctx_rzrq_rqjmg10d,,0.03175996,30734,0.03110713,fragile_sparse,coverage_gate_pass,-0.12,0.94
cn_integrated_v2_quality_x_rzrq_flow_00278,quality_x_rzrq_flow,"CSRank(Mul(ZScore($ctx_fund_bs_cash_to_assets),ZScore($ctx_rzrq_rqjmg3d)))",ctx_fund_bs_cash_to_assets|ctx_rzrq_rqjmg3d,,0.03175996,30734,0.03110713,fragile_sparse,coverage_gate_pass,-0.12,0.94
cn_integrated_v2_quality_x_rzrq_flow_00279,quality_x_rzrq_flow,"CSRank(Mul(ZScore($ctx_fund_bs_cash_to_assets),ZScore($ctx_rzrq_rqjmg5d)))",ctx_fund_bs_cash_to_assets|ctx_rzrq_rqjmg5d,,0.03175996,30734,0.03110713,fragile_sparse,coverage_gate_pass,-0.12,0.94
cn_integrated_v2_quality_x_rzrq_flow_00280,quality_x_rzrq_flow,"CSRank(Mul(ZScore($ctx_fund_bs_cash_to_assets),ZScore($ctx_rzrq_rqmcl)))",ctx_fund_bs_cash_to_assets|ctx_rzrq_rqmcl,,0.03175996,30734,0.03110713,fragile_sparse,coverage_gate_pass,-0.12,0.94
cn_integrated_v2_quality_x_rzrq_flow_00281,quality_x_rzrq_flow,"CSRank(Mul(ZScore($ctx_fund_bs_cash_to_assets),ZScore($ctx_rzrq_rqmcl10d)))",ctx_fund_bs_cash_to_assets|ctx_rzrq_rqmcl10d,,0.03175996,30734,0.03110713,fragile_sparse,coverage_gate_pass,-0.12,0.94
cn_integrated_v2_quality_x_rzrq_flow_00282,quality_x_rzrq_flow,"CSRank(Mul(ZScore($ctx_fund_bs_cash_to_assets),ZScore($ctx_rzrq_rqmcl3d)))",ctx_fund_bs_cash_to_assets|ctx_rzrq_rqmcl3d,,0.03175996,30734,0.03110713,fragile_sparse,coverage_gate_pass,-0.12,0.94
cn_integrated_v2_quality_x_rzrq_flow_00283,quality_x_rzrq_flow,"CSRank(Mul(ZScore($ctx_fund_bs_cash_to_assets),ZScore($ctx_rzrq_rqmcl5d)))",ctx_fund_bs_cash_to_assets|ctx_rzrq_rqmcl5d,,0.03175996,30734,0.03110713,fragile_sparse,coverage_gate_pass,-0.12,0.94
cn_integrated_v2_quality_x_rzrq_flow_00284,quality_x_rzrq_flow,"CSRank(Mul(ZScore($ctx_fund_bs_cash_to_assets),ZScore($ctx_rzrq_rqye)))",ctx_fund_bs_cash_to_assets|ctx_rzrq_rqye,,0.03175996,30734,0.03110713,fragile_sparse,coverage_gate_pass,-0.12,0.94
cn_integrated_v2_quality_x_rzrq_flow_00285,quality_x_rzrq_flow,"CSRank(Mul(ZScore($ctx_fund_bs_cash_to_assets),ZScore($ctx_rzrq_rzche)))",ctx_fund_bs_cash_to_assets|ctx_rzrq_rzche,,0.03175996,30734,0.03110713,fragile_sparse,coverage_gate_pass,-0.12,0.94
cn_integrated_v2_quality_x_rzrq_flow_00286,quality_x_rzrq_flow,"CSRank(Mul(ZScore($ctx_fund_bs_cash_to_assets),ZScore($ctx_rzrq_rzche10d)))",ctx_fund_bs_cash_to_assets|ctx_rzrq_rzche10d,,0.03175996,30734,0.03110713,fragile_sparse,coverage_gate_pass,-0.12,0.94
cn_integrated_v2_quality_x_rzrq_flow_00287,quality_x_rzrq_flow,"CSRank(Mul(ZScore($ctx_fund_bs_cash_to_assets),ZScore($ctx_rzrq_rzche3d)))",ctx_fund_bs_cash_to_assets|ctx_rzrq_rzche3d,,0.03175996,30734,0.03110713,fragile_sparse,coverage_gate_pass,-0.12,0.94
cn_integrated_v2_quality_x_rzrq_flow_00288,quality_x_rzrq_flow,"CSRank(Mul(ZScore($ctx_fund_bs_cash_to_assets),ZScore($ctx_rzrq_rzche5d)))",ctx_fund_bs_cash_to_assets|ctx_rzrq_rzche5d,,0.03175996,30734,0.03110713,fragile_sparse,coverage_gate_pass,-0.12,0.94
cn_integrated_v2_quality_x_rzrq_flow_00289,quality_x_rzrq_flow,"CSRank(Mul(ZScore($ctx_fund_bs_cash_to_assets),ZScore($ctx_rzrq_rzjme)))",ctx_fund_bs_cash_to_assets|ctx_rzrq_rzjme,,0.03175996,30734,0.03110713,fragile_sparse,coverage_gate_pass,-0.12,0.94
cn_integrated_v2_quality_x_rzrq_flow_00290,quality_x_rzrq_flow,"CSRank(Mul(ZScore($ctx_fund_bs_cash_to_assets),ZScore($ctx_rzrq_rzjme10d)))",ctx_fund_bs_cash_to_assets|ctx_rzrq_rzjme10d,,0.03175996,30734,0.03110713,fragile_sparse,coverage_gate_pass,-0.12,0.94
cn_integrated_v2_quality_x_rzrq_flow_00291,quality_x_rzrq_flow,"CSRank(Mul(ZScore($ctx_fund_bs_cash_to_assets),ZScore($ctx_rzrq_rzjme3d)))",ctx_fund_bs_cash_to_assets|ctx_rzrq_rzjme3d,,0.03175996,30734,0.03110713,fragile_sparse,coverage_gate_pass,-0.12,0.94
cn_integrated_v2_quality_x_rzrq_flow_00292,quality_x_rzrq_flow,"CSRank(Mul(ZScore($ctx_fund_bs_cash_to_assets),ZScore($ctx_rzrq_rzjme5d)))",ctx_fund_bs_cash_to_assets|ctx_rzrq_rzjme5d,,0.03175996,30734,0.03110713,fragile_sparse,coverage_gate_pass,-0.12,0.94
cn_integrated_v2_quality_x_rzrq_flow_00293,quality_x_rzrq_flow,"CSRank(Mul(ZScore($ctx_fund_bs_cash_to_assets),ZScore($ctx_rzrq_rzmre)))",ctx_fund_bs_cash_to_assets|ctx_rzrq_rzmre,,0.03175996,30734,0.03110713,fragile_sparse,coverage_gate_pass,-0.12,0.94
cn_integrated_v2_quality_x_market_breadth_00294,quality_x_market_breadth,"CSRank(Mul(ZScore($ctx_fund_bs_cash_to_assets),ZScore($ctx_mkt_updown_dt)))",ctx_fund_bs_cash_to_assets|ctx_mkt_updown_dt,,0.03175996,31379,0.03175996,fragile_sparse,coverage_gate_pass,-0.12,0.88
cn_integrated_v2_quality_x_market_breadth_00295,quality_x_market_breadth,"CSRank(Mul(ZScore($ctx_fund_bs_cash_to_assets),ZScore($ctx_mkt_updown_q_zrcs)))",ctx_fund_bs_cash_to_assets|ctx_mkt_updown_q_zrcs,,0.03175996,31379,0.03175996,fragile_sparse,coverage_gate_pass,-0.12,0.88
cn_integrated_v2_quality_x_market_breadth_00296,quality_x_market_breadth,"CSRank(Mul(ZScore($ctx_fund_bs_cash_to_assets),ZScore($ctx_mkt_updown_q_zrtj)))",ctx_fund_bs_cash_to_assets|ctx_mkt_updown_q_zrtj,,0.03175996,31379,0.03175996,fragile_sparse,coverage_gate_pass,-0.12,0.88
cn_integrated_v2_quality_x_market_breadth_00297,quality_x_market_breadth,"CSRank(Mul(ZScore($ctx_fund_bs_cash_to_assets),ZScore($ctx_mkt_updown_s_zrcs)))",ctx_fund_bs_cash_to_assets|ctx_mkt_updown_s_zrcs,,0.03175996,31379,0.03175996,fragile_sparse,coverage_gate_pass,-0.12,0.88
cn_integrated_v2_quality_x_market_breadth_00298,quality_x_market_breadth,"CSRank(Mul(ZScore($ctx_fund_bs_cash_to_assets),ZScore($ctx_mkt_updown_s_zrtj)))",ctx_fund_bs_cash_to_assets|ctx_mkt_updown_s_zrtj,,0.03175996,31379,0.03175996,fragile_sparse,coverage_gate_pass,-0.12,0.88
cn_integrated_v2_quality_x_market_breadth_00299,quality_x_market_breadth,"CSRank(Mul(ZScore($ctx_fund_bs_cash_to_assets),ZScore($ctx_mkt_updown_sjdt)))",ctx_fund_bs_cash_to_assets|ctx_mkt_updown_sjdt,,0.03175996,31379,0.03175996,fragile_sparse,coverage_gate_pass,-0.12,0.88
cn_integrated_v2_quality_x_market_breadth_00300,quality_x_market_breadth,"CSRank(Mul(ZScore($ctx_fund_bs_cash_to_assets),ZScore($ctx_mkt_updown_sjzt)))",ctx_fund_bs_cash_to_assets|ctx_mkt_updown_sjzt,,0.03175996,31379,0.03175996,fragile_sparse,coverage_gate_pass,-0.12,0.88
cn_integrated_v2_quality_x_market_breadth_00301,quality_x_market_breadth,"CSRank(Mul(ZScore($ctx_fund_bs_cash_to_assets),ZScore($ctx_mkt_updown_stdt)))",ctx_fund_bs_cash_to_assets|ctx_mkt_updown_stdt,,0.03175996,31379,0.03175996,fragile_sparse,coverage_gate_pass,-0.12,0.88
cn_integrated_v2_quality_x_market_breadth_00302,quality_x_market_breadth,"CSRank(Mul(ZScore($ctx_fund_bs_cash_to_assets),ZScore($ctx_mkt_updown_stzt)))",ctx_fund_bs_cash_to_assets|ctx_mkt_updown_stzt,,0.03175996,31379,0.03175996,fragile_sparse,coverage_gate_pass,-0.12,0.88
cn_integrated_v2_quality_x_market_breadth_00303,quality_x_market_breadth,"CSRank(Mul(ZScore($ctx_fund_bs_cash_to_assets),ZScore($ctx_mkt_updown_szjs)))",ctx_fund_bs_cash_to_assets|ctx_mkt_updown_szjs,,0.03175996,31379,0.03175996,fragile_sparse,coverage_gate_pass,-0.12,0.88
cn_integrated_v2_quality_x_market_breadth_00304,quality_x_market_breadth,"CSRank(Mul(ZScore($ctx_fund_bs_cash_to_assets),ZScore($ctx_mkt_updown_xdjs)))",ctx_fund_bs_cash_to_assets|ctx_mkt_updown_xdjs,,0.03175996,31379,0.03175996,fragile_sparse,coverage_gate_pass,-0.12,0.88
cn_integrated_v2_quality_x_market_breadth_00305,quality_x_market_breadth,"CSRank(Mul(ZScore($ctx_fund_bs_cash_to_assets),ZScore($ctx_mkt_updown_zt)))",ctx_fund_bs_cash_to_assets|ctx_mkt_updown_zt,,0.03175996,31379,0.03175996,fragile_sparse,coverage_gate_pass,-0.12,0.88
cn_integrated_v2_rzrq_size_normalized_00306,rzrq_size_normalized,"CSRank(Div($ctx_rzrq_rqjmg,Add(Abs($final_float_market_cap),0.000001)))",ctx_rzrq_rqjmg|final_float_market_cap,,0.59593626,588560,0.59570549,medium,coverage_gate_pass,0.0,1.04
cn_integrated_v2_rzrq_size_normalized_00307,rzrq_size_normalized,"CSRank(Div($ctx_rzrq_rqjmg,Add(Abs($amount),0.000001)))",amount|ctx_rzrq_rqjmg,,0.59593626,588788,0.59593626,medium,coverage_gate_pass,0.0,1.01
cn_integrated_v2_rzrq_size_normalized_00308,rzrq_size_normalized,"CSRank(Div($ctx_rzrq_rqjmg10d,Add(Abs($final_float_market_cap),0.000001)))",ctx_rzrq_rqjmg10d|final_float_market_cap,,0.5953482,587985,0.59512351,medium,coverage_gate_pass,0.0,1.04
cn_integrated_v2_rzrq_size_normalized_00309,rzrq_size_normalized,"CSRank(Div($ctx_rzrq_rqjmg10d,Add(Abs($amount),0.000001)))",amount|ctx_rzrq_rqjmg10d,,0.5953482,588207,0.5953482,medium,coverage_gate_pass,0.0,1.01
cn_integrated_v2_rzrq_size_normalized_00310,rzrq_size_normalized,"CSRank(Div($ctx_rzrq_rqjmg3d,Add(Abs($final_float_market_cap),0.000001)))",ctx_rzrq_rqjmg3d|final_float_market_cap,,0.59581682,588444,0.59558808,medium,coverage_gate_pass,0.0,1.04
cn_integrated_v2_rzrq_size_normalized_00311,rzrq_size_normalized,"CSRank(Div($ctx_rzrq_rqjmg3d,Add(Abs($amount),0.000001)))",amount|ctx_rzrq_rqjmg3d,,0.59581682,588670,0.59581682,medium,coverage_gate_pass,0.0,1.01
cn_integrated_v2_rzrq_size_normalized_00312,rzrq_size_normalized,"CSRank(Div($ctx_rzrq_rqjmg5d,Add(Abs($final_float_market_cap),0.000001)))",ctx_rzrq_rqjmg5d|final_float_market_cap,,0.59568727,588318,0.59546055,medium,coverage_gate_pass,0.0,1.04
cn_integrated_v2_rzrq_size_normalized_00313,rzrq_size_normalized,"CSRank(Div($ctx_rzrq_rqjmg5d,Add(Abs($amount),0.000001)))",amount|ctx_rzrq_rqjmg5d,,0.59568727,588542,0.59568727,medium,coverage_gate_pass,0.0,1.01
cn_integrated_v2_rzrq_size_normalized_00314,rzrq_size_normalized,"CSRank(Div($ctx_rzrq_rqmcl,Add(Abs($final_float_market_cap),0.000001)))",ctx_rzrq_rqmcl|final_float_market_cap,,0.59593626,588560,0.59570549,medium,coverage_gate_pass,0.0,1.04
cn_integrated_v2_rzrq_size_normalized_00315,rzrq_size_normalized,"CSRank(Div($ctx_rzrq_rqmcl,Add(Abs($amount),0.000001)))",amount|ctx_rzrq_rqmcl,,0.59593626,588788,0.59593626,medium,coverage_gate_pass,0.0,1.01
cn_integrated_v2_rzrq_size_normalized_00316,rzrq_size_normalized,"CSRank(Div($ctx_rzrq_rqmcl10d,Add(Abs($final_float_market_cap),0.000001)))",ctx_rzrq_rqmcl10d|final_float_market_cap,,0.5953482,587985,0.59512351,medium,coverage_gate_pass,0.0,1.04
cn_integrated_v2_rzrq_size_normalized_00317,rzrq_size_normalized,"CSRank(Div($ctx_rzrq_rqmcl10d,Add(Abs($amount),0.000001)))",amount|ctx_rzrq_rqmcl10d,,0.5953482,588207,0.5953482,medium,coverage_gate_pass,0.0,1.01
cn_integrated_v2_rzrq_size_normalized_00318,rzrq_size_normalized,"CSRank(Div($ctx_rzrq_rqmcl3d,Add(Abs($final_float_market_cap),0.000001)))",ctx_rzrq_rqmcl3d|final_float_market_cap,,0.59581682,588444,0.59558808,medium,coverage_gate_pass,0.0,1.04
cn_integrated_v2_rzrq_size_normalized_00319,rzrq_size_normalized,"CSRank(Div($ctx_rzrq_rqmcl3d,Add(Abs($amount),0.000001)))",amount|ctx_rzrq_rqmcl3d,,0.59581682,588670,0.59581682,medium,coverage_gate_pass,0.0,1.01
cn_integrated_v2_rzrq_size_normalized_00320,rzrq_size_normalized,"CSRank(Div($ctx_rzrq_rqmcl5d,Add(Abs($final_float_market_cap),0.000001)))",ctx_rzrq_rqmcl5d|final_float_market_cap,,0.59568727,588318,0.59546055,medium,coverage_gate_pass,0.0,1.04
cn_integrated_v2_rzrq_size_normalized_00321,rzrq_size_normalized,"CSRank(Div($ctx_rzrq_rqmcl5d,Add(Abs($amount),0.000001)))",amount|ctx_rzrq_rqmcl5d,,0.59568727,588542,0.59568727,medium,coverage_gate_pass,0.0,1.01
cn_integrated_v2_rzrq_size_normalized_00322,rzrq_size_normalized,"CSRank(Div($ctx_rzrq_rqye,Add(Abs($final_float_market_cap),0.000001)))",ctx_rzrq_rqye|final_float_market_cap,,0.59593626,588560,0.59570549,medium,coverage_gate_pass,0.0,1.04
cn_integrated_v2_rzrq_size_normalized_00323,rzrq_size_normalized,"CSRank(Div($ctx_rzrq_rqye,Add(Abs($amount),0.000001)))",amount|ctx_rzrq_rqye,,0.59593626,588788,0.59593626,medium,coverage_gate_pass,0.0,1.01
cn_integrated_v2_rzrq_size_normalized_00324,rzrq_size_normalized,"CSRank(Div($ctx_rzrq_rzche,Add(Abs($final_float_market_cap),0.000001)))",ctx_rzrq_rzche|final_float_market_cap,,0.59593626,588560,0.59570549,medium,coverage_gate_pass,0.0,1.04
cn_integrated_v2_rzrq_size_normalized_00325,rzrq_size_normalized,"CSRank(Div($ctx_rzrq_rzche,Add(Abs($amount),0.000001)))",amount|ctx_rzrq_rzche,,0.59593626,588788,0.59593626,medium,coverage_gate_pass,0.0,1.01
cn_integrated_v2_rzrq_size_normalized_00326,rzrq_size_normalized,"CSRank(Div($ctx_rzrq_rzche10d,Add(Abs($final_float_market_cap),0.000001)))",ctx_rzrq_rzche10d|final_float_market_cap,,0.5953482,587985,0.59512351,medium,coverage_gate_pass,0.0,1.04
cn_integrated_v2_rzrq_size_normalized_00327,rzrq_size_normalized,"CSRank(Div($ctx_rzrq_rzche10d,Add(Abs($amount),0.000001)))",amount|ctx_rzrq_rzche10d,,0.5953482,588207,0.5953482,medium,coverage_gate_pass,0.0,1.01
cn_integrated_v2_rzrq_size_normalized_00328,rzrq_size_normalized,"CSRank(Div($ctx_rzrq_rzche3d,Add(Abs($final_float_market_cap),0.000001)))",ctx_rzrq_rzche3d|final_float_market_cap,,0.59581682,588444,0.59558808,medium,coverage_gate_pass,0.0,1.04
cn_integrated_v2_rzrq_size_normalized_00329,rzrq_size_normalized,"CSRank(Div($ctx_rzrq_rzche3d,Add(Abs($amount),0.000001)))",amount|ctx_rzrq_rzche3d,,0.59581682,588670,0.59581682,medium,coverage_gate_pass,0.0,1.01
cn_integrated_v2_rzrq_size_normalized_00330,rzrq_size_normalized,"CSRank(Div($ctx_rzrq_rzche5d,Add(Abs($final_float_market_cap),0.000001)))",ctx_rzrq_rzche5d|final_float_market_cap,,0.59568727,588318,0.59546055,medium,coverage_gate_pass,0.0,1.04
cn_integrated_v2_rzrq_size_normalized_00331,rzrq_size_normalized,"CSRank(Div($ctx_rzrq_rzche5d,Add(Abs($amount),0.000001)))",amount|ctx_rzrq_rzche5d,,0.59568727,588542,0.59568727,medium,coverage_gate_pass,0.0,1.01
cn_integrated_v2_rzrq_size_normalized_00332,rzrq_size_normalized,"CSRank(Div($ctx_rzrq_rzjme,Add(Abs($final_float_market_cap),0.000001)))",ctx_rzrq_rzjme|final_float_market_cap,,0.59593626,588560,0.59570549,medium,coverage_gate_pass,0.0,1.04
cn_integrated_v2_rzrq_size_normalized_00333,rzrq_size_normalized,"CSRank(Div($ctx_rzrq_rzjme,Add(Abs($amount),0.000001)))",amount|ctx_rzrq_rzjme,,0.59593626,588788,0.59593626,medium,coverage_gate_pass,0.0,1.01
cn_integrated_v2_rzrq_size_normalized_00334,rzrq_size_normalized,"CSRank(Div($ctx_rzrq_rzjme10d,Add(Abs($final_float_market_cap),0.000001)))",ctx_rzrq_rzjme10d|final_float_market_cap,,0.5953482,587985,0.59512351,medium,coverage_gate_pass,0.0,1.04
cn_integrated_v2_rzrq_size_normalized_00335,rzrq_size_normalized,"CSRank(Div($ctx_rzrq_rzjme10d,Add(Abs($amount),0.000001)))",amount|ctx_rzrq_rzjme10d,,0.5953482,588207,0.5953482,medium,coverage_gate_pass,0.0,1.01
cn_integrated_v2_rzrq_size_normalized_00336,rzrq_size_normalized,"CSRank(Div($ctx_rzrq_rzjme3d,Add(Abs($final_float_market_cap),0.000001)))",ctx_rzrq_rzjme3d|final_float_market_cap,,0.59581682,588444,0.59558808,medium,coverage_gate_pass,0.0,1.04
cn_integrated_v2_rzrq_size_normalized_00337,rzrq_size_normalized,"CSRank(Div($ctx_rzrq_rzjme3d,Add(Abs($amount),0.000001)))",amount|ctx_rzrq_rzjme3d,,0.59581682,588670,0.59581682,medium,coverage_gate_pass,0.0,1.01
cn_integrated_v2_rzrq_size_normalized_00338,rzrq_size_normalized,"CSRank(Div($ctx_rzrq_rzjme5d,Add(Abs($final_float_market_cap),0.000001)))",ctx_rzrq_rzjme5d|final_float_market_cap,,0.59568727,588318,0.59546055,medium,coverage_gate_pass,0.0,1.04
cn_integrated_v2_rzrq_size_normalized_00339,rzrq_size_normalized,"CSRank(Div($ctx_rzrq_rzjme5d,Add(Abs($amount),0.000001)))",amount|ctx_rzrq_rzjme5d,,0.59568727,588542,0.59568727,medium,coverage_gate_pass,0.0,1.01
cn_integrated_v2_rzrq_size_normalized_00340,rzrq_size_normalized,"CSRank(Div($ctx_rzrq_rzmre,Add(Abs($final_float_market_cap),0.000001)))",ctx_rzrq_rzmre|final_float_market_cap,,0.59593626,588560,0.59570549,medium,coverage_gate_pass,0.0,1.04
cn_integrated_v2_rzrq_size_normalized_00341,rzrq_size_normalized,"CSRank(Div($ctx_rzrq_rzmre,Add(Abs($amount),0.000001)))",amount|ctx_rzrq_rzmre,,0.59593626,588788,0.59593626,medium,coverage_gate_pass,0.0,1.01
cn_integrated_v2_minute_amount_share_daily_00342,minute_amount_share_daily,"CSRank(Div($m1_amount_day,Add(Abs($amount),0.000001)))",amount|m1_amount_day,,0.86852901,858111,0.86852901,high,coverage_gate_pass,0.02,1.03
cn_integrated_v2_minute_amount_share_daily_00343,minute_amount_share_daily,"CSRank(Div($m1_first15_amount,Add(Abs($amount),0.000001)))",amount|m1_first15_amount,,0.86852901,858111,0.86852901,high,coverage_gate_pass,0.02,1.03
cn_integrated_v2_minute_vs_daily_vwap_residual_00344,minute_vs_daily_vwap_residual,"CSRank(Sub(ZScore($m1_first15_last_return_vs_open),ZScore($vwap)))",m1_first15_last_return_vs_open|vwap,,0.86852901,858111,0.86852901,high,coverage_gate_pass,0.02,1.03
cn_integrated_v2_minute_vs_daily_vwap_residual_00345,minute_vs_daily_vwap_residual,"CSRank(Sub(ZScore($m1_first15_range),ZScore($vwap)))",m1_first15_range|vwap,,0.86852901,858111,0.86852901,high,coverage_gate_pass,0.02,1.03
cn_integrated_v2_minute_amount_share_daily_00346,minute_amount_share_daily,"CSRank(Div($m1_first15_vol,Add(Abs($amount),0.000001)))",amount|m1_first15_vol,,0.86852901,858111,0.86852901,high,coverage_gate_pass,0.02,1.03
cn_integrated_v2_minute_vs_daily_vwap_residual_00347,minute_vs_daily_vwap_residual,"CSRank(Sub(ZScore($m1_first15_vwap),ZScore($vwap)))",m1_first15_vwap|vwap,,0.86852901,858111,0.86852901,high,coverage_gate_pass,0.02,1.03
cn_integrated_v2_minute_vs_daily_vwap_residual_00348,minute_vs_daily_vwap_residual,"CSRank(Sub(ZScore($m1_first15_vwap_return_vs_open),ZScore($vwap)))",m1_first15_vwap_return_vs_open|vwap,,0.86852901,858111,0.86852901,high,coverage_gate_pass,0.02,1.03
cn_integrated_v2_minute_amount_share_daily_00349,minute_amount_share_daily,"CSRank(Div($m1_first30_amount,Add(Abs($amount),0.000001)))",amount|m1_first30_amount,,0.86852901,858111,0.86852901,high,coverage_gate_pass,0.02,1.03
cn_integrated_v2_minute_vs_daily_vwap_residual_00350,minute_vs_daily_vwap_residual,"CSRank(Sub(ZScore($m1_first30_last_return_vs_open),ZScore($vwap)))",m1_first30_last_return_vs_open|vwap,,0.86852901,858111,0.86852901,high,coverage_gate_pass,0.02,1.03
cn_integrated_v2_minute_vs_daily_vwap_residual_00351,minute_vs_daily_vwap_residual,"CSRank(Sub(ZScore($m1_first30_range),ZScore($vwap)))",m1_first30_range|vwap,,0.86852901,858111,0.86852901,high,coverage_gate_pass,0.02,1.03
cn_integrated_v2_minute_amount_share_daily_00352,minute_amount_share_daily,"CSRank(Div($m1_first30_vol,Add(Abs($amount),0.000001)))",amount|m1_first30_vol,,0.86852901,858111,0.86852901,high,coverage_gate_pass,0.02,1.03
cn_integrated_v2_minute_vs_daily_vwap_residual_00353,minute_vs_daily_vwap_residual,"CSRank(Sub(ZScore($m1_first30_vwap),ZScore($vwap)))",m1_first30_vwap|vwap,,0.86852901,858111,0.86852901,high,coverage_gate_pass,0.02,1.03
cn_integrated_v2_minute_vs_daily_vwap_residual_00354,minute_vs_daily_vwap_residual,"CSRank(Sub(ZScore($m1_first30_vwap_return_vs_open),ZScore($vwap)))",m1_first30_vwap_return_vs_open|vwap,,0.86852901,858111,0.86852901,high,coverage_gate_pass,0.02,1.03
cn_integrated_v2_minute_amount_share_daily_00355,minute_amount_share_daily,"CSRank(Div($m1_first5_amount,Add(Abs($amount),0.000001)))",amount|m1_first5_amount,,0.86852901,858111,0.86852901,high,coverage_gate_pass,0.02,1.03
