field,route,true_1min_status,reason,available_after,formula_usage_count
amount,raw_true_1min_column,direct_with_trade_time_semantics,"present in raw 1min schema; formula meaning must use current/lagged trade_time, not old daily semantics",row_trade_time,114
close,raw_true_1min_column,direct_with_trade_time_semantics,"present in raw 1min schema; formula meaning must use current/lagged trade_time, not old daily semantics",row_trade_time,16
ctx_billboard_accum_amount,nonminute_pit_context,diagnostic_or_requires_disclosure_timestamp_contract,next trading day after trade-date disclosure proxy,diagnostic_until_disclosure_timestamp_contract,12
ctx_billboard_billboard_buy_amt,nonminute_pit_context,diagnostic_or_requires_disclosure_timestamp_contract,next trading day after trade-date disclosure proxy,diagnostic_until_disclosure_timestamp_contract,10
ctx_billboard_billboard_deal_amt,nonminute_pit_context,diagnostic_or_requires_disclosure_timestamp_contract,next trading day after trade-date disclosure proxy,diagnostic_until_disclosure_timestamp_contract,10
ctx_billboard_billboard_net_amt,nonminute_pit_context,diagnostic_or_requires_disclosure_timestamp_contract,next trading day after trade-date disclosure proxy,diagnostic_until_disclosure_timestamp_contract,10
ctx_billboard_billboard_sell_amt,nonminute_pit_context,diagnostic_or_requires_disclosure_timestamp_contract,next trading day after trade-date disclosure proxy,diagnostic_until_disclosure_timestamp_contract,10
ctx_billboard_buy_ratio,nonminute_pit_context,diagnostic_or_requires_disclosure_timestamp_contract,next trading day after trade-date disclosure proxy,diagnostic_until_disclosure_timestamp_contract,10
ctx_billboard_change_rate,nonminute_pit_context,diagnostic_or_requires_disclosure_timestamp_contract,next trading day after trade-date disclosure proxy,diagnostic_until_disclosure_timestamp_contract,4
ctx_billboard_deal_amount_ratio,nonminute_pit_context,diagnostic_or_requires_disclosure_timestamp_contract,next trading day after trade-date disclosure proxy,diagnostic_until_disclosure_timestamp_contract,12
ctx_billboard_deal_net_ratio,nonminute_pit_context,diagnostic_or_requires_disclosure_timestamp_contract,next trading day after trade-date disclosure proxy,diagnostic_until_disclosure_timestamp_contract,10
ctx_billboard_free_market_cap,nonminute_pit_context,diagnostic_or_requires_disclosure_timestamp_contract,next trading day after trade-date disclosure proxy,diagnostic_until_disclosure_timestamp_contract,13
ctx_billboard_net_bs_amt,nonminute_pit_context,diagnostic_or_requires_disclosure_timestamp_contract,next trading day after trade-date disclosure proxy,diagnostic_until_disclosure_timestamp_contract,10
ctx_billboard_sell_ratio,nonminute_pit_context,diagnostic_or_requires_disclosure_timestamp_contract,next trading day after trade-date disclosure proxy,diagnostic_until_disclosure_timestamp_contract,10
ctx_billboard_sum_buy_amt,nonminute_pit_context,diagnostic_or_requires_disclosure_timestamp_contract,next trading day after trade-date disclosure proxy,diagnostic_until_disclosure_timestamp_contract,10
ctx_billboard_sum_sell_amt,nonminute_pit_context,diagnostic_or_requires_disclosure_timestamp_contract,next trading day after trade-date disclosure proxy,diagnostic_until_disclosure_timestamp_contract,10
ctx_billboard_turnoverrate,nonminute_pit_context,diagnostic_or_requires_disclosure_timestamp_contract,next trading day after trade-date disclosure proxy,diagnostic_until_disclosure_timestamp_contract,10
ctx_fulla_bs_accounts_payable,current_daily_or_derived_panel_only,requires_route_mapping_or_rederivation,present in current diagnostic panel but not in raw 1min/field contracts,,2
ctx_fulla_bs_accounts_payable_yoy,current_daily_or_derived_panel_only,requires_route_mapping_or_rederivation,present in current diagnostic panel but not in raw 1min/field contracts,,2
ctx_fulla_bs_accounts_rece,current_daily_or_derived_panel_only,requires_route_mapping_or_rederivation,present in current diagnostic panel but not in raw 1min/field contracts,,2
ctx_fulla_bs_accounts_rece_yoy,current_daily_or_derived_panel_only,requires_route_mapping_or_rederivation,present in current diagnostic panel but not in raw 1min/field contracts,,2
ctx_fulla_bs_advance_receivables,current_daily_or_derived_panel_only,requires_route_mapping_or_rederivation,present in current diagnostic panel but not in raw 1min/field contracts,,2
ctx_fulla_bs_advance_receivables_yoy,current_daily_or_derived_panel_only,requires_route_mapping_or_rederivation,present in current diagnostic panel but not in raw 1min/field contracts,,2
ctx_fulla_bs_asset_balance,current_daily_or_derived_panel_only,requires_route_mapping_or_rederivation,present in current diagnostic panel but not in raw 1min/field contracts,,2
ctx_fulla_bs_bond_payable,current_daily_or_derived_panel_only,requires_route_mapping_or_rederivation,present in current diagnostic panel but not in raw 1min/field contracts,,2
ctx_fulla_bs_bond_payable_yoy,current_daily_or_derived_panel_only,requires_route_mapping_or_rederivation,present in current diagnostic panel but not in raw 1min/field contracts,,2
ctx_fulla_bs_capital_reserve,current_daily_or_derived_panel_only,requires_route_mapping_or_rederivation,present in current diagnostic panel but not in raw 1min/field contracts,,2
ctx_fulla_bs_capital_reserve_yoy,current_daily_or_derived_panel_only,requires_route_mapping_or_rederivation,present in current diagnostic panel but not in raw 1min/field contracts,,2
ctx_fulla_bs_cip,current_daily_or_derived_panel_only,requires_route_mapping_or_rederivation,present in current diagnostic panel but not in raw 1min/field contracts,,2
ctx_fulla_bs_cip_yoy,current_daily_or_derived_panel_only,requires_route_mapping_or_rederivation,present in current diagnostic panel but not in raw 1min/field contracts,,2
ctx_fulla_bs_contract_asset,current_daily_or_derived_panel_only,requires_route_mapping_or_rederivation,present in current diagnostic panel but not in raw 1min/field contracts,,2
ctx_fulla_bs_contract_asset_yoy,current_daily_or_derived_panel_only,requires_route_mapping_or_rederivation,present in current diagnostic panel but not in raw 1min/field contracts,,2
ctx_fulla_bs_contract_liab,current_daily_or_derived_panel_only,requires_route_mapping_or_rederivation,present in current diagnostic panel but not in raw 1min/field contracts,,2
ctx_fulla_bs_contract_liab_yoy,current_daily_or_derived_panel_only,requires_route_mapping_or_rederivation,present in current diagnostic panel but not in raw 1min/field contracts,,2
ctx_fulla_bs_creditor_invest,current_daily_or_derived_panel_only,requires_route_mapping_or_rederivation,present in current diagnostic panel but not in raw 1min/field contracts,,2
ctx_fulla_bs_current_asset_balance,current_daily_or_derived_panel_only,requires_route_mapping_or_rederivation,present in current diagnostic panel but not in raw 1min/field contracts,,2
ctx_fulla_bs_current_liab_balance,current_daily_or_derived_panel_only,requires_route_mapping_or_rederivation,present in current diagnostic panel but not in raw 1min/field contracts,,2
ctx_fulla_bs_defer_income,current_daily_or_derived_panel_only,requires_route_mapping_or_rederivation,present in current diagnostic panel but not in raw 1min/field contracts,,2
ctx_fulla_bs_defer_income_yoy,current_daily_or_derived_panel_only,requires_route_mapping_or_rederivation,present in current diagnostic panel but not in raw 1min/field contracts,,2
ctx_fulla_bs_defer_tax_asset,current_daily_or_derived_panel_only,requires_route_mapping_or_rederivation,present in current diagnostic panel but not in raw 1min/field contracts,,2
ctx_fulla_bs_defer_tax_asset_yoy,current_daily_or_derived_panel_only,requires_route_mapping_or_rederivation,present in current diagnostic panel but not in raw 1min/field contracts,,2
ctx_fulla_bs_defer_tax_liab,current_daily_or_derived_panel_only,requires_route_mapping_or_rederivation,present in current diagnostic panel but not in raw 1min/field contracts,,2
ctx_fulla_bs_defer_tax_liab_yoy,current_daily_or_derived_panel_only,requires_route_mapping_or_rederivation,present in current diagnostic panel but not in raw 1min/field contracts,,2
ctx_fulla_bs_derive_finasset,current_daily_or_derived_panel_only,requires_route_mapping_or_rederivation,present in current diagnostic panel but not in raw 1min/field contracts,,2
ctx_fulla_bs_derive_finliab,current_daily_or_derived_panel_only,requires_route_mapping_or_rederivation,present in current diagnostic panel but not in raw 1min/field contracts,,2
ctx_fulla_bs_develop_expense,current_daily_or_derived_panel_only,requires_route_mapping_or_rederivation,present in current diagnostic panel but not in raw 1min/field contracts,,2
ctx_fulla_bs_develop_expense_yoy,current_daily_or_derived_panel_only,requires_route_mapping_or_rederivation,present in current diagnostic panel but not in raw 1min/field contracts,,2
ctx_fulla_bs_dividend_payable,current_daily_or_derived_panel_only,requires_route_mapping_or_rederivation,present in current diagnostic panel but not in raw 1min/field contracts,,2
ctx_fulla_bs_dividend_payable_yoy,current_daily_or_derived_panel_only,requires_route_mapping_or_rederivation,present in current diagnostic panel but not in raw 1min/field contracts,,2
ctx_fulla_bs_dividend_rece,current_daily_or_derived_panel_only,requires_route_mapping_or_rederivation,present in current diagnostic panel but not in raw 1min/field contracts,,2
ctx_fulla_bs_dividend_rece_yoy,current_daily_or_derived_panel_only,requires_route_mapping_or_rederivation,present in current diagnostic panel but not in raw 1min/field contracts,,2
ctx_fulla_bs_equity_balance,current_daily_or_derived_panel_only,requires_route_mapping_or_rederivation,present in current diagnostic panel but not in raw 1min/field contracts,,2
ctx_fulla_bs_finance_rece,current_daily_or_derived_panel_only,requires_route_mapping_or_rederivation,present in current diagnostic panel but not in raw 1min/field contracts,,2
ctx_fulla_bs_finance_rece_yoy,current_daily_or_derived_panel_only,requires_route_mapping_or_rederivation,present in current diagnostic panel but not in raw 1min/field contracts,,2
ctx_fulla_bs_fixed_asset,current_daily_or_derived_panel_only,requires_route_mapping_or_rederivation,present in current diagnostic panel but not in raw 1min/field contracts,,3
ctx_fulla_bs_fixed_asset_yoy,current_daily_or_derived_panel_only,requires_route_mapping_or_rederivation,present in current diagnostic panel but not in raw 1min/field contracts,,2
ctx_fulla_bs_goodwill,current_daily_or_derived_panel_only,requires_route_mapping_or_rederivation,present in current diagnostic panel but not in raw 1min/field contracts,,3
ctx_fulla_bs_goodwill_yoy,current_daily_or_derived_panel_only,requires_route_mapping_or_rederivation,present in current diagnostic panel but not in raw 1min/field contracts,,2
ctx_fulla_bs_intangible_asset,current_daily_or_derived_panel_only,requires_route_mapping_or_rederivation,present in current diagnostic panel but not in raw 1min/field contracts,,3
ctx_fulla_bs_intangible_asset_yoy,current_daily_or_derived_panel_only,requires_route_mapping_or_rederivation,present in current diagnostic panel but not in raw 1min/field contracts,,2
ctx_fulla_bs_interest_payable,current_daily_or_derived_panel_only,requires_route_mapping_or_rederivation,present in current diagnostic panel but not in raw 1min/field contracts,,2
ctx_fulla_bs_interest_rece,current_daily_or_derived_panel_only,requires_route_mapping_or_rederivation,present in current diagnostic panel but not in raw 1min/field contracts,,2
ctx_fulla_bs_inventory,current_daily_or_derived_panel_only,requires_route_mapping_or_rederivation,present in current diagnostic panel but not in raw 1min/field contracts,,3
ctx_fulla_bs_inventory_yoy,current_daily_or_derived_panel_only,requires_route_mapping_or_rederivation,present in current diagnostic panel but not in raw 1min/field contracts,,2
ctx_fulla_bs_invest_realestate,current_daily_or_derived_panel_only,requires_route_mapping_or_rederivation,present in current diagnostic panel but not in raw 1min/field contracts,,2
ctx_fulla_bs_invest_realestate_yoy,current_daily_or_derived_panel_only,requires_route_mapping_or_rederivation,present in current diagnostic panel but not in raw 1min/field contracts,,2
ctx_fulla_bs_lease_liab,current_daily_or_derived_panel_only,requires_route_mapping_or_rederivation,present in current diagnostic panel but not in raw 1min/field contracts,,2
ctx_fulla_bs_lease_liab_yoy,current_daily_or_derived_panel_only,requires_route_mapping_or_rederivation,present in current diagnostic panel but not in raw 1min/field contracts,,2
ctx_fulla_bs_liab_balance,current_daily_or_derived_panel_only,requires_route_mapping_or_rederivation,present in current diagnostic panel but not in raw 1min/field contracts,,2
ctx_fulla_bs_long_equity_invest,current_daily_or_derived_panel_only,requires_route_mapping_or_rederivation,present in current diagnostic panel but not in raw 1min/field contracts,,2
ctx_fulla_bs_long_equity_invest_yoy,current_daily_or_derived_panel_only,requires_route_mapping_or_rederivation,present in current diagnostic panel but not in raw 1min/field contracts,,2
ctx_fulla_bs_long_loan,current_daily_or_derived_panel_only,requires_route_mapping_or_rederivation,present in current diagnostic panel but not in raw 1min/field contracts,,2
ctx_fulla_bs_long_loan_yoy,current_daily_or_derived_panel_only,requires_route_mapping_or_rederivation,present in current diagnostic panel but not in raw 1min/field contracts,,2
ctx_fulla_bs_long_payable,current_daily_or_derived_panel_only,requires_route_mapping_or_rederivation,present in current diagnostic panel but not in raw 1min/field contracts,,2
ctx_fulla_bs_long_payable_yoy,current_daily_or_derived_panel_only,requires_route_mapping_or_rederivation,present in current diagnostic panel but not in raw 1min/field contracts,,2
ctx_fulla_bs_long_prepaid_expense,current_daily_or_derived_panel_only,requires_route_mapping_or_rederivation,present in current diagnostic panel but not in raw 1min/field contracts,,2
ctx_fulla_bs_long_prepaid_expense_yoy,current_daily_or_derived_panel_only,requires_route_mapping_or_rederivation,present in current diagnostic panel but not in raw 1min/field contracts,,2
ctx_fulla_bs_long_rece,current_daily_or_derived_panel_only,requires_route_mapping_or_rederivation,present in current diagnostic panel but not in raw 1min/field contracts,,2
ctx_fulla_bs_long_rece_yoy,current_daily_or_derived_panel_only,requires_route_mapping_or_rederivation,present in current diagnostic panel but not in raw 1min/field contracts,,2
ctx_fulla_bs_long_staffsalary_payable,current_daily_or_derived_panel_only,requires_route_mapping_or_rederivation,present in current diagnostic panel but not in raw 1min/field contracts,,2
ctx_fulla_bs_long_staffsalary_payable_yoy,current_daily_or_derived_panel_only,requires_route_mapping_or_rederivation,present in current diagnostic panel but not in raw 1min/field contracts,,2
ctx_fulla_bs_minority_equity,current_daily_or_derived_panel_only,requires_route_mapping_or_rederivation,present in current diagnostic panel but not in raw 1min/field contracts,,2
ctx_fulla_bs_minority_equity_yoy,current_daily_or_derived_panel_only,requires_route_mapping_or_rederivation,present in current diagnostic panel but not in raw 1min/field contracts,,2
ctx_fulla_bs_monetaryfunds,current_daily_or_derived_panel_only,requires_route_mapping_or_rederivation,present in current diagnostic panel but not in raw 1min/field contracts,,3
ctx_fulla_bs_monetaryfunds_yoy,current_daily_or_derived_panel_only,requires_route_mapping_or_rederivation,present in current diagnostic panel but not in raw 1min/field contracts,,2
ctx_fulla_bs_noncurrent_asset_1year,current_daily_or_derived_panel_only,requires_route_mapping_or_rederivation,present in current diagnostic panel but not in raw 1min/field contracts,,2
ctx_fulla_bs_noncurrent_asset_1year_yoy,current_daily_or_derived_panel_only,requires_route_mapping_or_rederivation,present in current diagnostic panel but not in raw 1min/field contracts,,2
ctx_fulla_bs_noncurrent_asset_balance,current_daily_or_derived_panel_only,requires_route_mapping_or_rederivation,present in current diagnostic panel but not in raw 1min/field contracts,,2
ctx_fulla_bs_noncurrent_liab_1year,current_daily_or_derived_panel_only,requires_route_mapping_or_rederivation,present in current diagnostic panel but not in raw 1min/field contracts,,2
ctx_fulla_bs_noncurrent_liab_1year_yoy,current_daily_or_derived_panel_only,requires_route_mapping_or_rederivation,present in current diagnostic panel but not in raw 1min/field contracts,,2
ctx_fulla_bs_noncurrent_liab_balance,current_daily_or_derived_panel_only,requires_route_mapping_or_rederivation,present in current diagnostic panel but not in raw 1min/field contracts,,2
ctx_fulla_bs_note_accounts_payable,current_daily_or_derived_panel_only,requires_route_mapping_or_rederivation,present in current diagnostic panel but not in raw 1min/field contracts,,2
ctx_fulla_bs_note_accounts_payable_yoy,current_daily_or_derived_panel_only,requires_route_mapping_or_rederivation,present in current diagnostic panel but not in raw 1min/field contracts,,2
ctx_fulla_bs_note_accounts_rece,current_daily_or_derived_panel_only,requires_route_mapping_or_rederivation,present in current diagnostic panel but not in raw 1min/field contracts,,2
ctx_fulla_bs_note_accounts_rece_yoy,current_daily_or_derived_panel_only,requires_route_mapping_or_rederivation,present in current diagnostic panel but not in raw 1min/field contracts,,2
ctx_fulla_bs_note_payable,current_daily_or_derived_panel_only,requires_route_mapping_or_rederivation,present in current diagnostic panel but not in raw 1min/field contracts,,2
ctx_fulla_bs_note_payable_yoy,current_daily_or_derived_panel_only,requires_route_mapping_or_rederivation,present in current diagnostic panel but not in raw 1min/field contracts,,2
ctx_fulla_bs_note_rece,current_daily_or_derived_panel_only,requires_route_mapping_or_rederivation,present in current diagnostic panel but not in raw 1min/field contracts,,2
ctx_fulla_bs_note_rece_yoy,current_daily_or_derived_panel_only,requires_route_mapping_or_rederivation,present in current diagnostic panel but not in raw 1min/field contracts,,2
ctx_fulla_bs_other_compre_income,current_daily_or_derived_panel_only,requires_route_mapping_or_rederivation,present in current diagnostic panel but not in raw 1min/field contracts,,2
ctx_fulla_bs_other_compre_income_yoy,current_daily_or_derived_panel_only,requires_route_mapping_or_rederivation,present in current diagnostic panel but not in raw 1min/field contracts,,2
ctx_fulla_bs_other_current_asset,current_daily_or_derived_panel_only,requires_route_mapping_or_rederivation,present in current diagnostic panel but not in raw 1min/field contracts,,2
ctx_fulla_bs_other_current_asset_yoy,current_daily_or_derived_panel_only,requires_route_mapping_or_rederivation,present in current diagnostic panel but not in raw 1min/field contracts,,2
ctx_fulla_bs_other_current_liab,current_daily_or_derived_panel_only,requires_route_mapping_or_rederivation,present in current diagnostic panel but not in raw 1min/field contracts,,2
ctx_fulla_bs_other_current_liab_yoy,current_daily_or_derived_panel_only,requires_route_mapping_or_rederivation,present in current diagnostic panel but not in raw 1min/field contracts,,2
ctx_fulla_bs_other_equity_invest,current_daily_or_derived_panel_only,requires_route_mapping_or_rederivation,present in current diagnostic panel but not in raw 1min/field contracts,,2
ctx_fulla_bs_other_equity_invest_yoy,current_daily_or_derived_panel_only,requires_route_mapping_or_rederivation,present in current diagnostic panel but not in raw 1min/field contracts,,2
ctx_fulla_bs_other_equity_tool,current_daily_or_derived_panel_only,requires_route_mapping_or_rederivation,present in current diagnostic panel but not in raw 1min/field contracts,,2
ctx_fulla_bs_other_equity_tool_yoy,current_daily_or_derived_panel_only,requires_route_mapping_or_rederivation,present in current diagnostic panel but not in raw 1min/field contracts,,2
ctx_fulla_bs_other_noncurrent_asset,current_daily_or_derived_panel_only,requires_route_mapping_or_rederivation,present in current diagnostic panel but not in raw 1min/field contracts,,2
ctx_fulla_bs_other_noncurrent_asset_yoy,current_daily_or_derived_panel_only,requires_route_mapping_or_rederivation,present in current diagnostic panel but not in raw 1min/field contracts,,2
ctx_fulla_bs_other_noncurrent_finasset,current_daily_or_derived_panel_only,requires_route_mapping_or_rederivation,present in current diagnostic panel but not in raw 1min/field contracts,,2
ctx_fulla_bs_other_noncurrent_finasset_yoy,current_daily_or_derived_panel_only,requires_route_mapping_or_rederivation,present in current diagnostic panel but not in raw 1min/field contracts,,2
ctx_fulla_bs_other_noncurrent_liab,current_daily_or_derived_panel_only,requires_route_mapping_or_rederivation,present in current diagnostic panel but not in raw 1min/field contracts,,2
ctx_fulla_bs_other_noncurrent_liab_yoy,current_daily_or_derived_panel_only,requires_route_mapping_or_rederivation,present in current diagnostic panel but not in raw 1min/field contracts,,2
ctx_fulla_bs_parent_equity_balance,current_daily_or_derived_panel_only,requires_route_mapping_or_rederivation,present in current diagnostic panel but not in raw 1min/field contracts,,2
ctx_fulla_bs_predict_liab,current_daily_or_derived_panel_only,requires_route_mapping_or_rederivation,present in current diagnostic panel but not in raw 1min/field contracts,,2
ctx_fulla_bs_predict_liab_yoy,current_daily_or_derived_panel_only,requires_route_mapping_or_rederivation,present in current diagnostic panel but not in raw 1min/field contracts,,2
ctx_fulla_bs_prepayment,current_daily_or_derived_panel_only,requires_route_mapping_or_rederivation,present in current diagnostic panel but not in raw 1min/field contracts,,2
ctx_fulla_bs_prepayment_yoy,current_daily_or_derived_panel_only,requires_route_mapping_or_rederivation,present in current diagnostic panel but not in raw 1min/field contracts,,2
ctx_fulla_bs_productive_biology_asset,current_daily_or_derived_panel_only,requires_route_mapping_or_rederivation,present in current diagnostic panel but not in raw 1min/field contracts,,2
ctx_fulla_bs_share_capital,current_daily_or_derived_panel_only,requires_route_mapping_or_rederivation,present in current diagnostic panel but not in raw 1min/field contracts,,2
ctx_fulla_bs_share_capital_yoy,current_daily_or_derived_panel_only,requires_route_mapping_or_rederivation,present in current diagnostic panel but not in raw 1min/field contracts,,2
ctx_fulla_bs_short_loan,current_daily_or_derived_panel_only,requires_route_mapping_or_rederivation,present in current diagnostic panel but not in raw 1min/field contracts,,2
ctx_fulla_bs_short_loan_yoy,current_daily_or_derived_panel_only,requires_route_mapping_or_rederivation,present in current diagnostic panel but not in raw 1min/field contracts,,2
ctx_fulla_bs_special_reserve,current_daily_or_derived_panel_only,requires_route_mapping_or_rederivation,present in current diagnostic panel but not in raw 1min/field contracts,,2
ctx_fulla_bs_special_reserve_yoy,current_daily_or_derived_panel_only,requires_route_mapping_or_rederivation,present in current diagnostic panel but not in raw 1min/field contracts,,2
ctx_fulla_bs_staff_salary_payable,current_daily_or_derived_panel_only,requires_route_mapping_or_rederivation,present in current diagnostic panel but not in raw 1min/field contracts,,2
ctx_fulla_bs_staff_salary_payable_yoy,current_daily_or_derived_panel_only,requires_route_mapping_or_rederivation,present in current diagnostic panel but not in raw 1min/field contracts,,2
ctx_fulla_bs_surplus_reserve,current_daily_or_derived_panel_only,requires_route_mapping_or_rederivation,present in current diagnostic panel but not in raw 1min/field contracts,,2
ctx_fulla_bs_surplus_reserve_yoy,current_daily_or_derived_panel_only,requires_route_mapping_or_rederivation,present in current diagnostic panel but not in raw 1min/field contracts,,2
ctx_fulla_bs_tax_payable,current_daily_or_derived_panel_only,requires_route_mapping_or_rederivation,present in current diagnostic panel but not in raw 1min/field contracts,,2
ctx_fulla_bs_tax_payable_yoy,current_daily_or_derived_panel_only,requires_route_mapping_or_rederivation,present in current diagnostic panel but not in raw 1min/field contracts,,2
ctx_fulla_bs_total_assets,current_daily_or_derived_panel_only,requires_route_mapping_or_rederivation,present in current diagnostic panel but not in raw 1min/field contracts,,9
ctx_fulla_bs_total_assets_yoy,current_daily_or_derived_panel_only,requires_route_mapping_or_rederivation,present in current diagnostic panel but not in raw 1min/field contracts,,2
ctx_fulla_bs_total_current_assets,current_daily_or_derived_panel_only,requires_route_mapping_or_rederivation,present in current diagnostic panel but not in raw 1min/field contracts,,3
ctx_fulla_bs_total_current_assets_yoy,current_daily_or_derived_panel_only,requires_route_mapping_or_rederivation,present in current diagnostic panel but not in raw 1min/field contracts,,2
ctx_fulla_bs_total_current_liab,current_daily_or_derived_panel_only,requires_route_mapping_or_rederivation,present in current diagnostic panel but not in raw 1min/field contracts,,3
ctx_fulla_bs_total_current_liab_yoy,current_daily_or_derived_panel_only,requires_route_mapping_or_rederivation,present in current diagnostic panel but not in raw 1min/field contracts,,2
ctx_fulla_bs_total_equity,current_daily_or_derived_panel_only,requires_route_mapping_or_rederivation,present in current diagnostic panel but not in raw 1min/field contracts,,3
ctx_fulla_bs_total_equity_yoy,current_daily_or_derived_panel_only,requires_route_mapping_or_rederivation,present in current diagnostic panel but not in raw 1min/field contracts,,2
ctx_fulla_bs_total_liab_equity,current_daily_or_derived_panel_only,requires_route_mapping_or_rederivation,present in current diagnostic panel but not in raw 1min/field contracts,,2
ctx_fulla_bs_total_liab_equity_yoy,current_daily_or_derived_panel_only,requires_route_mapping_or_rederivation,present in current diagnostic panel but not in raw 1min/field contracts,,2
ctx_fulla_bs_total_liabilities,current_daily_or_derived_panel_only,requires_route_mapping_or_rederivation,present in current diagnostic panel but not in raw 1min/field contracts,,3
ctx_fulla_bs_total_liabilities_yoy,current_daily_or_derived_panel_only,requires_route_mapping_or_rederivation,present in current diagnostic panel but not in raw 1min/field contracts,,2
ctx_fulla_bs_total_noncurrent_assets,current_daily_or_derived_panel_only,requires_route_mapping_or_rederivation,present in current diagnostic panel but not in raw 1min/field contracts,,2
ctx_fulla_bs_total_noncurrent_assets_yoy,current_daily_or_derived_panel_only,requires_route_mapping_or_rederivation,present in current diagnostic panel but not in raw 1min/field contracts,,2
ctx_fulla_bs_total_noncurrent_liab,current_daily_or_derived_panel_only,requires_route_mapping_or_rederivation,present in current diagnostic panel but not in raw 1min/field contracts,,2
ctx_fulla_bs_total_noncurrent_liab_yoy,current_daily_or_derived_panel_only,requires_route_mapping_or_rederivation,present in current diagnostic panel but not in raw 1min/field contracts,,2
ctx_fulla_bs_total_other_payable,current_daily_or_derived_panel_only,requires_route_mapping_or_rederivation,present in current diagnostic panel but not in raw 1min/field contracts,,2
ctx_fulla_bs_total_other_payable_yoy,current_daily_or_derived_panel_only,requires_route_mapping_or_rederivation,present in current diagnostic panel but not in raw 1min/field contracts,,2
ctx_fulla_bs_total_other_rece,current_daily_or_derived_panel_only,requires_route_mapping_or_rederivation,present in current diagnostic panel but not in raw 1min/field contracts,,2
ctx_fulla_bs_total_other_rece_yoy,current_daily_or_derived_panel_only,requires_route_mapping_or_rederivation,present in current diagnostic panel but not in raw 1min/field contracts,,2
ctx_fulla_bs_total_parent_equity,current_daily_or_derived_panel_only,requires_route_mapping_or_rederivation,present in current diagnostic panel but not in raw 1min/field contracts,,2
ctx_fulla_bs_total_parent_equity_yoy,current_daily_or_derived_panel_only,requires_route_mapping_or_rederivation,present in current diagnostic panel but not in raw 1min/field contracts,,2
ctx_fulla_bs_trade_finasset_notfvtpl,current_daily_or_derived_panel_only,requires_route_mapping_or_rederivation,present in current diagnostic panel but not in raw 1min/field contracts,,2
ctx_fulla_bs_trade_finasset_notfvtpl_yoy,current_daily_or_derived_panel_only,requires_route_mapping_or_rederivation,present in current diagnostic panel but not in raw 1min/field contracts,,2
ctx_fulla_bs_trade_finliab_notfvtpl,current_daily_or_derived_panel_only,requires_route_mapping_or_rederivation,present in current diagnostic panel but not in raw 1min/field contracts,,2
ctx_fulla_bs_treasury_shares,current_daily_or_derived_panel_only,requires_route_mapping_or_rederivation,present in current diagnostic panel but not in raw 1min/field contracts,,2
ctx_fulla_bs_treasury_shares_yoy,current_daily_or_derived_panel_only,requires_route_mapping_or_rederivation,present in current diagnostic panel but not in raw 1min/field contracts,,2
ctx_fulla_bs_unassign_rpofit,current_daily_or_derived_panel_only,requires_route_mapping_or_rederivation,present in current diagnostic panel but not in raw 1min/field contracts,,2
ctx_fulla_bs_unassign_rpofit_yoy,current_daily_or_derived_panel_only,requires_route_mapping_or_rederivation,present in current diagnostic panel but not in raw 1min/field contracts,,2
ctx_fulla_bs_useright_asset,current_daily_or_derived_panel_only,requires_route_mapping_or_rederivation,present in current diagnostic panel but not in raw 1min/field contracts,,2
ctx_fulla_bs_useright_asset_yoy,current_daily_or_derived_panel_only,requires_route_mapping_or_rederivation,present in current diagnostic panel but not in raw 1min/field contracts,,2
ctx_fulla_ps_able_oci,current_daily_or_derived_panel_only,requires_route_mapping_or_rederivation,present in current diagnostic panel but not in raw 1min/field contracts,,2
ctx_fulla_ps_able_oci_yoy,current_daily_or_derived_panel_only,requires_route_mapping_or_rederivation,present in current diagnostic panel but not in raw 1min/field contracts,,2
ctx_fulla_ps_acf_end_income,current_daily_or_derived_panel_only,requires_route_mapping_or_rederivation,present in current diagnostic panel but not in raw 1min/field contracts,,2
ctx_fulla_ps_asset_disposal_income,current_daily_or_derived_panel_only,requires_route_mapping_or_rederivation,present in current diagnostic panel but not in raw 1min/field contracts,,2
ctx_fulla_ps_asset_disposal_income_yoy,current_daily_or_derived_panel_only,requires_route_mapping_or_rederivation,present in current diagnostic panel but not in raw 1min/field contracts,,2
ctx_fulla_ps_asset_impairment_income,current_daily_or_derived_panel_only,requires_route_mapping_or_rederivation,present in current diagnostic panel but not in raw 1min/field contracts,,2
ctx_fulla_ps_asset_impairment_income_yoy,current_daily_or_derived_panel_only,requires_route_mapping_or_rederivation,present in current diagnostic panel but not in raw 1min/field contracts,,2
ctx_fulla_ps_basic_eps,current_daily_or_derived_panel_only,requires_route_mapping_or_rederivation,present in current diagnostic panel but not in raw 1min/field contracts,,2
ctx_fulla_ps_basic_eps_yoy,current_daily_or_derived_panel_only,requires_route_mapping_or_rederivation,present in current diagnostic panel but not in raw 1min/field contracts,,2
ctx_fulla_ps_cashflow_hedge_valid,current_daily_or_derived_panel_only,requires_route_mapping_or_rederivation,present in current diagnostic panel but not in raw 1min/field contracts,,2
ctx_fulla_ps_continued_netprofit,current_daily_or_derived_panel_only,requires_route_mapping_or_rederivation,present in current diagnostic panel but not in raw 1min/field contracts,,2
ctx_fulla_ps_continued_netprofit_yoy,current_daily_or_derived_panel_only,requires_route_mapping_or_rederivation,present in current diagnostic panel but not in raw 1min/field contracts,,2
ctx_fulla_ps_convert_diff,current_daily_or_derived_panel_only,requires_route_mapping_or_rederivation,present in current diagnostic panel but not in raw 1min/field contracts,,2
ctx_fulla_ps_convert_diff_yoy,current_daily_or_derived_panel_only,requires_route_mapping_or_rederivation,present in current diagnostic panel but not in raw 1min/field contracts,,2
ctx_fulla_ps_credit_impairment_income,current_daily_or_derived_panel_only,requires_route_mapping_or_rederivation,present in current diagnostic panel but not in raw 1min/field contracts,,2
ctx_fulla_ps_credit_impairment_income_yoy,current_daily_or_derived_panel_only,requires_route_mapping_or_rederivation,present in current diagnostic panel but not in raw 1min/field contracts,,2
ctx_fulla_ps_deduct_parent_netprofit,current_daily_or_derived_panel_only,requires_route_mapping_or_rederivation,present in current diagnostic panel but not in raw 1min/field contracts,,2
ctx_fulla_ps_deduct_parent_netprofit_yoy,current_daily_or_derived_panel_only,requires_route_mapping_or_rederivation,present in current diagnostic panel but not in raw 1min/field contracts,,2
ctx_fulla_ps_diluted_eps,current_daily_or_derived_panel_only,requires_route_mapping_or_rederivation,present in current diagnostic panel but not in raw 1min/field contracts,,2
ctx_fulla_ps_diluted_eps_yoy,current_daily_or_derived_panel_only,requires_route_mapping_or_rederivation,present in current diagnostic panel but not in raw 1min/field contracts,,2
ctx_fulla_ps_fairvalue_change_income,current_daily_or_derived_panel_only,requires_route_mapping_or_rederivation,present in current diagnostic panel but not in raw 1min/field contracts,,2
ctx_fulla_ps_fairvalue_change_income_yoy,current_daily_or_derived_panel_only,requires_route_mapping_or_rederivation,present in current diagnostic panel but not in raw 1min/field contracts,,2
ctx_fulla_ps_fe_interest_expense,current_daily_or_derived_panel_only,requires_route_mapping_or_rederivation,present in current diagnostic panel but not in raw 1min/field contracts,,2
ctx_fulla_ps_fe_interest_expense_yoy,current_daily_or_derived_panel_only,requires_route_mapping_or_rederivation,present in current diagnostic panel but not in raw 1min/field contracts,,2
ctx_fulla_ps_fe_interest_income,current_daily_or_derived_panel_only,requires_route_mapping_or_rederivation,present in current diagnostic panel but not in raw 1min/field contracts,,2
ctx_fulla_ps_fe_interest_income_yoy,current_daily_or_derived_panel_only,requires_route_mapping_or_rederivation,present in current diagnostic panel but not in raw 1min/field contracts,,2
ctx_fulla_ps_finance_expense,current_daily_or_derived_panel_only,requires_route_mapping_or_rederivation,present in current diagnostic panel but not in raw 1min/field contracts,,3
ctx_fulla_ps_finance_expense_yoy,current_daily_or_derived_panel_only,requires_route_mapping_or_rederivation,present in current diagnostic panel but not in raw 1min/field contracts,,2
ctx_fulla_ps_income_tax,current_daily_or_derived_panel_only,requires_route_mapping_or_rederivation,present in current diagnostic panel but not in raw 1min/field contracts,,2
ctx_fulla_ps_income_tax_yoy,current_daily_or_derived_panel_only,requires_route_mapping_or_rederivation,present in current diagnostic panel but not in raw 1min/field contracts,,2
ctx_fulla_ps_invest_income,current_daily_or_derived_panel_only,requires_route_mapping_or_rederivation,present in current diagnostic panel but not in raw 1min/field contracts,,2
ctx_fulla_ps_invest_income_yoy,current_daily_or_derived_panel_only,requires_route_mapping_or_rederivation,present in current diagnostic panel but not in raw 1min/field contracts,,2
ctx_fulla_ps_invest_joint_income,current_daily_or_derived_panel_only,requires_route_mapping_or_rederivation,present in current diagnostic panel but not in raw 1min/field contracts,,2
ctx_fulla_ps_invest_joint_income_yoy,current_daily_or_derived_panel_only,requires_route_mapping_or_rederivation,present in current diagnostic panel but not in raw 1min/field contracts,,2
ctx_fulla_ps_manage_expense,current_daily_or_derived_panel_only,requires_route_mapping_or_rederivation,present in current diagnostic panel but not in raw 1min/field contracts,,3
ctx_fulla_ps_manage_expense_yoy,current_daily_or_derived_panel_only,requires_route_mapping_or_rederivation,present in current diagnostic panel but not in raw 1min/field contracts,,2
ctx_fulla_ps_minority_interest,current_daily_or_derived_panel_only,requires_route_mapping_or_rederivation,present in current diagnostic panel but not in raw 1min/field contracts,,2
ctx_fulla_ps_minority_interest_yoy,current_daily_or_derived_panel_only,requires_route_mapping_or_rederivation,present in current diagnostic panel but not in raw 1min/field contracts,,2
ctx_fulla_ps_minority_oci,current_daily_or_derived_panel_only,requires_route_mapping_or_rederivation,present in current diagnostic panel but not in raw 1min/field contracts,,2
ctx_fulla_ps_minority_oci_yoy,current_daily_or_derived_panel_only,requires_route_mapping_or_rederivation,present in current diagnostic panel but not in raw 1min/field contracts,,2
ctx_fulla_ps_minority_tci,current_daily_or_derived_panel_only,requires_route_mapping_or_rederivation,present in current diagnostic panel but not in raw 1min/field contracts,,2
ctx_fulla_ps_minority_tci_yoy,current_daily_or_derived_panel_only,requires_route_mapping_or_rederivation,present in current diagnostic panel but not in raw 1min/field contracts,,2
ctx_fulla_ps_netprofit,current_daily_or_derived_panel_only,requires_route_mapping_or_rederivation,present in current diagnostic panel but not in raw 1min/field contracts,,3
ctx_fulla_ps_netprofit_yoy,current_daily_or_derived_panel_only,requires_route_mapping_or_rederivation,present in current diagnostic panel but not in raw 1min/field contracts,,2
ctx_fulla_ps_nonbusiness_expense,current_daily_or_derived_panel_only,requires_route_mapping_or_rederivation,present in current diagnostic panel but not in raw 1min/field contracts,,2
ctx_fulla_ps_nonbusiness_expense_yoy,current_daily_or_derived_panel_only,requires_route_mapping_or_rederivation,present in current diagnostic panel but not in raw 1min/field contracts,,2
ctx_fulla_ps_nonbusiness_income,current_daily_or_derived_panel_only,requires_route_mapping_or_rederivation,present in current diagnostic panel but not in raw 1min/field contracts,,2
ctx_fulla_ps_nonbusiness_income_yoy,current_daily_or_derived_panel_only,requires_route_mapping_or_rederivation,present in current diagnostic panel but not in raw 1min/field contracts,,2
ctx_fulla_ps_operate_cost,current_daily_or_derived_panel_only,requires_route_mapping_or_rederivation,present in current diagnostic panel but not in raw 1min/field contracts,,3
ctx_fulla_ps_operate_cost_yoy,current_daily_or_derived_panel_only,requires_route_mapping_or_rederivation,present in current diagnostic panel but not in raw 1min/field contracts,,2
ctx_fulla_ps_operate_income,current_daily_or_derived_panel_only,requires_route_mapping_or_rederivation,present in current diagnostic panel but not in raw 1min/field contracts,,2
ctx_fulla_ps_operate_income_yoy,current_daily_or_derived_panel_only,requires_route_mapping_or_rederivation,present in current diagnostic panel but not in raw 1min/field contracts,,2
ctx_fulla_ps_operate_profit,current_daily_or_derived_panel_only,requires_route_mapping_or_rederivation,present in current diagnostic panel but not in raw 1min/field contracts,,3
ctx_fulla_ps_operate_profit_balance,current_daily_or_derived_panel_only,requires_route_mapping_or_rederivation,present in current diagnostic panel but not in raw 1min/field contracts,,2
ctx_fulla_ps_operate_profit_yoy,current_daily_or_derived_panel_only,requires_route_mapping_or_rederivation,present in current diagnostic panel but not in raw 1min/field contracts,,2
ctx_fulla_ps_operate_tax_add,current_daily_or_derived_panel_only,requires_route_mapping_or_rederivation,present in current diagnostic panel but not in raw 1min/field contracts,,2
ctx_fulla_ps_operate_tax_add_yoy,current_daily_or_derived_panel_only,requires_route_mapping_or_rederivation,present in current diagnostic panel but not in raw 1min/field contracts,,2
ctx_fulla_ps_other_compre_income,current_daily_or_derived_panel_only,requires_route_mapping_or_rederivation,present in current diagnostic panel but not in raw 1min/field contracts,,2
ctx_fulla_ps_other_compre_income_yoy,current_daily_or_derived_panel_only,requires_route_mapping_or_rederivation,present in current diagnostic panel but not in raw 1min/field contracts,,2
ctx_fulla_ps_other_income,current_daily_or_derived_panel_only,requires_route_mapping_or_rederivation,present in current diagnostic panel but not in raw 1min/field contracts,,2
ctx_fulla_ps_other_income_yoy,current_daily_or_derived_panel_only,requires_route_mapping_or_rederivation,present in current diagnostic panel but not in raw 1min/field contracts,,2
ctx_fulla_ps_otherright_fairvalue_change,current_daily_or_derived_panel_only,requires_route_mapping_or_rederivation,present in current diagnostic panel but not in raw 1min/field contracts,,2
ctx_fulla_ps_otherright_fairvalue_change_yoy,current_daily_or_derived_panel_only,requires_route_mapping_or_rederivation,present in current diagnostic panel but not in raw 1min/field contracts,,2
ctx_fulla_ps_parent_netprofit,current_daily_or_derived_panel_only,requires_route_mapping_or_rederivation,present in current diagnostic panel but not in raw 1min/field contracts,,3
ctx_fulla_ps_parent_netprofit_yoy,current_daily_or_derived_panel_only,requires_route_mapping_or_rederivation,present in current diagnostic panel but not in raw 1min/field contracts,,2
ctx_fulla_ps_parent_oci,current_daily_or_derived_panel_only,requires_route_mapping_or_rederivation,present in current diagnostic panel but not in raw 1min/field contracts,,2
ctx_fulla_ps_parent_oci_yoy,current_daily_or_derived_panel_only,requires_route_mapping_or_rederivation,present in current diagnostic panel but not in raw 1min/field contracts,,2
ctx_fulla_ps_parent_tci,current_daily_or_derived_panel_only,requires_route_mapping_or_rederivation,present in current diagnostic panel but not in raw 1min/field contracts,,2
ctx_fulla_ps_parent_tci_yoy,current_daily_or_derived_panel_only,requires_route_mapping_or_rederivation,present in current diagnostic panel but not in raw 1min/field contracts,,2
ctx_fulla_ps_research_expense,current_daily_or_derived_panel_only,requires_route_mapping_or_rederivation,present in current diagnostic panel but not in raw 1min/field contracts,,3
ctx_fulla_ps_research_expense_yoy,current_daily_or_derived_panel_only,requires_route_mapping_or_rederivation,present in current diagnostic panel but not in raw 1min/field contracts,,2
ctx_fulla_ps_rightlaw_able_oci,current_daily_or_derived_panel_only,requires_route_mapping_or_rederivation,present in current diagnostic panel but not in raw 1min/field contracts,,2
ctx_fulla_ps_rightlaw_able_oci_yoy,current_daily_or_derived_panel_only,requires_route_mapping_or_rederivation,present in current diagnostic panel but not in raw 1min/field contracts,,2
ctx_fulla_ps_sale_expense,current_daily_or_derived_panel_only,requires_route_mapping_or_rederivation,present in current diagnostic panel but not in raw 1min/field contracts,,3
ctx_fulla_ps_sale_expense_yoy,current_daily_or_derived_panel_only,requires_route_mapping_or_rederivation,present in current diagnostic panel but not in raw 1min/field contracts,,2
ctx_fulla_ps_total_compre_income,current_daily_or_derived_panel_only,requires_route_mapping_or_rederivation,present in current diagnostic panel but not in raw 1min/field contracts,,2
ctx_fulla_ps_total_compre_income_yoy,current_daily_or_derived_panel_only,requires_route_mapping_or_rederivation,present in current diagnostic panel but not in raw 1min/field contracts,,2
ctx_fulla_ps_total_operate_cost,current_daily_or_derived_panel_only,requires_route_mapping_or_rederivation,present in current diagnostic panel but not in raw 1min/field contracts,,2
ctx_fulla_ps_total_operate_cost_yoy,current_daily_or_derived_panel_only,requires_route_mapping_or_rederivation,present in current diagnostic panel but not in raw 1min/field contracts,,2
ctx_fulla_ps_total_operate_income,current_daily_or_derived_panel_only,requires_route_mapping_or_rederivation,present in current diagnostic panel but not in raw 1min/field contracts,,11
ctx_fulla_ps_total_operate_income_yoy,current_daily_or_derived_panel_only,requires_route_mapping_or_rederivation,present in current diagnostic panel but not in raw 1min/field contracts,,2
ctx_fulla_ps_total_profit,current_daily_or_derived_panel_only,requires_route_mapping_or_rederivation,present in current diagnostic panel but not in raw 1min/field contracts,,3
ctx_fulla_ps_total_profit_balance,current_daily_or_derived_panel_only,requires_route_mapping_or_rederivation,present in current diagnostic panel but not in raw 1min/field contracts,,2
ctx_fulla_ps_total_profit_yoy,current_daily_or_derived_panel_only,requires_route_mapping_or_rederivation,present in current diagnostic panel but not in raw 1min/field contracts,,2
ctx_fulla_ps_unable_oci,current_daily_or_derived_panel_only,requires_route_mapping_or_rederivation,present in current diagnostic panel but not in raw 1min/field contracts,,2
ctx_fulla_ps_unable_oci_yoy,current_daily_or_derived_panel_only,requires_route_mapping_or_rederivation,present in current diagnostic panel but not in raw 1min/field contracts,,2
ctx_fund_bs_cash_to_assets,nonminute_pit_context,lagged_context_sidecar_allowed,NOTICE/HOLD_NOTICE date plus next trading day,true_after_notice_date,61
ctx_fund_bs_debt_to_assets,nonminute_pit_context,lagged_context_sidecar_allowed,NOTICE/HOLD_NOTICE date plus next trading day,true_after_notice_date,4
ctx_fund_bs_goodwill_to_assets,nonminute_pit_context,lagged_context_sidecar_allowed,NOTICE/HOLD_NOTICE date plus next trading day,true_after_notice_date,4
ctx_fund_bs_inventory_to_assets,nonminute_pit_context,lagged_context_sidecar_allowed,NOTICE/HOLD_NOTICE date plus next trading day,true_after_notice_date,4
ctx_fund_cf_end_cce,nonminute_pit_context,lagged_context_sidecar_allowed,NOTICE/HOLD_NOTICE date plus next trading day,true_after_notice_date,4
ctx_fund_cf_netcash_finance,nonminute_pit_context,lagged_context_sidecar_allowed,NOTICE/HOLD_NOTICE date plus next trading day,true_after_notice_date,4
ctx_fund_cf_netcash_invest,nonminute_pit_context,lagged_context_sidecar_allowed,NOTICE/HOLD_NOTICE date plus next trading day,true_after_notice_date,4
ctx_fund_cf_total_operate_inflow,nonminute_pit_context,lagged_context_sidecar_allowed,NOTICE/HOLD_NOTICE date plus next trading day,true_after_notice_date,4
ctx_fund_cf_total_operate_outflow,nonminute_pit_context,lagged_context_sidecar_allowed,NOTICE/HOLD_NOTICE date plus next trading day,true_after_notice_date,4
ctx_fund_ps_netprofit_margin,nonminute_pit_context,lagged_context_sidecar_allowed,NOTICE/HOLD_NOTICE date plus next trading day,true_after_notice_date,61
ctx_fund_ps_operate_profit_margin,nonminute_pit_context,lagged_context_sidecar_allowed,NOTICE/HOLD_NOTICE date plus next trading day,true_after_notice_date,61
ctx_fund_ps_research_to_income,nonminute_pit_context,lagged_context_sidecar_allowed,NOTICE/HOLD_NOTICE date plus next trading day,true_after_notice_date,61
ctx_holder_avg_market_cap,nonminute_pit_context,lagged_context_sidecar_allowed,NOTICE/HOLD_NOTICE date plus next trading day,true_after_notice_date,4
ctx_holder_change_shares,nonminute_pit_context,lagged_context_sidecar_allowed,NOTICE/HOLD_NOTICE date plus next trading day,true_after_notice_date,13
ctx_holder_close_price,nonminute_pit_context,lagged_context_sidecar_allowed,NOTICE/HOLD_NOTICE date plus next trading day,true_after_notice_date,4
ctx_holder_holder_num,nonminute_pit_context,lagged_context_sidecar_allowed,NOTICE/HOLD_NOTICE date plus next trading day,true_after_notice_date,4
ctx_holder_holder_num_change,nonminute_pit_context,lagged_context_sidecar_allowed,NOTICE/HOLD_NOTICE date plus next trading day,true_after_notice_date,4
ctx_holder_holder_num_ratio,nonminute_pit_context,lagged_context_sidecar_allowed,NOTICE/HOLD_NOTICE date plus next trading day,true_after_notice_date,4
ctx_holder_interval_chrate,nonminute_pit_context,lagged_context_sidecar_allowed,NOTICE/HOLD_NOTICE date plus next trading day,true_after_notice_date,4
ctx_holder_pre_holder_num,nonminute_pit_context,lagged_context_sidecar_allowed,NOTICE/HOLD_NOTICE date plus next trading day,true_after_notice_date,4
ctx_mkt_updown_dt,nonminute_pit_context,blocked_or_context_only,source date plus next trading day,true_lagged_only,4
ctx_mkt_updown_q_zrcs,nonminute_pit_context,blocked_or_context_only,source date plus next trading day,true_lagged_only,4
ctx_mkt_updown_q_zrtj,nonminute_pit_context,blocked_or_context_only,source date plus next trading day,true_lagged_only,4
ctx_mkt_updown_s_zrcs,nonminute_pit_context,blocked_or_context_only,source date plus next trading day,true_lagged_only,4
ctx_mkt_updown_s_zrtj,nonminute_pit_context,blocked_or_context_only,source date plus next trading day,true_lagged_only,4
ctx_mkt_updown_sjdt,nonminute_pit_context,blocked_or_context_only,source date plus next trading day,true_lagged_only,4
ctx_mkt_updown_sjzt,nonminute_pit_context,blocked_or_context_only,source date plus next trading day,true_lagged_only,4
ctx_mkt_updown_stdt,nonminute_pit_context,blocked_or_context_only,source date plus next trading day,true_lagged_only,4
ctx_mkt_updown_stzt,nonminute_pit_context,blocked_or_context_only,source date plus next trading day,true_lagged_only,4
ctx_mkt_updown_szjs,nonminute_pit_context,blocked_or_context_only,source date plus next trading day,true_lagged_only,4
ctx_mkt_updown_xdjs,nonminute_pit_context,blocked_or_context_only,source date plus next trading day,true_lagged_only,4
ctx_mkt_updown_zt,nonminute_pit_context,blocked_or_context_only,source date plus next trading day,true_lagged_only,4
ctx_rzrq_rqjmg,nonminute_pit_context,blocked_or_context_only,source date plus next trading day,true_lagged_only,6
ctx_rzrq_rqjmg10d,nonminute_pit_context,blocked_or_context_only,source date plus next trading day,true_lagged_only,6
ctx_rzrq_rqjmg3d,nonminute_pit_context,blocked_or_context_only,source date plus next trading day,true_lagged_only,6
ctx_rzrq_rqjmg5d,nonminute_pit_context,blocked_or_context_only,source date plus next trading day,true_lagged_only,6
ctx_rzrq_rqmcl,nonminute_pit_context,blocked_or_context_only,source date plus next trading day,true_lagged_only,6
ctx_rzrq_rqmcl10d,nonminute_pit_context,blocked_or_context_only,source date plus next trading day,true_lagged_only,6
ctx_rzrq_rqmcl3d,nonminute_pit_context,blocked_or_context_only,source date plus next trading day,true_lagged_only,6
ctx_rzrq_rqmcl5d,nonminute_pit_context,blocked_or_context_only,source date plus next trading day,true_lagged_only,6
ctx_rzrq_rqye,nonminute_pit_context,blocked_or_context_only,source date plus next trading day,true_lagged_only,6
ctx_rzrq_rzche,nonminute_pit_context,blocked_or_context_only,source date plus next trading day,true_lagged_only,6
ctx_rzrq_rzche10d,nonminute_pit_context,blocked_or_context_only,source date plus next trading day,true_lagged_only,6
ctx_rzrq_rzche3d,nonminute_pit_context,blocked_or_context_only,source date plus next trading day,true_lagged_only,6
ctx_rzrq_rzche5d,nonminute_pit_context,blocked_or_context_only,source date plus next trading day,true_lagged_only,6
ctx_rzrq_rzjme,nonminute_pit_context,blocked_or_context_only,source date plus next trading day,true_lagged_only,6
ctx_rzrq_rzjme10d,nonminute_pit_context,blocked_or_context_only,source date plus next trading day,true_lagged_only,6
ctx_rzrq_rzjme3d,nonminute_pit_context,blocked_or_context_only,source date plus next trading day,true_lagged_only,6
ctx_rzrq_rzjme5d,nonminute_pit_context,blocked_or_context_only,source date plus next trading day,true_lagged_only,6
ctx_rzrq_rzmre,nonminute_pit_context,blocked_or_context_only,source date plus next trading day,true_lagged_only,6
ctx_rzrq_rzyezb,nonminute_pit_context,blocked_or_context_only,source date plus next trading day,true_lagged_only,10
ctx_rzrq_spj,nonminute_pit_context,blocked_or_context_only,source date plus next trading day,true_lagged_only,10
ctx_rzrq_zdf,nonminute_pit_context,blocked_or_context_only,source date plus next trading day,true_lagged_only,10
ctx_sent_bigleg_num,current_daily_or_derived_panel_only,requires_route_mapping_or_rederivation,present in current diagnostic panel but not in raw 1min/field contracts,,2
ctx_sent_damian_num,current_daily_or_derived_panel_only,requires_route_mapping_or_rederivation,present in current diagnostic panel but not in raw 1min/field contracts,,7
ctx_sent_ditian_num,current_daily_or_derived_panel_only,requires_route_mapping_or_rederivation,present in current diagnostic panel but not in raw 1min/field contracts,,2
ctx_sent_down_num,current_daily_or_derived_panel_only,requires_route_mapping_or_rederivation,present in current diagnostic panel but not in raw 1min/field contracts,,4
ctx_sent_downlimit_num,current_daily_or_derived_panel_only,requires_route_mapping_or_rederivation,present in current diagnostic panel but not in raw 1min/field contracts,,8
ctx_sent_fb_num,current_daily_or_derived_panel_only,requires_route_mapping_or_rederivation,present in current diagnostic panel but not in raw 1min/field contracts,,2
ctx_sent_gt5_num,current_daily_or_derived_panel_only,requires_route_mapping_or_rederivation,present in current diagnostic panel but not in raw 1min/field contracts,,2
ctx_sent_lb_2_num,current_daily_or_derived_panel_only,requires_route_mapping_or_rederivation,present in current diagnostic panel but not in raw 1min/field contracts,,3
ctx_sent_lb_3_num,current_daily_or_derived_panel_only,requires_route_mapping_or_rederivation,present in current diagnostic panel but not in raw 1min/field contracts,,3
ctx_sent_lb_h_num,current_daily_or_derived_panel_only,requires_route_mapping_or_rederivation,present in current diagnostic panel but not in raw 1min/field contracts,,2
ctx_sent_lt5_num,current_daily_or_derived_panel_only,requires_route_mapping_or_rederivation,present in current diagnostic panel but not in raw 1min/field contracts,,2
ctx_sent_max_lb_num,current_daily_or_derived_panel_only,requires_route_mapping_or_rederivation,present in current diagnostic panel but not in raw 1min/field contracts,,7
ctx_sent_mian_num,current_daily_or_derived_panel_only,requires_route_mapping_or_rederivation,present in current diagnostic panel but not in raw 1min/field contracts,,2
ctx_sent_second_lb_num,current_daily_or_derived_panel_only,requires_route_mapping_or_rederivation,present in current diagnostic panel but not in raw 1min/field contracts,,2
ctx_sent_tiandi_num,current_daily_or_derived_panel_only,requires_route_mapping_or_rederivation,present in current diagnostic panel but not in raw 1min/field contracts,,2
ctx_sent_up_num,current_daily_or_derived_panel_only,requires_route_mapping_or_rederivation,present in current diagnostic panel but not in raw 1min/field contracts,,4
ctx_sent_uplimit_n_num,current_daily_or_derived_panel_only,requires_route_mapping_or_rederivation,present in current diagnostic panel but not in raw 1min/field contracts,,2
ctx_sent_uplimit_num,current_daily_or_derived_panel_only,requires_route_mapping_or_rederivation,present in current diagnostic panel but not in raw 1min/field contracts,,9
ctx_sent_zb_num,current_daily_or_derived_panel_only,requires_route_mapping_or_rederivation,present in current diagnostic panel but not in raw 1min/field contracts,,7
ctx_ths_hot_circulation_value,current_daily_or_derived_panel_only,requires_route_mapping_or_rederivation,present in current diagnostic panel but not in raw 1min/field contracts,,3
ctx_ths_hot_last_pct,current_daily_or_derived_panel_only,requires_route_mapping_or_rederivation,present in current diagnostic panel but not in raw 1min/field contracts,,3
ctx_ths_hot_last_price,current_daily_or_derived_panel_only,requires_route_mapping_or_rederivation,present in current diagnostic panel but not in raw 1min/field contracts,,2
ctx_ths_hot_rank,current_daily_or_derived_panel_only,requires_route_mapping_or_rederivation,present in current diagnostic panel but not in raw 1min/field contracts,,7
ctx_ths_hot_rank_diff,current_daily_or_derived_panel_only,requires_route_mapping_or_rederivation,present in current diagnostic panel but not in raw 1min/field contracts,,7
ctx_zls_circulation_value_lag1,current_daily_or_derived_panel_only,requires_route_mapping_or_rederivation,present in current diagnostic panel but not in raw 1min/field contracts,,2
ctx_zls_down_num_lag1,current_daily_or_derived_panel_only,requires_route_mapping_or_rederivation,present in current diagnostic panel but not in raw 1min/field contracts,,1
ctx_zls_downlimit_num_lag1,current_daily_or_derived_panel_only,requires_route_mapping_or_rederivation,present in current diagnostic panel but not in raw 1min/field contracts,,3
ctx_zls_evt_amount_lag1,current_daily_or_derived_panel_only,requires_route_mapping_or_rederivation,present in current diagnostic panel but not in raw 1min/field contracts,,5
ctx_zls_evt_auction_money_lag1,current_daily_or_derived_panel_only,requires_route_mapping_or_rederivation,present in current diagnostic panel but not in raw 1min/field contracts,,3
ctx_zls_evt_auction_offer_lag1,current_daily_or_derived_panel_only,requires_route_mapping_or_rederivation,present in current diagnostic panel but not in raw 1min/field contracts,,1
ctx_zls_evt_auction_turnover_lag1,current_daily_or_derived_panel_only,requires_route_mapping_or_rederivation,present in current diagnostic panel but not in raw 1min/field contracts,,3
ctx_zls_evt_fd_close_lag1,current_daily_or_derived_panel_only,requires_route_mapping_or_rederivation,present in current diagnostic panel but not in raw 1min/field contracts,,4
ctx_zls_evt_fd_max_lag1,current_daily_or_derived_panel_only,requires_route_mapping_or_rederivation,present in current diagnostic panel but not in raw 1min/field contracts,,3
ctx_zls_evt_up_limit_keep_times_lag1,current_daily_or_derived_panel_only,requires_route_mapping_or_rederivation,present in current diagnostic panel but not in raw 1min/field contracts,,3
ctx_zls_last_pct_lag1,current_daily_or_derived_panel_only,requires_route_mapping_or_rederivation,present in current diagnostic panel but not in raw 1min/field contracts,,1
ctx_zls_lb_2_num_lag1,current_daily_or_derived_panel_only,requires_route_mapping_or_rederivation,present in current diagnostic panel but not in raw 1min/field contracts,,3
ctx_zls_lb_3_num_lag1,current_daily_or_derived_panel_only,requires_route_mapping_or_rederivation,present in current diagnostic panel but not in raw 1min/field contracts,,3
ctx_zls_lb_h_num_lag1,current_daily_or_derived_panel_only,requires_route_mapping_or_rederivation,present in current diagnostic panel but not in raw 1min/field contracts,,3
ctx_zls_lbgd_lag1,current_daily_or_derived_panel_only,requires_route_mapping_or_rederivation,present in current diagnostic panel but not in raw 1min/field contracts,,2
ctx_zls_max_lb_num_lag1,current_daily_or_derived_panel_only,requires_route_mapping_or_rederivation,present in current diagnostic panel but not in raw 1min/field contracts,,3
ctx_zls_rank_diff_lag1,current_daily_or_derived_panel_only,requires_route_mapping_or_rederivation,present in current diagnostic panel but not in raw 1min/field contracts,,1
ctx_zls_rank_lag1,current_daily_or_derived_panel_only,requires_route_mapping_or_rederivation,present in current diagnostic panel but not in raw 1min/field contracts,,3
ctx_zls_strong_lag1,current_daily_or_derived_panel_only,requires_route_mapping_or_rederivation,present in current diagnostic panel but not in raw 1min/field contracts,,2
ctx_zls_up_num_lag1,current_daily_or_derived_panel_only,requires_route_mapping_or_rederivation,present in current diagnostic panel but not in raw 1min/field contracts,,1
ctx_zls_uplimit_num_lag1,current_daily_or_derived_panel_only,requires_route_mapping_or_rederivation,present in current diagnostic panel but not in raw 1min/field contracts,,5
ctx_zls_zb_num_lag1,current_daily_or_derived_panel_only,requires_route_mapping_or_rederivation,present in current diagnostic panel but not in raw 1min/field contracts,,5
ctx_zls_ztjs_lag1,current_daily_or_derived_panel_only,requires_route_mapping_or_rederivation,present in current diagnostic panel but not in raw 1min/field contracts,,2
daily_ret,current_daily_or_derived_panel_only,requires_route_mapping_or_rederivation,present in current diagnostic panel but not in raw 1min/field contracts,,32
evt_limit_fengdan_money_last_by_0930,timestamped_event_availability_feature,event_state_only_requires_availability_guard,event/cutoff feature may be used after its encoded observable time; not ordinary frequency segmentation,09:30,14
evt_limit_fengdan_money_last_by_0935,timestamped_event_availability_feature,event_state_only_requires_availability_guard,event/cutoff feature may be used after its encoded observable time; not ordinary frequency segmentation,09:35,14
evt_limit_fengdan_money_last_by_1000,timestamped_event_availability_feature,event_state_only_requires_availability_guard,event/cutoff feature may be used after its encoded observable time; not ordinary frequency segmentation,10:00,14
evt_limit_fengdan_money_last_by_1130,timestamped_event_availability_feature,event_state_only_requires_availability_guard,event/cutoff feature may be used after its encoded observable time; not ordinary frequency segmentation,11:30,14
evt_limit_fengdan_money_last_by_1430,timestamped_event_availability_feature,event_state_only_requires_availability_guard,event/cutoff feature may be used after its encoded observable time; not ordinary frequency segmentation,14:30,2
evt_limit_fengdan_rate_last_by_0930,timestamped_event_availability_feature,event_state_only_requires_availability_guard,event/cutoff feature may be used after its encoded observable time; not ordinary frequency segmentation,09:30,8
evt_limit_fengdan_rate_last_by_0935,timestamped_event_availability_feature,event_state_only_requires_availability_guard,event/cutoff feature may be used after its encoded observable time; not ordinary frequency segmentation,09:35,8
evt_limit_fengdan_rate_last_by_1000,timestamped_event_availability_feature,event_state_only_requires_availability_guard,event/cutoff feature may be used after its encoded observable time; not ordinary frequency segmentation,10:00,8
evt_limit_fengdan_rate_last_by_1130,timestamped_event_availability_feature,event_state_only_requires_availability_guard,event/cutoff feature may be used after its encoded observable time; not ordinary frequency segmentation,11:30,8
evt_uplimit_amount,timestamped_event_availability_feature,event_state_only_requires_availability_guard,event/cutoff feature may be used after its encoded observable time; not ordinary frequency segmentation,after_event_observable_time,6
evt_uplimit_auction_buy,timestamped_event_availability_feature,event_state_only_requires_availability_guard,event/cutoff feature may be used after its encoded observable time; not ordinary frequency segmentation,after_event_observable_time,3
evt_uplimit_auction_money,timestamped_event_availability_feature,event_state_only_requires_availability_guard,event/cutoff feature may be used after its encoded observable time; not ordinary frequency segmentation,after_event_observable_time,3
evt_uplimit_auction_offer,timestamped_event_availability_feature,event_state_only_requires_availability_guard,event/cutoff feature may be used after its encoded observable time; not ordinary frequency segmentation,after_event_observable_time,3
evt_uplimit_auction_pre1max_ratio,timestamped_event_availability_feature,event_state_only_requires_availability_guard,event/cutoff feature may be used after its encoded observable time; not ordinary frequency segmentation,after_event_observable_time,7
evt_uplimit_auction_turnover,timestamped_event_availability_feature,event_state_only_requires_availability_guard,event/cutoff feature may be used after its encoded observable time; not ordinary frequency segmentation,after_event_observable_time,3
evt_uplimit_fd_close,timestamped_event_availability_feature,event_state_only_requires_availability_guard,event/cutoff feature may be used after its encoded observable time; not ordinary frequency segmentation,after_event_observable_time,8
evt_uplimit_fd_max,timestamped_event_availability_feature,event_state_only_requires_availability_guard,event/cutoff feature may be used after its encoded observable time; not ordinary frequency segmentation,after_event_observable_time,8
final_float_market_cap,current_daily_or_derived_panel_only,requires_route_mapping_or_rederivation,present in current diagnostic panel but not in raw 1min/field contracts,,38
final_total_market_cap,current_daily_or_derived_panel_only,requires_route_mapping_or_rederivation,present in current diagnostic panel but not in raw 1min/field contracts,,12
float_share,current_daily_or_derived_panel_only,requires_route_mapping_or_rederivation,present in current diagnostic panel but not in raw 1min/field contracts,,12
m1_amount_day,minute_derived_after_close_or_label,forbidden,after-close summary or execution label cannot be selector input,after_close,5
m1_first15_amount,opening_window_feature,recompute_on_trade_time_backbone_required,valid firstN/opening-window feature; not a 5/15/30min data frequency,09:45,5
m1_first15_high,opening_window_feature,recompute_on_trade_time_backbone_required,valid firstN/opening-window feature; not a 5/15/30min data frequency,09:45,4
m1_first15_last_return_vs_open,opening_window_feature,recompute_on_trade_time_backbone_required,valid firstN/opening-window feature; not a 5/15/30min data frequency,09:45,5
m1_first15_low,opening_window_feature,recompute_on_trade_time_backbone_required,valid firstN/opening-window feature; not a 5/15/30min data frequency,09:45,4
m1_first15_range,opening_window_feature,recompute_on_trade_time_backbone_required,valid firstN/opening-window feature; not a 5/15/30min data frequency,09:45,5
m1_first15_vol,opening_window_feature,recompute_on_trade_time_backbone_required,valid firstN/opening-window feature; not a 5/15/30min data frequency,09:45,5
m1_first15_vwap,opening_window_feature,recompute_on_trade_time_backbone_required,valid firstN/opening-window feature; not a 5/15/30min data frequency,09:45,5
m1_first15_vwap_return_vs_open,opening_window_feature,recompute_on_trade_time_backbone_required,valid firstN/opening-window feature; not a 5/15/30min data frequency,09:45,5
m1_first30_amount,opening_window_feature,recompute_on_trade_time_backbone_required,valid firstN/opening-window feature; not a 5/15/30min data frequency,10:00,5
m1_first30_high,opening_window_feature,recompute_on_trade_time_backbone_required,valid firstN/opening-window feature; not a 5/15/30min data frequency,10:00,4
m1_first30_last_return_vs_open,opening_window_feature,recompute_on_trade_time_backbone_required,valid firstN/opening-window feature; not a 5/15/30min data frequency,10:00,5
m1_first30_low,opening_window_feature,recompute_on_trade_time_backbone_required,valid firstN/opening-window feature; not a 5/15/30min data frequency,10:00,4
m1_first30_range,opening_window_feature,recompute_on_trade_time_backbone_required,valid firstN/opening-window feature; not a 5/15/30min data frequency,10:00,5
m1_first30_vol,opening_window_feature,recompute_on_trade_time_backbone_required,valid firstN/opening-window feature; not a 5/15/30min data frequency,10:00,5
m1_first30_vwap,opening_window_feature,recompute_on_trade_time_backbone_required,valid firstN/opening-window feature; not a 5/15/30min data frequency,10:00,5
m1_first30_vwap_return_vs_open,opening_window_feature,recompute_on_trade_time_backbone_required,valid firstN/opening-window feature; not a 5/15/30min data frequency,10:00,5
m1_first5_amount,opening_window_feature,recompute_on_trade_time_backbone_required,valid firstN/opening-window feature; not a 5/15/30min data frequency,09:35,5
volume,current_daily_or_derived_panel_only,requires_route_mapping_or_rederivation,present in current diagnostic panel but not in raw 1min/field contracts,,66
vwap,current_daily_or_derived_panel_only,requires_route_mapping_or_rederivation,present in current diagnostic panel but not in raw 1min/field contracts,,8
