source,field,family,materialized,selector_status,priority,allowed_transforms,pit_policy,next_action
minute_panel_v2,m1_day_high,minute_range_volatility,True,selector_candidate,medium,early_range|range_to_day_range|volatility_bucket|xsection_rank,usable only after the observed minute window closes; future bars forbidden,eligible_for_factor_pack_template
minute_panel_v2,m1_day_low,minute_range_volatility,True,selector_candidate,medium,early_range|range_to_day_range|volatility_bucket|xsection_rank,usable only after the observed minute window closes; future bars forbidden,eligible_for_factor_pack_template
minute_panel_v2,m1_amount_day,minute_flow_liquidity,True,selector_candidate,high,xsection_rank|zscore_by_date|first_window_share|amount_vol_ratio|interaction_with_daily_liquidity,usable only after the observed minute window closes; future bars forbidden,add_named_factor_pack_templates_and_selector_attribution
minute_panel_v2,m1_vol_day,minute_flow_liquidity,True,selector_candidate,high,xsection_rank|zscore_by_date|first_window_share|amount_vol_ratio|interaction_with_daily_liquidity,usable only after the observed minute window closes; future bars forbidden,add_named_factor_pack_templates_and_selector_attribution
minute_panel_v2,m1_pct_chg_first,minute_return_pressure,True,selector_candidate,high,gap|early_return|first_window_vs_close_diagnostic|xsection_rank,usable only after the observed minute window closes; future bars forbidden,eligible_for_factor_pack_template
minute_panel_v2,m1_first5_vol,minute_flow_liquidity,True,selector_candidate,high,xsection_rank|zscore_by_date|first_window_share|amount_vol_ratio|interaction_with_daily_liquidity,usable only after the observed minute window closes; future bars forbidden,add_named_factor_pack_templates_and_selector_attribution
minute_panel_v2,m1_first5_amount,minute_flow_liquidity,True,selector_candidate,high,xsection_rank|zscore_by_date|first_window_share|amount_vol_ratio|interaction_with_daily_liquidity,usable only after the observed minute window closes; future bars forbidden,add_named_factor_pack_templates_and_selector_attribution
minute_panel_v2,m1_first5_high,minute_range_volatility,True,selector_candidate,medium,early_range|range_to_day_range|volatility_bucket|xsection_rank,usable only after the observed minute window closes; future bars forbidden,eligible_for_factor_pack_template
minute_panel_v2,m1_first5_low,minute_range_volatility,True,selector_candidate,medium,early_range|range_to_day_range|volatility_bucket|xsection_rank,usable only after the observed minute window closes; future bars forbidden,eligible_for_factor_pack_template
minute_panel_v2,m1_first5_vwap,minute_vwap_pressure,True,selector_candidate,high,vwap_return|open_pressure|window_comparison_5_15_30|xsection_rank,usable only after the observed minute window closes; future bars forbidden,eligible_for_factor_pack_template
minute_panel_v2,m1_first15_vol,minute_flow_liquidity,True,selector_candidate,high,xsection_rank|zscore_by_date|first_window_share|amount_vol_ratio|interaction_with_daily_liquidity,usable only after the observed minute window closes; future bars forbidden,add_named_factor_pack_templates_and_selector_attribution
minute_panel_v2,m1_first15_amount,minute_flow_liquidity,True,selector_candidate,high,xsection_rank|zscore_by_date|first_window_share|amount_vol_ratio|interaction_with_daily_liquidity,usable only after the observed minute window closes; future bars forbidden,add_named_factor_pack_templates_and_selector_attribution
minute_panel_v2,m1_first15_high,minute_range_volatility,True,selector_candidate,medium,early_range|range_to_day_range|volatility_bucket|xsection_rank,usable only after the observed minute window closes; future bars forbidden,eligible_for_factor_pack_template
minute_panel_v2,m1_first15_low,minute_range_volatility,True,selector_candidate,medium,early_range|range_to_day_range|volatility_bucket|xsection_rank,usable only after the observed minute window closes; future bars forbidden,eligible_for_factor_pack_template
minute_panel_v2,m1_first15_vwap,minute_vwap_pressure,True,selector_candidate,high,vwap_return|open_pressure|window_comparison_5_15_30|xsection_rank,usable only after the observed minute window closes; future bars forbidden,eligible_for_factor_pack_template
minute_panel_v2,m1_first30_vol,minute_flow_liquidity,True,selector_candidate,high,xsection_rank|zscore_by_date|first_window_share|amount_vol_ratio|interaction_with_daily_liquidity,usable only after the observed minute window closes; future bars forbidden,add_named_factor_pack_templates_and_selector_attribution
minute_panel_v2,m1_first30_amount,minute_flow_liquidity,True,selector_candidate,high,xsection_rank|zscore_by_date|first_window_share|amount_vol_ratio|interaction_with_daily_liquidity,usable only after the observed minute window closes; future bars forbidden,add_named_factor_pack_templates_and_selector_attribution
minute_panel_v2,m1_first30_high,minute_range_volatility,True,selector_candidate,medium,early_range|range_to_day_range|volatility_bucket|xsection_rank,usable only after the observed minute window closes; future bars forbidden,eligible_for_factor_pack_template
minute_panel_v2,m1_first30_low,minute_range_volatility,True,selector_candidate,medium,early_range|range_to_day_range|volatility_bucket|xsection_rank,usable only after the observed minute window closes; future bars forbidden,eligible_for_factor_pack_template
minute_panel_v2,m1_first30_vwap,minute_vwap_pressure,True,selector_candidate,high,vwap_return|open_pressure|window_comparison_5_15_30|xsection_rank,usable only after the observed minute window closes; future bars forbidden,eligible_for_factor_pack_template
minute_panel_v2,m1_open_gap_vs_preclose,minute_return_pressure,True,selector_candidate,high,gap|early_return|first_window_vs_close_diagnostic|xsection_rank,usable only after the observed minute window closes; future bars forbidden,eligible_for_factor_pack_template
minute_panel_v2,m1_first5_vwap_return_vs_open,minute_vwap_pressure,True,selector_candidate,high,vwap_return|open_pressure|window_comparison_5_15_30|xsection_rank,usable only after the observed minute window closes; future bars forbidden,eligible_for_factor_pack_template
minute_panel_v2,m1_first5_last_return_vs_open,minute_return_pressure,True,selector_candidate,high,gap|early_return|first_window_vs_close_diagnostic|xsection_rank,usable only after the observed minute window closes; future bars forbidden,eligible_for_factor_pack_template
minute_panel_v2,m1_first5_range,minute_range_volatility,True,selector_candidate,medium,early_range|range_to_day_range|volatility_bucket|xsection_rank,usable only after the observed minute window closes; future bars forbidden,eligible_for_factor_pack_template
minute_panel_v2,m1_first15_vwap_return_vs_open,minute_vwap_pressure,True,selector_candidate,high,vwap_return|open_pressure|window_comparison_5_15_30|xsection_rank,usable only after the observed minute window closes; future bars forbidden,eligible_for_factor_pack_template
minute_panel_v2,m1_first15_last_return_vs_open,minute_return_pressure,True,selector_candidate,high,gap|early_return|first_window_vs_close_diagnostic|xsection_rank,usable only after the observed minute window closes; future bars forbidden,eligible_for_factor_pack_template
minute_panel_v2,m1_first15_range,minute_range_volatility,True,selector_candidate,medium,early_range|range_to_day_range|volatility_bucket|xsection_rank,usable only after the observed minute window closes; future bars forbidden,eligible_for_factor_pack_template
minute_panel_v2,m1_first30_vwap_return_vs_open,minute_vwap_pressure,True,selector_candidate,high,vwap_return|open_pressure|window_comparison_5_15_30|xsection_rank,usable only after the observed minute window closes; future bars forbidden,eligible_for_factor_pack_template
minute_panel_v2,m1_first30_last_return_vs_open,minute_return_pressure,True,selector_candidate,high,gap|early_return|first_window_vs_close_diagnostic|xsection_rank,usable only after the observed minute window closes; future bars forbidden,eligible_for_factor_pack_template
minute_panel_v2,m1_first30_range,minute_range_volatility,True,selector_candidate,medium,early_range|range_to_day_range|volatility_bucket|xsection_rank,usable only after the observed minute window closes; future bars forbidden,eligible_for_factor_pack_template
nonminute_pit_context_panel_v1,ctx_rzrq_rzye,rzrq_flow_leverage,True,selector_candidate,high,lagged_level|delta_3_5_10|net_flow_ratio|zscore_20|rank_xsection|liquidity_interaction,lagged or timestamp-safe use only,add_named_factor_pack_templates_and_selector_attribution
nonminute_pit_context_panel_v1,ctx_rzrq_rzrqye,rzrq_flow_leverage,True,selector_candidate,high,lagged_level|delta_3_5_10|net_flow_ratio|zscore_20|rank_xsection|liquidity_interaction,lagged or timestamp-safe use only,add_named_factor_pack_templates_and_selector_attribution
nonminute_pit_context_panel_v1,ctx_rzrq_rqye,rzrq_flow_leverage,True,selector_candidate,high,lagged_level|delta_3_5_10|net_flow_ratio|zscore_20|rank_xsection|liquidity_interaction,lagged or timestamp-safe use only,add_named_factor_pack_templates_and_selector_attribution
nonminute_pit_context_panel_v1,ctx_rzrq_rzmre,rzrq_flow_leverage,True,selector_candidate,high,lagged_level|delta_3_5_10|net_flow_ratio|zscore_20|rank_xsection|liquidity_interaction,lagged or timestamp-safe use only,add_named_factor_pack_templates_and_selector_attribution
nonminute_pit_context_panel_v1,ctx_rzrq_rzche,rzrq_flow_leverage,True,selector_candidate,high,lagged_level|delta_3_5_10|net_flow_ratio|zscore_20|rank_xsection|liquidity_interaction,lagged or timestamp-safe use only,add_named_factor_pack_templates_and_selector_attribution
nonminute_pit_context_panel_v1,ctx_rzrq_rzjme,rzrq_flow_leverage,True,selector_candidate,high,lagged_level|delta_3_5_10|net_flow_ratio|zscore_20|rank_xsection|liquidity_interaction,lagged or timestamp-safe use only,add_named_factor_pack_templates_and_selector_attribution
nonminute_pit_context_panel_v1,ctx_rzrq_rqmcl,rzrq_flow_leverage,True,selector_candidate,high,lagged_level|delta_3_5_10|net_flow_ratio|zscore_20|rank_xsection|liquidity_interaction,lagged or timestamp-safe use only,add_named_factor_pack_templates_and_selector_attribution
nonminute_pit_context_panel_v1,ctx_rzrq_rqchl,rzrq_flow_leverage,True,selector_candidate,high,lagged_level|delta_3_5_10|net_flow_ratio|zscore_20|rank_xsection|liquidity_interaction,lagged or timestamp-safe use only,add_named_factor_pack_templates_and_selector_attribution
nonminute_pit_context_panel_v1,ctx_rzrq_rqjmg,rzrq_flow_leverage,True,selector_candidate,high,lagged_level|delta_3_5_10|net_flow_ratio|zscore_20|rank_xsection|liquidity_interaction,lagged or timestamp-safe use only,add_named_factor_pack_templates_and_selector_attribution
nonminute_pit_context_panel_v1,ctx_rzrq_rzyezb,rzrq_flow_leverage,True,selector_candidate,high,lagged_level|delta_3_5_10|net_flow_ratio|zscore_20|rank_xsection|liquidity_interaction,lagged or timestamp-safe use only,add_named_factor_pack_templates_and_selector_attribution
nonminute_pit_context_panel_v1,ctx_rzrq_rzmre3d,rzrq_flow_leverage,True,selector_candidate,high,lagged_level|delta_3_5_10|net_flow_ratio|zscore_20|rank_xsection|liquidity_interaction,lagged or timestamp-safe use only,add_named_factor_pack_templates_and_selector_attribution
nonminute_pit_context_panel_v1,ctx_rzrq_rzmre5d,rzrq_flow_leverage,True,selector_candidate,high,lagged_level|delta_3_5_10|net_flow_ratio|zscore_20|rank_xsection|liquidity_interaction,lagged or timestamp-safe use only,add_named_factor_pack_templates_and_selector_attribution
nonminute_pit_context_panel_v1,ctx_rzrq_rzmre10d,rzrq_flow_leverage,True,selector_candidate,high,lagged_level|delta_3_5_10|net_flow_ratio|zscore_20|rank_xsection|liquidity_interaction,lagged or timestamp-safe use only,add_named_factor_pack_templates_and_selector_attribution
nonminute_pit_context_panel_v1,ctx_rzrq_rzche3d,rzrq_flow_leverage,True,selector_candidate,high,lagged_level|delta_3_5_10|net_flow_ratio|zscore_20|rank_xsection|liquidity_interaction,lagged or timestamp-safe use only,add_named_factor_pack_templates_and_selector_attribution
nonminute_pit_context_panel_v1,ctx_rzrq_rzche5d,rzrq_flow_leverage,True,selector_candidate,high,lagged_level|delta_3_5_10|net_flow_ratio|zscore_20|rank_xsection|liquidity_interaction,lagged or timestamp-safe use only,add_named_factor_pack_templates_and_selector_attribution
nonminute_pit_context_panel_v1,ctx_rzrq_rzche10d,rzrq_flow_leverage,True,selector_candidate,high,lagged_level|delta_3_5_10|net_flow_ratio|zscore_20|rank_xsection|liquidity_interaction,lagged or timestamp-safe use only,add_named_factor_pack_templates_and_selector_attribution
nonminute_pit_context_panel_v1,ctx_rzrq_rzjme3d,rzrq_flow_leverage,True,selector_candidate,high,lagged_level|delta_3_5_10|net_flow_ratio|zscore_20|rank_xsection|liquidity_interaction,lagged or timestamp-safe use only,add_named_factor_pack_templates_and_selector_attribution
nonminute_pit_context_panel_v1,ctx_rzrq_rzjme5d,rzrq_flow_leverage,True,selector_candidate,high,lagged_level|delta_3_5_10|net_flow_ratio|zscore_20|rank_xsection|liquidity_interaction,lagged or timestamp-safe use only,add_named_factor_pack_templates_and_selector_attribution
nonminute_pit_context_panel_v1,ctx_rzrq_rzjme10d,rzrq_flow_leverage,True,selector_candidate,high,lagged_level|delta_3_5_10|net_flow_ratio|zscore_20|rank_xsection|liquidity_interaction,lagged or timestamp-safe use only,add_named_factor_pack_templates_and_selector_attribution
nonminute_pit_context_panel_v1,ctx_rzrq_rqmcl3d,rzrq_flow_leverage,True,selector_candidate,high,lagged_level|delta_3_5_10|net_flow_ratio|zscore_20|rank_xsection|liquidity_interaction,lagged or timestamp-safe use only,add_named_factor_pack_templates_and_selector_attribution
nonminute_pit_context_panel_v1,ctx_rzrq_rqmcl5d,rzrq_flow_leverage,True,selector_candidate,high,lagged_level|delta_3_5_10|net_flow_ratio|zscore_20|rank_xsection|liquidity_interaction,lagged or timestamp-safe use only,add_named_factor_pack_templates_and_selector_attribution
nonminute_pit_context_panel_v1,ctx_rzrq_rqmcl10d,rzrq_flow_leverage,True,selector_candidate,high,lagged_level|delta_3_5_10|net_flow_ratio|zscore_20|rank_xsection|liquidity_interaction,lagged or timestamp-safe use only,add_named_factor_pack_templates_and_selector_attribution
nonminute_pit_context_panel_v1,ctx_rzrq_rqchl3d,rzrq_flow_leverage,True,selector_candidate,high,lagged_level|delta_3_5_10|net_flow_ratio|zscore_20|rank_xsection|liquidity_interaction,lagged or timestamp-safe use only,add_named_factor_pack_templates_and_selector_attribution
nonminute_pit_context_panel_v1,ctx_rzrq_rqchl5d,rzrq_flow_leverage,True,selector_candidate,high,lagged_level|delta_3_5_10|net_flow_ratio|zscore_20|rank_xsection|liquidity_interaction,lagged or timestamp-safe use only,add_named_factor_pack_templates_and_selector_attribution
nonminute_pit_context_panel_v1,ctx_rzrq_rqchl10d,rzrq_flow_leverage,True,selector_candidate,high,lagged_level|delta_3_5_10|net_flow_ratio|zscore_20|rank_xsection|liquidity_interaction,lagged or timestamp-safe use only,add_named_factor_pack_templates_and_selector_attribution
nonminute_pit_context_panel_v1,ctx_rzrq_rqjmg3d,rzrq_flow_leverage,True,selector_candidate,high,lagged_level|delta_3_5_10|net_flow_ratio|zscore_20|rank_xsection|liquidity_interaction,lagged or timestamp-safe use only,add_named_factor_pack_templates_and_selector_attribution
nonminute_pit_context_panel_v1,ctx_rzrq_rqjmg5d,rzrq_flow_leverage,True,selector_candidate,high,lagged_level|delta_3_5_10|net_flow_ratio|zscore_20|rank_xsection|liquidity_interaction,lagged or timestamp-safe use only,add_named_factor_pack_templates_and_selector_attribution
nonminute_pit_context_panel_v1,ctx_rzrq_rqjmg10d,rzrq_flow_leverage,True,selector_candidate,high,lagged_level|delta_3_5_10|net_flow_ratio|zscore_20|rank_xsection|liquidity_interaction,lagged or timestamp-safe use only,add_named_factor_pack_templates_and_selector_attribution
nonminute_pit_context_panel_v1,ctx_rzrq_fin_balance_gr,rzrq_flow_leverage,True,selector_candidate,high,lagged_level|delta_3_5_10|net_flow_ratio|zscore_20|rank_xsection|liquidity_interaction,lagged or timestamp-safe use only,add_named_factor_pack_templates_and_selector_attribution
nonminute_pit_context_panel_v1,ctx_rzrq_spj,rzrq_flow_leverage,True,selector_candidate,high,lagged_level|delta_3_5_10|net_flow_ratio|zscore_20|rank_xsection|liquidity_interaction,lagged or timestamp-safe use only,add_named_factor_pack_templates_and_selector_attribution
nonminute_pit_context_panel_v1,ctx_rzrq_zdf,rzrq_flow_leverage,True,selector_candidate,high,lagged_level|delta_3_5_10|net_flow_ratio|zscore_20|rank_xsection|liquidity_interaction,lagged or timestamp-safe use only,add_named_factor_pack_templates_and_selector_attribution
nonminute_pit_context_panel_v1,ctx_fund_bs_total_assets,fundamental_balance_risk,True,selector_candidate,medium,notice_lagged_latest|quarter_delta|ttm_proxy|ratio|rank_xsection|winsorize,available_date plus conservative next-trading-day lag,eligible_for_factor_pack_template
nonminute_pit_context_panel_v1,ctx_fund_bs_total_liabilities,fundamental_balance_risk,True,selector_candidate,medium,notice_lagged_latest|quarter_delta|ttm_proxy|ratio|rank_xsection|winsorize,available_date plus conservative next-trading-day lag,eligible_for_factor_pack_template
nonminute_pit_context_panel_v1,ctx_fund_bs_total_equity,fundamental_balance_risk,True,selector_candidate,medium,notice_lagged_latest|quarter_delta|ttm_proxy|ratio|rank_xsection|winsorize,available_date plus conservative next-trading-day lag,eligible_for_factor_pack_template
nonminute_pit_context_panel_v1,ctx_fund_bs_total_current_assets,fundamental_balance_risk,True,selector_candidate,medium,notice_lagged_latest|quarter_delta|ttm_proxy|ratio|rank_xsection|winsorize,available_date plus conservative next-trading-day lag,eligible_for_factor_pack_template
nonminute_pit_context_panel_v1,ctx_fund_bs_total_current_liab,fundamental_balance_risk,True,selector_candidate,medium,notice_lagged_latest|quarter_delta|ttm_proxy|ratio|rank_xsection|winsorize,available_date plus conservative next-trading-day lag,eligible_for_factor_pack_template
nonminute_pit_context_panel_v1,ctx_fund_bs_total_noncurrent_assets,fundamental_balance_risk,True,selector_candidate,medium,notice_lagged_latest|quarter_delta|ttm_proxy|ratio|rank_xsection|winsorize,available_date plus conservative next-trading-day lag,eligible_for_factor_pack_template
nonminute_pit_context_panel_v1,ctx_fund_bs_total_noncurrent_liab,fundamental_balance_risk,True,selector_candidate,medium,notice_lagged_latest|quarter_delta|ttm_proxy|ratio|rank_xsection|winsorize,available_date plus conservative next-trading-day lag,eligible_for_factor_pack_template
nonminute_pit_context_panel_v1,ctx_fund_bs_monetaryfunds,fundamental_balance_risk,True,selector_candidate,medium,notice_lagged_latest|quarter_delta|ttm_proxy|ratio|rank_xsection|winsorize,available_date plus conservative next-trading-day lag,eligible_for_factor_pack_template
nonminute_pit_context_panel_v1,ctx_fund_bs_inventory,fundamental_balance_risk,True,selector_candidate,medium,notice_lagged_latest|quarter_delta|ttm_proxy|ratio|rank_xsection|winsorize,available_date plus conservative next-trading-day lag,eligible_for_factor_pack_template
nonminute_pit_context_panel_v1,ctx_fund_bs_goodwill,fundamental_balance_risk,True,selector_candidate,medium,notice_lagged_latest|quarter_delta|ttm_proxy|ratio|rank_xsection|winsorize,available_date plus conservative next-trading-day lag,eligible_for_factor_pack_template
nonminute_pit_context_panel_v1,ctx_fund_bs_fixed_asset,fundamental_balance_risk,True,selector_candidate,medium,notice_lagged_latest|quarter_delta|ttm_proxy|ratio|rank_xsection|winsorize,available_date plus conservative next-trading-day lag,eligible_for_factor_pack_template
nonminute_pit_context_panel_v1,ctx_fund_bs_intangible_asset,fundamental_balance_risk,True,selector_candidate,medium,notice_lagged_latest|quarter_delta|ttm_proxy|ratio|rank_xsection|winsorize,available_date plus conservative next-trading-day lag,eligible_for_factor_pack_template
nonminute_pit_context_panel_v1,ctx_fund_bs_accounts_rece,fundamental_balance_risk,True,selector_candidate,medium,notice_lagged_latest|quarter_delta|ttm_proxy|ratio|rank_xsection|winsorize,available_date plus conservative next-trading-day lag,eligible_for_factor_pack_template
nonminute_pit_context_panel_v1,ctx_fund_bs_accounts_payable,fundamental_balance_risk,True,selector_candidate,medium,notice_lagged_latest|quarter_delta|ttm_proxy|ratio|rank_xsection|winsorize,available_date plus conservative next-trading-day lag,eligible_for_factor_pack_template
nonminute_pit_context_panel_v1,ctx_fund_bs_debt_to_assets,fundamental_balance_risk,True,selector_candidate,medium,notice_lagged_latest|quarter_delta|ttm_proxy|ratio|rank_xsection|winsorize,available_date plus conservative next-trading-day lag,eligible_for_factor_pack_template
nonminute_pit_context_panel_v1,ctx_fund_bs_cash_to_assets,fundamental_balance_risk,True,selector_candidate,medium,notice_lagged_latest|quarter_delta|ttm_proxy|ratio|rank_xsection|winsorize,available_date plus conservative next-trading-day lag,eligible_for_factor_pack_template
nonminute_pit_context_panel_v1,ctx_fund_bs_goodwill_to_assets,fundamental_balance_risk,True,selector_candidate,medium,notice_lagged_latest|quarter_delta|ttm_proxy|ratio|rank_xsection|winsorize,available_date plus conservative next-trading-day lag,eligible_for_factor_pack_template
nonminute_pit_context_panel_v1,ctx_fund_bs_inventory_to_assets,fundamental_balance_risk,True,selector_candidate,medium,notice_lagged_latest|quarter_delta|ttm_proxy|ratio|rank_xsection|winsorize,available_date plus conservative next-trading-day lag,eligible_for_factor_pack_template
nonminute_pit_context_panel_v1,ctx_fund_ps_total_operate_income,fundamental_income_quality,True,selector_candidate,medium,notice_lagged_latest|quarter_delta|ttm_proxy|ratio|rank_xsection|winsorize,available_date plus conservative next-trading-day lag,eligible_for_factor_pack_template
nonminute_pit_context_panel_v1,ctx_fund_ps_operate_income,fundamental_income_quality,True,selector_candidate,medium,notice_lagged_latest|quarter_delta|ttm_proxy|ratio|rank_xsection|winsorize,available_date plus conservative next-trading-day lag,eligible_for_factor_pack_template
nonminute_pit_context_panel_v1,ctx_fund_ps_total_operate_cost,fundamental_income_quality,True,selector_candidate,medium,notice_lagged_latest|quarter_delta|ttm_proxy|ratio|rank_xsection|winsorize,available_date plus conservative next-trading-day lag,eligible_for_factor_pack_template
nonminute_pit_context_panel_v1,ctx_fund_ps_operate_cost,fundamental_income_quality,True,selector_candidate,medium,notice_lagged_latest|quarter_delta|ttm_proxy|ratio|rank_xsection|winsorize,available_date plus conservative next-trading-day lag,eligible_for_factor_pack_template
nonminute_pit_context_panel_v1,ctx_fund_ps_research_expense,fundamental_income_quality,True,selector_candidate,medium,notice_lagged_latest|quarter_delta|ttm_proxy|ratio|rank_xsection|winsorize,available_date plus conservative next-trading-day lag,eligible_for_factor_pack_template
nonminute_pit_context_panel_v1,ctx_fund_ps_sale_expense,fundamental_income_quality,True,selector_candidate,medium,notice_lagged_latest|quarter_delta|ttm_proxy|ratio|rank_xsection|winsorize,available_date plus conservative next-trading-day lag,eligible_for_factor_pack_template
nonminute_pit_context_panel_v1,ctx_fund_ps_manage_expense,fundamental_income_quality,True,selector_candidate,medium,notice_lagged_latest|quarter_delta|ttm_proxy|ratio|rank_xsection|winsorize,available_date plus conservative next-trading-day lag,eligible_for_factor_pack_template
nonminute_pit_context_panel_v1,ctx_fund_ps_finance_expense,fundamental_income_quality,True,selector_candidate,medium,notice_lagged_latest|quarter_delta|ttm_proxy|ratio|rank_xsection|winsorize,available_date plus conservative next-trading-day lag,eligible_for_factor_pack_template
nonminute_pit_context_panel_v1,ctx_fund_ps_operate_profit,fundamental_income_quality,True,selector_candidate,medium,notice_lagged_latest|quarter_delta|ttm_proxy|ratio|rank_xsection|winsorize,available_date plus conservative next-trading-day lag,eligible_for_factor_pack_template
nonminute_pit_context_panel_v1,ctx_fund_ps_total_profit,fundamental_income_quality,True,selector_candidate,medium,notice_lagged_latest|quarter_delta|ttm_proxy|ratio|rank_xsection|winsorize,available_date plus conservative next-trading-day lag,eligible_for_factor_pack_template
nonminute_pit_context_panel_v1,ctx_fund_ps_netprofit,fundamental_income_quality,True,selector_candidate,medium,notice_lagged_latest|quarter_delta|ttm_proxy|ratio|rank_xsection|winsorize,available_date plus conservative next-trading-day lag,eligible_for_factor_pack_template
nonminute_pit_context_panel_v1,ctx_fund_ps_parent_netprofit,fundamental_income_quality,True,selector_candidate,medium,notice_lagged_latest|quarter_delta|ttm_proxy|ratio|rank_xsection|winsorize,available_date plus conservative next-trading-day lag,eligible_for_factor_pack_template
nonminute_pit_context_panel_v1,ctx_fund_ps_deduct_parent_netprofit,fundamental_income_quality,True,selector_candidate,medium,notice_lagged_latest|quarter_delta|ttm_proxy|ratio|rank_xsection|winsorize,available_date plus conservative next-trading-day lag,eligible_for_factor_pack_template
nonminute_pit_context_panel_v1,ctx_fund_ps_basic_eps,fundamental_income_quality,True,selector_candidate,medium,notice_lagged_latest|quarter_delta|ttm_proxy|ratio|rank_xsection|winsorize,available_date plus conservative next-trading-day lag,eligible_for_factor_pack_template
nonminute_pit_context_panel_v1,ctx_fund_ps_netprofit_margin,fundamental_income_quality,True,selector_candidate,medium,notice_lagged_latest|quarter_delta|ttm_proxy|ratio|rank_xsection|winsorize,available_date plus conservative next-trading-day lag,eligible_for_factor_pack_template
nonminute_pit_context_panel_v1,ctx_fund_ps_operate_profit_margin,fundamental_income_quality,True,selector_candidate,medium,notice_lagged_latest|quarter_delta|ttm_proxy|ratio|rank_xsection|winsorize,available_date plus conservative next-trading-day lag,eligible_for_factor_pack_template
nonminute_pit_context_panel_v1,ctx_fund_ps_research_to_income,fundamental_income_quality,True,selector_candidate,medium,notice_lagged_latest|quarter_delta|ttm_proxy|ratio|rank_xsection|winsorize,available_date plus conservative next-trading-day lag,eligible_for_factor_pack_template
nonminute_pit_context_panel_v1,ctx_fund_cf_total_operate_inflow,fundamental_cashflow_quality,True,selector_candidate,medium,notice_lagged_latest|quarter_delta|ttm_proxy|ratio|rank_xsection|winsorize,available_date plus conservative next-trading-day lag,eligible_for_factor_pack_template
nonminute_pit_context_panel_v1,ctx_fund_cf_total_operate_outflow,fundamental_cashflow_quality,True,selector_candidate,medium,notice_lagged_latest|quarter_delta|ttm_proxy|ratio|rank_xsection|winsorize,available_date plus conservative next-trading-day lag,eligible_for_factor_pack_template
nonminute_pit_context_panel_v1,ctx_fund_cf_netcash_operate,fundamental_cashflow_quality,True,selector_candidate,medium,notice_lagged_latest|quarter_delta|ttm_proxy|ratio|rank_xsection|winsorize,available_date plus conservative next-trading-day lag,eligible_for_factor_pack_template
nonminute_pit_context_panel_v1,ctx_fund_cf_netcash_invest,fundamental_cashflow_quality,True,selector_candidate,medium,notice_lagged_latest|quarter_delta|ttm_proxy|ratio|rank_xsection|winsorize,available_date plus conservative next-trading-day lag,eligible_for_factor_pack_template
nonminute_pit_context_panel_v1,ctx_fund_cf_netcash_finance,fundamental_cashflow_quality,True,selector_candidate,medium,notice_lagged_latest|quarter_delta|ttm_proxy|ratio|rank_xsection|winsorize,available_date plus conservative next-trading-day lag,eligible_for_factor_pack_template
nonminute_pit_context_panel_v1,ctx_fund_cf_end_cce,fundamental_cashflow_quality,True,selector_candidate,medium,notice_lagged_latest|quarter_delta|ttm_proxy|ratio|rank_xsection|winsorize,available_date plus conservative next-trading-day lag,eligible_for_factor_pack_template
nonminute_pit_context_panel_v1,ctx_fund_cf_netprofit,fundamental_cashflow_quality,True,selector_candidate,medium,notice_lagged_latest|quarter_delta|ttm_proxy|ratio|rank_xsection|winsorize,available_date plus conservative next-trading-day lag,eligible_for_factor_pack_template
nonminute_pit_context_panel_v1,ctx_fund_cf_operate_cash_to_netprofit,fundamental_cashflow_quality,True,selector_candidate,medium,notice_lagged_latest|quarter_delta|ttm_proxy|ratio|rank_xsection|winsorize,available_date plus conservative next-trading-day lag,eligible_for_factor_pack_template
nonminute_pit_context_panel_v1,ctx_holder_holder_num,holder_structure,True,selector_candidate,high,announcement_lagged_latest|holder_change|holder_ratio|retail_crowding_proxy|rank_xsection,available_date plus conservative next-trading-day lag,add_named_factor_pack_templates_and_selector_attribution
nonminute_pit_context_panel_v1,ctx_holder_pre_holder_num,holder_structure,True,selector_candidate,high,announcement_lagged_latest|holder_change|holder_ratio|retail_crowding_proxy|rank_xsection,available_date plus conservative next-trading-day lag,add_named_factor_pack_templates_and_selector_attribution
nonminute_pit_context_panel_v1,ctx_holder_holder_num_change,holder_structure,True,selector_candidate,high,announcement_lagged_latest|holder_change|holder_ratio|retail_crowding_proxy|rank_xsection,available_date plus conservative next-trading-day lag,add_named_factor_pack_templates_and_selector_attribution
nonminute_pit_context_panel_v1,ctx_holder_holder_num_ratio,holder_structure,True,selector_candidate,high,announcement_lagged_latest|holder_change|holder_ratio|retail_crowding_proxy|rank_xsection,available_date plus conservative next-trading-day lag,add_named_factor_pack_templates_and_selector_attribution
nonminute_pit_context_panel_v1,ctx_holder_interval_chrate,holder_structure,True,selector_candidate,high,announcement_lagged_latest|holder_change|holder_ratio|retail_crowding_proxy|rank_xsection,available_date plus conservative next-trading-day lag,add_named_factor_pack_templates_and_selector_attribution
nonminute_pit_context_panel_v1,ctx_holder_avg_market_cap,holder_structure,True,selector_candidate,high,announcement_lagged_latest|holder_change|holder_ratio|retail_crowding_proxy|rank_xsection,available_date plus conservative next-trading-day lag,add_named_factor_pack_templates_and_selector_attribution
nonminute_pit_context_panel_v1,ctx_holder_avg_hold_num,holder_structure,True,selector_candidate,high,announcement_lagged_latest|holder_change|holder_ratio|retail_crowding_proxy|rank_xsection,available_date plus conservative next-trading-day lag,add_named_factor_pack_templates_and_selector_attribution
nonminute_pit_context_panel_v1,ctx_holder_total_market_cap,holder_structure,True,selector_candidate,high,announcement_lagged_latest|holder_change|holder_ratio|retail_crowding_proxy|rank_xsection,available_date plus conservative next-trading-day lag,add_named_factor_pack_templates_and_selector_attribution
nonminute_pit_context_panel_v1,ctx_holder_total_a_shares,holder_structure,True,selector_candidate,high,announcement_lagged_latest|holder_change|holder_ratio|retail_crowding_proxy|rank_xsection,available_date plus conservative next-trading-day lag,add_named_factor_pack_templates_and_selector_attribution
nonminute_pit_context_panel_v1,ctx_holder_change_shares,holder_structure,True,selector_candidate,high,announcement_lagged_latest|holder_change|holder_ratio|retail_crowding_proxy|rank_xsection,available_date plus conservative next-trading-day lag,add_named_factor_pack_templates_and_selector_attribution
nonminute_pit_context_panel_v1,ctx_holder_close_price,holder_structure,True,selector_candidate,high,announcement_lagged_latest|holder_change|holder_ratio|retail_crowding_proxy|rank_xsection,available_date plus conservative next-trading-day lag,add_named_factor_pack_templates_and_selector_attribution
nonminute_pit_context_panel_v1,ctx_mkt_updown_zt,market_breadth_regime,True,regime_context_not_standalone_alpha,high,regime_gate|market_context|interaction_only|do_not_use_same_day_intraday,lagged daily market context; same-day intraday use forbidden,use_as_gate_or_interaction; do not rank standalone without placebo
nonminute_pit_context_panel_v1,ctx_mkt_updown_dt,market_breadth_regime,True,regime_context_not_standalone_alpha,high,regime_gate|market_context|interaction_only|do_not_use_same_day_intraday,lagged daily market context; same-day intraday use forbidden,use_as_gate_or_interaction; do not rank standalone without placebo
nonminute_pit_context_panel_v1,ctx_mkt_updown_sjzt,market_breadth_regime,True,regime_context_not_standalone_alpha,high,regime_gate|market_context|interaction_only|do_not_use_same_day_intraday,lagged daily market context; same-day intraday use forbidden,use_as_gate_or_interaction; do not rank standalone without placebo
nonminute_pit_context_panel_v1,ctx_mkt_updown_sjdt,market_breadth_regime,True,regime_context_not_standalone_alpha,high,regime_gate|market_context|interaction_only|do_not_use_same_day_intraday,lagged daily market context; same-day intraday use forbidden,use_as_gate_or_interaction; do not rank standalone without placebo
nonminute_pit_context_panel_v1,ctx_mkt_updown_stzt,market_breadth_regime,True,regime_context_not_standalone_alpha,high,regime_gate|market_context|interaction_only|do_not_use_same_day_intraday,lagged daily market context; same-day intraday use forbidden,use_as_gate_or_interaction; do not rank standalone without placebo
nonminute_pit_context_panel_v1,ctx_mkt_updown_stdt,market_breadth_regime,True,regime_context_not_standalone_alpha,high,regime_gate|market_context|interaction_only|do_not_use_same_day_intraday,lagged daily market context; same-day intraday use forbidden,use_as_gate_or_interaction; do not rank standalone without placebo
nonminute_pit_context_panel_v1,ctx_mkt_updown_szjs,market_breadth_regime,True,regime_context_not_standalone_alpha,high,regime_gate|market_context|interaction_only|do_not_use_same_day_intraday,lagged daily market context; same-day intraday use forbidden,use_as_gate_or_interaction; do not rank standalone without placebo
nonminute_pit_context_panel_v1,ctx_mkt_updown_xdjs,market_breadth_regime,True,regime_context_not_standalone_alpha,high,regime_gate|market_context|interaction_only|do_not_use_same_day_intraday,lagged daily market context; same-day intraday use forbidden,use_as_gate_or_interaction; do not rank standalone without placebo
nonminute_pit_context_panel_v1,ctx_mkt_updown_q_zrcs,market_breadth_regime,True,regime_context_not_standalone_alpha,high,regime_gate|market_context|interaction_only|do_not_use_same_day_intraday,lagged daily market context; same-day intraday use forbidden,use_as_gate_or_interaction; do not rank standalone without placebo
nonminute_pit_context_panel_v1,ctx_mkt_updown_q_zrtj,market_breadth_regime,True,regime_context_not_standalone_alpha,high,regime_gate|market_context|interaction_only|do_not_use_same_day_intraday,lagged daily market context; same-day intraday use forbidden,use_as_gate_or_interaction; do not rank standalone without placebo
nonminute_pit_context_panel_v1,ctx_mkt_updown_qscln,market_breadth_regime,True,regime_context_not_standalone_alpha,high,regime_gate|market_context|interaction_only|do_not_use_same_day_intraday,lagged daily market context; same-day intraday use forbidden,use_as_gate_or_interaction; do not rank standalone without placebo
nonminute_pit_context_panel_v1,ctx_mkt_updown_s_zrcs,market_breadth_regime,True,regime_context_not_standalone_alpha,high,regime_gate|market_context|interaction_only|do_not_use_same_day_intraday,lagged daily market context; same-day intraday use forbidden,use_as_gate_or_interaction; do not rank standalone without placebo
nonminute_pit_context_panel_v1,ctx_mkt_updown_s_zrtj,market_breadth_regime,True,regime_context_not_standalone_alpha,high,regime_gate|market_context|interaction_only|do_not_use_same_day_intraday,lagged daily market context; same-day intraday use forbidden,use_as_gate_or_interaction; do not rank standalone without placebo
nonminute_pit_context_panel_v1,ctx_mkt_updown_szln,market_breadth_regime,True,regime_context_not_standalone_alpha,high,regime_gate|market_context|interaction_only|do_not_use_same_day_intraday,lagged daily market context; same-day intraday use forbidden,use_as_gate_or_interaction; do not rank standalone without placebo
nonminute_pit_context_panel_v1,ctx_mkt_updown_zt_dt_ratio,market_breadth_regime,True,regime_context_not_standalone_alpha,high,regime_gate|market_context|interaction_only|do_not_use_same_day_intraday,lagged daily market context; same-day intraday use forbidden,use_as_gate_or_interaction; do not rank standalone without placebo
