backend,rank_input_order,candidate_id,source_horizon_min,source_mean_ic_abs_mean,signal_nonnull,signal_unique,expression,horizon_min,ic_mean,ic_abs_mean,ic_std,ic_t,ic_count,spread_mean,spread_abs_mean,spread_t,spread_count,spread_hit_rate
numba_hybrid,1,phase3ba_focused_minute_expansion_00269,30,0.1712189612649549,944337,213,"CSRank(Add(ZScore(CSRank(Add(ZScore(Neg(CSRank(ZScore(Mean(Abs(Delta($vwap,1)),21))))),ZScore(Neg(CSRank(Div(Mean($amount,120),Add(Abs(Mean($final_total_market_cap,120)),0.000001)))))))),ZScore(Neg(CSRank(Div(Mean($amount,120),Add(Abs(Mean($float_share,120)),0.000001)))))))",1,0.022332485200314008,0.2196235742671082,0.2710843471361592,18.98329929704003,53098,-5.734929622005087e-07,0.001133250221086059,-0.08168649103595232,53118,0.5135923792311458
numba_hybrid,1,phase3ba_focused_minute_expansion_00269,30,0.1712189612649549,944337,213,"CSRank(Add(ZScore(CSRank(Add(ZScore(Neg(CSRank(ZScore(Mean(Abs(Delta($vwap,1)),21))))),ZScore(Neg(CSRank(Div(Mean($amount,120),Add(Abs(Mean($final_total_market_cap,120)),0.000001)))))))),ZScore(Neg(CSRank(Div(Mean($amount,120),Add(Abs(Mean($float_share,120)),0.000001)))))))",5,0.03834379489505271,0.24133005246226105,0.2944267033317654,30.014180471951864,53115,4.877684250783777e-05,0.0023870771533984047,3.0899367001944626,53115,0.5279864445072013
numba_hybrid,1,phase3ba_focused_minute_expansion_00269,30,0.1712189612649549,944337,213,"CSRank(Add(ZScore(CSRank(Add(ZScore(Neg(CSRank(ZScore(Mean(Abs(Delta($vwap,1)),21))))),ZScore(Neg(CSRank(Div(Mean($amount,120),Add(Abs(Mean($final_total_market_cap,120)),0.000001)))))))),ZScore(Neg(CSRank(Div(Mean($amount,120),Add(Abs(Mean($float_share,120)),0.000001)))))))",15,0.05506759315209364,0.2480767648787489,0.2997379316905557,42.33719641831404,53105,0.00011891023202521394,0.004189264183334679,4.219861084678013,53105,0.5356369456736654
numba_hybrid,1,phase3ba_focused_minute_expansion_00269,30,0.1712189612649549,944337,213,"CSRank(Add(ZScore(CSRank(Add(ZScore(Neg(CSRank(ZScore(Mean(Abs(Delta($vwap,1)),21))))),ZScore(Neg(CSRank(Div(Mean($amount,120),Add(Abs(Mean($final_total_market_cap,120)),0.000001)))))))),ZScore(Neg(CSRank(Div(Mean($amount,120),Add(Abs(Mean($float_share,120)),0.000001)))))))",30,0.06356803802452266,0.2507811438692797,0.30109459419964435,48.645448498403276,53090,0.00015405435947107878,0.006245456915966185,3.6843132414367923,53090,0.5389527217931814
numba_hybrid,2,phase3ba_focused_minute_expansion_00437,30,0.1708029497950064,944337,214,"CSRank(Add(ZScore(CSRank(Add(ZScore(Neg(CSRank(ZScore(Mean(Abs(Delta($vwap,1)),21))))),ZScore(Neg(CSRank(Div(Mean($amount,90),Add(Abs(Mean($final_total_market_cap,90)),0.000001)))))))),ZScore(Neg(CSRank(Div(Mean($amount,120),Add(Abs(Mean($float_share,120)),0.000001)))))))",1,0.022462366575341692,0.21987748161533968,0.27135243342066534,19.074838580524002,53098,3.607982347977859e-07,0.0011347028189647491,0.05124946705666475,53118,0.5136300312511767
numba_hybrid,2,phase3ba_focused_minute_expansion_00437,30,0.1708029497950064,944337,214,"CSRank(Add(ZScore(CSRank(Add(ZScore(Neg(CSRank(ZScore(Mean(Abs(Delta($vwap,1)),21))))),ZScore(Neg(CSRank(Div(Mean($amount,90),Add(Abs(Mean($final_total_market_cap,90)),0.000001)))))))),ZScore(Neg(CSRank(Div(Mean($amount,120),Add(Abs(Mean($float_share,120)),0.000001)))))))",5,0.0386970954443369,0.24158777741747847,0.2946693807563543,30.265785590504446,53115,5.49112494105018e-05,0.0023922448087921903,3.4734069863335857,53115,0.5287395274404594
numba_hybrid,2,phase3ba_focused_minute_expansion_00437,30,0.1708029497950064,944337,214,"CSRank(Add(ZScore(CSRank(Add(ZScore(Neg(CSRank(ZScore(Mean(Abs(Delta($vwap,1)),21))))),ZScore(Neg(CSRank(Div(Mean($amount,90),Add(Abs(Mean($final_total_market_cap,90)),0.000001)))))))),ZScore(Neg(CSRank(Div(Mean($amount,120),Add(Abs(Mean($float_share,120)),0.000001)))))))",15,0.055572458719346664,0.24863043878657345,0.3000982314586165,42.67405203658693,53105,0.000144181396930051,0.004192695768884271,5.105602066640253,53105,0.5393654081536579
numba_hybrid,2,phase3ba_focused_minute_expansion_00437,30,0.1708029497950064,944337,214,"CSRank(Add(ZScore(CSRank(Add(ZScore(Neg(CSRank(ZScore(Mean(Abs(Delta($vwap,1)),21))))),ZScore(Neg(CSRank(Div(Mean($amount,90),Add(Abs(Mean($final_total_market_cap,90)),0.000001)))))))),ZScore(Neg(CSRank(Div(Mean($amount,120),Add(Abs(Mean($float_share,120)),0.000001)))))))",30,0.0637207473826055,0.25089407841729044,0.3012830412795291,48.731809412042395,53090,0.00020503122246183587,0.00626871299112882,4.902140034603606,53090,0.541269542286683
numba_hybrid,3,phase3ba_focused_minute_expansion_00440,30,0.17071036672202375,944877,213,"CSRank(Add(ZScore(CSRank(Add(ZScore(Neg(CSRank(ZScore(Mean(Abs(Delta($vwap,1)),21))))),ZScore(Neg(CSRank(Div(Mean($amount,90),Add(Abs(Mean($final_total_market_cap,90)),0.000001)))))))),ZScore(Neg(CSRank(Div(Mean($amount,90),Add(Abs(Mean($float_share,90)),0.000001)))))))",1,0.02267484199005254,0.22003824893249677,0.27144193138034317,19.25435905200531,53128,1.2898330041100546e-06,0.0011381098390909783,0.18249821652725043,53148,0.5144878452622864
numba_hybrid,3,phase3ba_focused_minute_expansion_00440,30,0.17071036672202375,944877,213,"CSRank(Add(ZScore(CSRank(Add(ZScore(Neg(CSRank(ZScore(Mean(Abs(Delta($vwap,1)),21))))),ZScore(Neg(CSRank(Div(Mean($amount,90),Add(Abs(Mean($final_total_market_cap,90)),0.000001)))))))),ZScore(Neg(CSRank(Div(Mean($amount,90),Add(Abs(Mean($float_share,90)),0.000001)))))))",5,0.03894564316509706,0.24162319480785374,0.2946538559612488,30.47038609222367,53145,6.33968453993164e-05,0.0023967876514382515,3.9999954571686667,53145,0.5314140558848434
numba_hybrid,3,phase3ba_focused_minute_expansion_00440,30,0.17071036672202375,944877,213,"CSRank(Add(ZScore(CSRank(Add(ZScore(Neg(CSRank(ZScore(Mean(Abs(Delta($vwap,1)),21))))),ZScore(Neg(CSRank(Div(Mean($amount,90),Add(Abs(Mean($final_total_market_cap,90)),0.000001)))))))),ZScore(Neg(CSRank(Div(Mean($amount,90),Add(Abs(Mean($float_share,90)),0.000001)))))))",15,0.05586728369217613,0.24820391587240295,0.29949178266363535,42.99945862516345,53135,0.0001555904332617595,0.0041851452570702795,5.533973981979179,53135,0.5415827608920674
numba_hybrid,3,phase3ba_focused_minute_expansion_00440,30,0.17071036672202375,944877,213,"CSRank(Add(ZScore(CSRank(Add(ZScore(Neg(CSRank(ZScore(Mean(Abs(Delta($vwap,1)),21))))),ZScore(Neg(CSRank(Div(Mean($amount,90),Add(Abs(Mean($final_total_market_cap,90)),0.000001)))))))),ZScore(Neg(CSRank(Div(Mean($amount,90),Add(Abs(Mean($float_share,90)),0.000001)))))))",30,0.06415824362279333,0.25052516477851133,0.3007652848213741,49.16474513707103,53120,0.00022090895800178743,0.006237661802803337,5.31389430707393,53120,0.5432981927710844
numba_hybrid,4,phase3ba_focused_minute_expansion_00272,30,0.1706284304419821,944337,212,"CSRank(Add(ZScore(CSRank(Add(ZScore(Neg(CSRank(ZScore(Mean(Abs(Delta($vwap,1)),21))))),ZScore(Neg(CSRank(Div(Mean($amount,120),Add(Abs(Mean($final_total_market_cap,120)),0.000001)))))))),ZScore(Neg(CSRank(Div(Mean($amount,90),Add(Abs(Mean($float_share,90)),0.000001)))))))",1,0.02236878380694121,0.2200695032545325,0.27141450076860113,18.991025059259208,53098,1.596073112088878e-06,0.0011343523236490459,0.22729361922315966,53118,0.5133664671109605
numba_hybrid,4,phase3ba_focused_minute_expansion_00272,30,0.1706284304419821,944337,212,"CSRank(Add(ZScore(CSRank(Add(ZScore(Neg(CSRank(ZScore(Mean(Abs(Delta($vwap,1)),21))))),ZScore(Neg(CSRank(Div(Mean($amount,120),Add(Abs(Mean($final_total_market_cap,120)),0.000001)))))))),ZScore(Neg(CSRank(Div(Mean($amount,90),Add(Abs(Mean($float_share,90)),0.000001)))))))",5,0.038712060365884,0.2416569517777071,0.29468898982513686,30.27547524829543,53115,5.7699614011182574e-05,0.002388335261155183,3.649803785301058,53115,0.5296997081803634
numba_hybrid,4,phase3ba_focused_minute_expansion_00272,30,0.1706284304419821,944337,212,"CSRank(Add(ZScore(CSRank(Add(ZScore(Neg(CSRank(ZScore(Mean(Abs(Delta($vwap,1)),21))))),ZScore(Neg(CSRank(Div(Mean($amount,120),Add(Abs(Mean($final_total_market_cap,120)),0.000001)))))))),ZScore(Neg(CSRank(Div(Mean($amount,90),Add(Abs(Mean($float_share,90)),0.000001)))))))",15,0.05551152560974377,0.24810537864525042,0.29952402009484136,42.70898139447328,53105,0.0001413237166650813,0.004185723557813884,5.025923359549798,53105,0.5399679879484041
numba_hybrid,4,phase3ba_focused_minute_expansion_00272,30,0.1706284304419821,944337,212,"CSRank(Add(ZScore(CSRank(Add(ZScore(Neg(CSRank(ZScore(Mean(Abs(Delta($vwap,1)),21))))),ZScore(Neg(CSRank(Div(Mean($amount,120),Add(Abs(Mean($final_total_market_cap,120)),0.000001)))))))),ZScore(Neg(CSRank(Div(Mean($amount,90),Add(Abs(Mean($float_share,90)),0.000001)))))))",30,0.06390259118236716,0.2505823576668921,0.3007947437334983,48.950213291556494,53090,0.0001770317061429918,0.006230410533858436,4.251544562117347,53090,0.5420229798455453
numba_hybrid,5,phase3ba_focused_minute_expansion_00443,30,0.16830737884083546,944877,213,"CSRank(Add(ZScore(CSRank(Add(ZScore(Neg(CSRank(ZScore(Mean(Abs(Delta($vwap,1)),21))))),ZScore(Neg(CSRank(Div(Mean($amount,90),Add(Abs(Mean($final_total_market_cap,90)),0.000001)))))))),ZScore(Neg(CSRank(Div(Mean($amount,12),Add(Abs(Mean($float_share,12)),0.000001)))))))",1,0.022652856989936108,0.22107278068449543,0.2727469402032608,19.143653708643328,53128,-1.3638566791068456e-06,0.00115607040943431,-0.18939795615882957,53148,0.5159554451719726
numba_hybrid,5,phase3ba_focused_minute_expansion_00443,30,0.16830737884083546,944877,213,"CSRank(Add(ZScore(CSRank(Add(ZScore(Neg(CSRank(ZScore(Mean(Abs(Delta($vwap,1)),21))))),ZScore(Neg(CSRank(Div(Mean($amount,90),Add(Abs(Mean($final_total_market_cap,90)),0.000001)))))))),ZScore(Neg(CSRank(Div(Mean($amount,12),Add(Abs(Mean($float_share,12)),0.000001)))))))",5,0.03945999337142741,0.24236378369108574,0.29560717749207854,30.773241063599475,53145,5.7038501428958656e-05,0.002424837671008428,3.55227084807376,53145,0.5316586696772979
numba_hybrid,5,phase3ba_focused_minute_expansion_00443,30,0.16830737884083546,944877,213,"CSRank(Add(ZScore(CSRank(Add(ZScore(Neg(CSRank(ZScore(Mean(Abs(Delta($vwap,1)),21))))),ZScore(Neg(CSRank(Div(Mean($amount,90),Add(Abs(Mean($final_total_market_cap,90)),0.000001)))))))),ZScore(Neg(CSRank(Div(Mean($amount,12),Add(Abs(Mean($float_share,12)),0.000001)))))))",15,0.05710887411915289,0.24909702402562003,0.30041178275023295,43.82046463955941,53135,0.00015565639226776127,0.004240356153582764,5.450377850108426,53135,0.5404347416956808
numba_hybrid,5,phase3ba_focused_minute_expansion_00443,30,0.16830737884083546,944877,213,"CSRank(Add(ZScore(CSRank(Add(ZScore(Neg(CSRank(ZScore(Mean(Abs(Delta($vwap,1)),21))))),ZScore(Neg(CSRank(Div(Mean($amount,90),Add(Abs(Mean($final_total_market_cap,90)),0.000001)))))))),ZScore(Neg(CSRank(Div(Mean($amount,12),Add(Abs(Mean($float_share,12)),0.000001)))))))",30,0.06471643655581281,0.25087138350802546,0.30097323239245194,49.55822654129028,53120,0.00023538115465538,0.006274938723456642,5.630325561308273,53120,0.546875
numba_hybrid,6,phase3ba_focused_minute_expansion_00663,30,0.16829403195111126,898511,203,"CSRank(Add(Add(ZScore(CSRank(Add(ZScore(Neg(CSRank(ZScore(Mean(Abs(Delta($vwap,1)),21))))),ZScore(Neg(CSRank(Div(Mean($amount,120),Add(Abs(Mean($final_total_market_cap,120)),0.000001)))))))),ZScore(Neg(CSRank(Div(Mean($amount,120),Add(Abs(Mean($float_share,120)),0.000001)))))),ZScore(Neg(CSRank(Div(Sub($m1_first30_high,$m1_first30_low),Add(Abs($open),0.000001)))))))",1,0.022082472320252865,0.21889975724835575,0.270633227250705,18.412415882546455,50920,-3.4883075329966384e-06,0.0011148318705931914,-0.4917638464382934,50940,0.5131919905771496
numba_hybrid,6,phase3ba_focused_minute_expansion_00663,30,0.16829403195111126,898511,203,"CSRank(Add(Add(ZScore(CSRank(Add(ZScore(Neg(CSRank(ZScore(Mean(Abs(Delta($vwap,1)),21))))),ZScore(Neg(CSRank(Div(Mean($amount,120),Add(Abs(Mean($final_total_market_cap,120)),0.000001)))))))),ZScore(Neg(CSRank(Div(Mean($amount,120),Add(Abs(Mean($float_share,120)),0.000001)))))),ZScore(Neg(CSRank(Div(Sub($m1_first30_high,$m1_first30_low),Add(Abs($open),0.000001)))))))",5,0.03849705145326391,0.24053833067021874,0.29431641496431593,29.520904802156288,50937,3.922832620507085e-05,0.0023744987713229648,2.4013309307909356,50937,0.5292420048294952
numba_hybrid,6,phase3ba_focused_minute_expansion_00663,30,0.16829403195111126,898511,203,"CSRank(Add(Add(ZScore(CSRank(Add(ZScore(Neg(CSRank(ZScore(Mean(Abs(Delta($vwap,1)),21))))),ZScore(Neg(CSRank(Div(Mean($amount,120),Add(Abs(Mean($final_total_market_cap,120)),0.000001)))))))),ZScore(Neg(CSRank(Div(Mean($amount,120),Add(Abs(Mean($float_share,120)),0.000001)))))),ZScore(Neg(CSRank(Div(Sub($m1_first30_high,$m1_first30_low),Add(Abs($open),0.000001)))))))",15,0.056977634494721575,0.24952448232779664,0.30117367670576006,42.693469655058415,50927,0.0001491428065114716,0.004239296537912874,5.092074509435592,50927,0.5419325701494295
numba_hybrid,6,phase3ba_focused_minute_expansion_00663,30,0.16829403195111126,898511,203,"CSRank(Add(Add(ZScore(CSRank(Add(ZScore(Neg(CSRank(ZScore(Mean(Abs(Delta($vwap,1)),21))))),ZScore(Neg(CSRank(Div(Mean($amount,120),Add(Abs(Mean($final_total_market_cap,120)),0.000001)))))))),ZScore(Neg(CSRank(Div(Mean($amount,120),Add(Abs(Mean($float_share,120)),0.000001)))))),ZScore(Neg(CSRank(Div(Sub($m1_first30_high,$m1_first30_low),Add(Abs($open),0.000001)))))))",30,0.06587856392226546,0.25141600851778184,0.3023555811088604,49.16275509734864,50912,0.0003406185159266499,0.0063287521275397236,7.8454470431626335,50912,0.5441939032055311
numba_hybrid,7,phase3ba_focused_minute_expansion_00275,30,0.16825537144140348,944337,215,"CSRank(Add(ZScore(CSRank(Add(ZScore(Neg(CSRank(ZScore(Mean(Abs(Delta($vwap,1)),21))))),ZScore(Neg(CSRank(Div(Mean($amount,120),Add(Abs(Mean($final_total_market_cap,120)),0.000001)))))))),ZScore(Neg(CSRank(Div(Mean($amount,12),Add(Abs(Mean($float_share,12)),0.000001)))))))",1,0.02238243138687118,0.22091286186653966,0.2726019058228086,18.919839838484798,53098,-2.840543451230754e-06,0.0011531714380962307,-0.39604818772629063,53118,0.5153808501826123
numba_hybrid,7,phase3ba_focused_minute_expansion_00275,30,0.16825537144140348,944337,215,"CSRank(Add(ZScore(CSRank(Add(ZScore(Neg(CSRank(ZScore(Mean(Abs(Delta($vwap,1)),21))))),ZScore(Neg(CSRank(Div(Mean($amount,120),Add(Abs(Mean($final_total_market_cap,120)),0.000001)))))))),ZScore(Neg(CSRank(Div(Mean($amount,12),Add(Abs(Mean($float_share,12)),0.000001)))))))",5,0.03923313397467772,0.2424085578530125,0.2955587037688716,30.592702330993475,53115,5.2096169118294886e-05,0.00242028132043791,3.2502086730909467,53115,0.5296055728137061
numba_hybrid,7,phase3ba_focused_minute_expansion_00275,30,0.16825537144140348,944337,215,"CSRank(Add(ZScore(CSRank(Add(ZScore(Neg(CSRank(ZScore(Mean(Abs(Delta($vwap,1)),21))))),ZScore(Neg(CSRank(Div(Mean($amount,120),Add(Abs(Mean($final_total_market_cap,120)),0.000001)))))))),ZScore(Neg(CSRank(Div(Mean($amount,12),Add(Abs(Mean($float_share,12)),0.000001)))))))",15,0.05679258476795681,0.24903115625349792,0.3004852057725981,43.55482237115547,53105,0.0001493975070268765,0.004231553694645473,5.235865105309108,53105,0.5402316166086056
numba_hybrid,7,phase3ba_focused_minute_expansion_00275,30,0.16825537144140348,944337,215,"CSRank(Add(ZScore(CSRank(Add(ZScore(Neg(CSRank(ZScore(Mean(Abs(Delta($vwap,1)),21))))),ZScore(Neg(CSRank(Div(Mean($amount,120),Add(Abs(Mean($final_total_market_cap,120)),0.000001)))))))),ZScore(Neg(CSRank(Div(Mean($amount,12),Add(Abs(Mean($float_share,12)),0.000001)))))))",30,0.06445389515496552,0.2509400516138133,0.30099890287694303,49.33903128182494,53090,0.00020647046851590646,0.00627595420107893,4.923565037759308,53090,0.5453192691655679
numba_hybrid,8,phase3ba_focused_minute_expansion_00667,30,0.16822202630776814,898511,203,"CSRank(Add(Add(ZScore(CSRank(Add(ZScore(Neg(CSRank(ZScore(Mean(Abs(Delta($vwap,1)),21))))),ZScore(Neg(CSRank(Div(Mean($amount,120),Add(Abs(Mean($final_total_market_cap,120)),0.000001)))))))),ZScore(Neg(CSRank(Div(Mean($amount,120),Add(Abs(Mean($float_share,120)),0.000001)))))),ZScore(Neg(CSRank($m1_first30_range)))))",1,0.022179640762062837,0.21900703233946714,0.27067895713626233,18.490310775979935,50920,-1.4174396240939602e-06,0.001117422397797603,-0.19943116628287869,50940,0.5138005496662741
numba_hybrid,8,phase3ba_focused_minute_expansion_00667,30,0.16822202630776814,898511,203,"CSRank(Add(Add(ZScore(CSRank(Add(ZScore(Neg(CSRank(ZScore(Mean(Abs(Delta($vwap,1)),21))))),ZScore(Neg(CSRank(Div(Mean($amount,120),Add(Abs(Mean($final_total_market_cap,120)),0.000001)))))))),ZScore(Neg(CSRank(Div(Mean($amount,120),Add(Abs(Mean($float_share,120)),0.000001)))))),ZScore(Neg(CSRank($m1_first30_range)))))",5,0.038708181281704855,0.2405076868743528,0.29425489023523704,29.689012919343543,50937,4.4523714068186105e-05,0.002376841558549231,2.723864682383128,50937,0.5297131750986512
numba_hybrid,8,phase3ba_focused_minute_expansion_00667,30,0.16822202630776814,898511,203,"CSRank(Add(Add(ZScore(CSRank(Add(ZScore(Neg(CSRank(ZScore(Mean(Abs(Delta($vwap,1)),21))))),ZScore(Neg(CSRank(Div(Mean($amount,120),Add(Abs(Mean($final_total_market_cap,120)),0.000001)))))))),ZScore(Neg(CSRank(Div(Mean($amount,120),Add(Abs(Mean($float_share,120)),0.000001)))))),ZScore(Neg(CSRank($m1_first30_range)))))",15,0.057337811222428973,0.24948303339262043,0.30105211120692044,42.98069958182925,50927,0.00014950742820457618,0.004251021988164524,5.088321845124165,50927,0.5415398511595029
numba_hybrid,8,phase3ba_focused_minute_expansion_00667,30,0.16822202630776814,898511,203,"CSRank(Add(Add(ZScore(CSRank(Add(ZScore(Neg(CSRank(ZScore(Mean(Abs(Delta($vwap,1)),21))))),ZScore(Neg(CSRank(Div(Mean($amount,120),Add(Abs(Mean($final_total_market_cap,120)),0.000001)))))))),ZScore(Neg(CSRank(Div(Mean($amount,120),Add(Abs(Mean($float_share,120)),0.000001)))))),ZScore(Neg(CSRank($m1_first30_range)))))",30,0.06627848285876041,0.25133796500229216,0.3021478351318326,49.49520766712684,50912,0.00034350193604702853,0.006356741272318496,7.86598259196631,50912,0.5439778441231929
numba_hybrid,9,phase3ba_focused_minute_expansion_00683,30,0.16775430703401223,898511,205,"CSRank(Add(Add(ZScore(CSRank(Add(ZScore(Neg(CSRank(ZScore(Mean(Abs(Delta($vwap,1)),21))))),ZScore(Neg(CSRank(Div(Mean($amount,120),Add(Abs(Mean($final_total_market_cap,120)),0.000001)))))))),ZScore(Neg(CSRank(Div(Mean($amount,90),Add(Abs(Mean($float_share,90)),0.000001)))))),ZScore(Neg(CSRank(Div(Sub($m1_first30_high,$m1_first30_low),Add(Abs($open),0.000001)))))))",1,0.02226874703613022,0.2191654225626518,0.27086721233839584,18.55169267448259,50920,-9.823225712656108e-07,0.0011167837472911496,-0.1383976035887222,50940,0.5140361209265802
numba_hybrid,9,phase3ba_focused_minute_expansion_00683,30,0.16775430703401223,898511,205,"CSRank(Add(Add(ZScore(CSRank(Add(ZScore(Neg(CSRank(ZScore(Mean(Abs(Delta($vwap,1)),21))))),ZScore(Neg(CSRank(Div(Mean($amount,120),Add(Abs(Mean($final_total_market_cap,120)),0.000001)))))))),ZScore(Neg(CSRank(Div(Mean($amount,90),Add(Abs(Mean($float_share,90)),0.000001)))))),ZScore(Neg(CSRank(Div(Sub($m1_first30_high,$m1_first30_low),Add(Abs($open),0.000001)))))))",5,0.038969319873017896,0.2408084494862366,0.2945400926754922,29.860363385215344,50937,4.5238142028839904e-05,0.002378671165862005,2.7762030921644616,50937,0.5302236095569036
numba_hybrid,9,phase3ba_focused_minute_expansion_00683,30,0.16775430703401223,898511,205,"CSRank(Add(Add(ZScore(CSRank(Add(ZScore(Neg(CSRank(ZScore(Mean(Abs(Delta($vwap,1)),21))))),ZScore(Neg(CSRank(Div(Mean($amount,120),Add(Abs(Mean($final_total_market_cap,120)),0.000001)))))))),ZScore(Neg(CSRank(Div(Mean($amount,90),Add(Abs(Mean($float_share,90)),0.000001)))))),ZScore(Neg(CSRank(Div(Sub($m1_first30_high,$m1_first30_low),Add(Abs($open),0.000001)))))))",15,0.057688845631722094,0.2495718287282023,0.30121688826971155,43.2201806476795,50927,0.00016214964290103202,0.004225771074345764,5.572642365021395,50927,0.5430125473717281
numba_hybrid,9,phase3ba_focused_minute_expansion_00683,30,0.16775430703401223,898511,205,"CSRank(Add(Add(ZScore(CSRank(Add(ZScore(Neg(CSRank(ZScore(Mean(Abs(Delta($vwap,1)),21))))),ZScore(Neg(CSRank(Div(Mean($amount,120),Add(Abs(Mean($final_total_market_cap,120)),0.000001)))))))),ZScore(Neg(CSRank(Div(Mean($amount,90),Add(Abs(Mean($float_share,90)),0.000001)))))),ZScore(Neg(CSRank(Div(Sub($m1_first30_high,$m1_first30_low),Add(Abs($open),0.000001)))))))",30,0.06678681455967521,0.25125359855427887,0.3020311750841631,49.89408202316417,50912,0.00035477934227769566,0.006320309203318504,8.190519626201082,50912,0.5446456631049654
numba_hybrid,10,phase3ba_focused_minute_expansion_00278,30,0.16774104945674997,944337,214,"CSRank(Add(ZScore(CSRank(Add(ZScore(Neg(CSRank(ZScore(Mean(Abs(Delta($vwap,1)),21))))),ZScore(Neg(CSRank(Div(Mean($amount,120),Add(Abs(Mean($final_total_market_cap,120)),0.000001)))))))),ZScore(Neg(CSRank(Div(Std($amount,120),Add(Abs(Mean($float_share,120)),0.000001)))))))",1,0.022204396018348227,0.21861260884526304,0.2697224589428076,18.969720660585168,53098,6.051994948315472e-07,0.0011333122808197663,0.08594306666832335,53118,0.5131029029707443
numba_hybrid,10,phase3ba_focused_minute_expansion_00278,30,0.16774104945674997,944337,214,"CSRank(Add(ZScore(CSRank(Add(ZScore(Neg(CSRank(ZScore(Mean(Abs(Delta($vwap,1)),21))))),ZScore(Neg(CSRank(Div(Mean($amount,120),Add(Abs(Mean($final_total_market_cap,120)),0.000001)))))))),ZScore(Neg(CSRank(Div(Std($amount,120),Add(Abs(Mean($float_share,120)),0.000001)))))))",5,0.038388996875650075,0.2395518942312996,0.29216173271127477,30.282520878365197,53115,6.327372446863993e-05,0.0023852524477589497,4.013861580401266,53115,0.5297561894003577
numba_hybrid,10,phase3ba_focused_minute_expansion_00278,30,0.16774104945674997,944337,214,"CSRank(Add(ZScore(CSRank(Add(ZScore(Neg(CSRank(ZScore(Mean(Abs(Delta($vwap,1)),21))))),ZScore(Neg(CSRank(Div(Mean($amount,120),Add(Abs(Mean($final_total_market_cap,120)),0.000001)))))))),ZScore(Neg(CSRank(Div(Std($amount,120),Add(Abs(Mean($float_share,120)),0.000001)))))))",15,0.05496086891784834,0.2460953819422766,0.2972912306641367,42.60290345575953,53105,0.00014204143510893565,0.004198634732152949,5.053851200572838,53105,0.5386498446473966
numba_hybrid,10,phase3ba_focused_minute_expansion_00278,30,0.16774104945674997,944337,214,"CSRank(Add(ZScore(CSRank(Add(ZScore(Neg(CSRank(ZScore(Mean(Abs(Delta($vwap,1)),21))))),ZScore(Neg(CSRank(Div(Mean($amount,120),Add(Abs(Mean($final_total_market_cap,120)),0.000001)))))))),ZScore(Neg(CSRank(Div(Std($amount,120),Add(Abs(Mean($float_share,120)),0.000001)))))))",30,0.06265166549747543,0.24876215910037394,0.2988698694926188,48.301080855464534,53090,0.00018801084602801241,0.006236392884266126,4.531762342889825,53090,0.5408174797513656
numba_hybrid,11,phase3ba_focused_minute_expansion_00687,30,0.16767309716035594,898511,203,"CSRank(Add(Add(ZScore(CSRank(Add(ZScore(Neg(CSRank(ZScore(Mean(Abs(Delta($vwap,1)),21))))),ZScore(Neg(CSRank(Div(Mean($amount,120),Add(Abs(Mean($final_total_market_cap,120)),0.000001)))))))),ZScore(Neg(CSRank(Div(Mean($amount,90),Add(Abs(Mean($float_share,90)),0.000001)))))),ZScore(Neg(CSRank($m1_first30_range)))))",1,0.022380398694179286,0.21924265996751263,0.2709360288324808,18.63997199363063,50920,-2.2979199577439247e-07,0.001121245547179442,-0.03224404731251838,50940,0.5140361209265802
numba_hybrid,11,phase3ba_focused_minute_expansion_00687,30,0.16767309716035594,898511,203,"CSRank(Add(Add(ZScore(CSRank(Add(ZScore(Neg(CSRank(ZScore(Mean(Abs(Delta($vwap,1)),21))))),ZScore(Neg(CSRank(Div(Mean($amount,120),Add(Abs(Mean($final_total_market_cap,120)),0.000001)))))))),ZScore(Neg(CSRank(Div(Mean($amount,90),Add(Abs(Mean($float_share,90)),0.000001)))))),ZScore(Neg(CSRank($m1_first30_range)))))",5,0.03910360584074174,0.2407935397835093,0.29446056821764977,29.971352554570917,50937,4.7524482298407023e-05,0.002384652892110755,2.91002135898618,50937,0.5304199305023853
numba_hybrid,11,phase3ba_focused_minute_expansion_00687,30,0.16767309716035594,898511,203,"CSRank(Add(Add(ZScore(CSRank(Add(ZScore(Neg(CSRank(ZScore(Mean(Abs(Delta($vwap,1)),21))))),ZScore(Neg(CSRank(Div(Mean($amount,120),Add(Abs(Mean($final_total_market_cap,120)),0.000001)))))))),ZScore(Neg(CSRank(Div(Mean($amount,90),Add(Abs(Mean($float_share,90)),0.000001)))))),ZScore(Neg(CSRank($m1_first30_range)))))",15,0.058040500511657725,0.24946388830274632,0.30104635920977285,43.50827014184498,50927,0.00016623084000335695,0.0042429305468619305,5.691374097849764,50927,0.5427180081292831
numba_hybrid,11,phase3ba_focused_minute_expansion_00687,30,0.16767309716035594,898511,203,"CSRank(Add(Add(ZScore(CSRank(Add(ZScore(Neg(CSRank(ZScore(Mean(Abs(Delta($vwap,1)),21))))),ZScore(Neg(CSRank(Div(Mean($amount,120),Add(Abs(Mean($final_total_market_cap,120)),0.000001)))))))),ZScore(Neg(CSRank(Div(Mean($amount,90),Add(Abs(Mean($float_share,90)),0.000001)))))),ZScore(Neg(CSRank($m1_first30_range)))))",30,0.06711074080960863,0.25109551159254034,0.3017582206130111,50.18142637395305,50912,0.00034516864413808724,0.006340389517897064,7.934566055519043,50912,0.5438796354494029
numba_hybrid,12,phase3ba_focused_minute_expansion_00446,30,0.16731393083313117,944337,215,"CSRank(Add(ZScore(CSRank(Add(ZScore(Neg(CSRank(ZScore(Mean(Abs(Delta($vwap,1)),21))))),ZScore(Neg(CSRank(Div(Mean($amount,90),Add(Abs(Mean($final_total_market_cap,90)),0.000001)))))))),ZScore(Neg(CSRank(Div(Std($amount,120),Add(Abs(Mean($float_share,120)),0.000001)))))))",1,0.022354110257184395,0.2188687152399121,0.26997576258245026,19.079706673366523,53098,6.993611422943166e-07,0.0011361902585423351,0.09891246768083942,53118,0.5133664671109605
numba_hybrid,12,phase3ba_focused_minute_expansion_00446,30,0.16731393083313117,944337,215,"CSRank(Add(ZScore(CSRank(Add(ZScore(Neg(CSRank(ZScore(Mean(Abs(Delta($vwap,1)),21))))),ZScore(Neg(CSRank(Div(Mean($amount,90),Add(Abs(Mean($final_total_market_cap,90)),0.000001)))))))),ZScore(Neg(CSRank(Div(Std($amount,120),Add(Abs(Mean($float_share,120)),0.000001)))))))",5,0.03896997095915511,0.23973674852089802,0.29238920897251025,30.716896524138267,53115,6.47441959707235e-05,0.0023926278547821353,4.0915550775821465,53115,0.529850324767015
numba_hybrid,12,phase3ba_focused_minute_expansion_00446,30,0.16731393083313117,944337,215,"CSRank(Add(ZScore(CSRank(Add(ZScore(Neg(CSRank(ZScore(Mean(Abs(Delta($vwap,1)),21))))),ZScore(Neg(CSRank(Div(Mean($amount,90),Add(Abs(Mean($final_total_market_cap,90)),0.000001)))))))),ZScore(Neg(CSRank(Div(Std($amount,120),Add(Abs(Mean($float_share,120)),0.000001)))))))",15,0.05567265605628435,0.24632594279265346,0.29740006896051874,43.138851943359214,53105,0.000160649430429406,0.004200325457924527,5.7099547137848585,53105,0.540080971659919
numba_hybrid,12,phase3ba_focused_minute_expansion_00446,30,0.16731393083313117,944337,215,"CSRank(Add(ZScore(CSRank(Add(ZScore(Neg(CSRank(ZScore(Mean(Abs(Delta($vwap,1)),21))))),ZScore(Neg(CSRank(Div(Mean($amount,90),Add(Abs(Mean($final_total_market_cap,90)),0.000001)))))))),ZScore(Neg(CSRank(Div(Std($amount,120),Add(Abs(Mean($float_share,120)),0.000001)))))))",30,0.06325089535653228,0.24880603177747262,0.29862988355074827,48.802242133522185,53090,0.00022671625256481486,0.006243280292965032,5.462744603553575,53090,0.5423243548690903
numba_hybrid,13,phase3ba_focused_minute_expansion_00281,30,0.16724353489256805,944337,217,"CSRank(Add(ZScore(CSRank(Add(ZScore(Neg(CSRank(ZScore(Mean(Abs(Delta($vwap,1)),21))))),ZScore(Neg(CSRank(Div(Mean($amount,120),Add(Abs(Mean($final_total_market_cap,120)),0.000001)))))))),ZScore(Neg(CSRank(Div(Std($amount,90),Add(Abs(Mean($float_share,90)),0.000001)))))))",1,0.022363392665227858,0.21878474425213412,0.26983036232808133,19.097914927436943,53098,2.5074064213653882e-06,0.0011354415610587607,0.35567434664148473,53118,0.514420723671825
numba_hybrid,13,phase3ba_focused_minute_expansion_00281,30,0.16724353489256805,944337,217,"CSRank(Add(ZScore(CSRank(Add(ZScore(Neg(CSRank(ZScore(Mean(Abs(Delta($vwap,1)),21))))),ZScore(Neg(CSRank(Div(Mean($amount,120),Add(Abs(Mean($final_total_market_cap,120)),0.000001)))))))),ZScore(Neg(CSRank(Div(Std($amount,90),Add(Abs(Mean($float_share,90)),0.000001)))))))",5,0.03857440993379655,0.23965512791548374,0.2925516806992412,30.388221750735394,53115,7.277789035538923e-05,0.002378898696228781,4.637731252181712,53115,0.5310364303868964
numba_hybrid,13,phase3ba_focused_minute_expansion_00281,30,0.16724353489256805,944337,217,"CSRank(Add(ZScore(CSRank(Add(ZScore(Neg(CSRank(ZScore(Mean(Abs(Delta($vwap,1)),21))))),ZScore(Neg(CSRank(Div(Mean($amount,120),Add(Abs(Mean($final_total_market_cap,120)),0.000001)))))))),ZScore(Neg(CSRank(Div(Std($amount,90),Add(Abs(Mean($float_share,90)),0.000001)))))))",15,0.055106968968146486,0.24632637440677466,0.29755918866156844,42.67768612277064,53105,0.00016182287365303823,0.004189492842241464,5.782965936988161,53105,0.5412673006308257
numba_hybrid,13,phase3ba_focused_minute_expansion_00281,30,0.16724353489256805,944337,217,"CSRank(Add(ZScore(CSRank(Add(ZScore(Neg(CSRank(ZScore(Mean(Abs(Delta($vwap,1)),21))))),ZScore(Neg(CSRank(Div(Mean($amount,120),Add(Abs(Mean($final_total_market_cap,120)),0.000001)))))))),ZScore(Neg(CSRank(Div(Std($amount,90),Add(Abs(Mean($float_share,90)),0.000001)))))))",30,0.06278760359199824,0.24855473916875928,0.29852096844239795,48.46245698205911,53090,0.00021465112281577564,0.006221060630512978,5.2069141090688404,53090,0.5440007534375588
numba_hybrid,14,phase3ba_focused_minute_expansion_00449,30,0.1671739919872097,944877,214,"CSRank(Add(ZScore(CSRank(Add(ZScore(Neg(CSRank(ZScore(Mean(Abs(Delta($vwap,1)),21))))),ZScore(Neg(CSRank(Div(Mean($amount,90),Add(Abs(Mean($final_total_market_cap,90)),0.000001)))))))),ZScore(Neg(CSRank(Div(Std($amount,90),Add(Abs(Mean($float_share,90)),0.000001)))))))",1,0.022331118038127425,0.2187921095205618,0.269894813426658,19.071184251105052,53128,1.5045314542060697e-06,0.0011369357756979262,0.21269041073601522,53148,0.5144878452622864
numba_hybrid,14,phase3ba_focused_minute_expansion_00449,30,0.1671739919872097,944877,214,"CSRank(Add(ZScore(CSRank(Add(ZScore(Neg(CSRank(ZScore(Mean(Abs(Delta($vwap,1)),21))))),ZScore(Neg(CSRank(Div(Mean($amount,90),Add(Abs(Mean($final_total_market_cap,90)),0.000001)))))))),ZScore(Neg(CSRank(Div(Std($amount,90),Add(Abs(Mean($float_share,90)),0.000001)))))))",5,0.038773897239170345,0.2397582222027853,0.2926774691809575,30.540867559934423,53145,6.840483280735923e-05,0.0023920955809493545,4.334515906435083,53145,0.5316022203405777
numba_hybrid,14,phase3ba_focused_minute_expansion_00449,30,0.1671739919872097,944877,214,"CSRank(Add(ZScore(CSRank(Add(ZScore(Neg(CSRank(ZScore(Mean(Abs(Delta($vwap,1)),21))))),ZScore(Neg(CSRank(Div(Mean($amount,90),Add(Abs(Mean($final_total_market_cap,90)),0.000001)))))))),ZScore(Neg(CSRank(Div(Std($amount,90),Add(Abs(Mean($float_share,90)),0.000001)))))))",15,0.055483086507563666,0.2465848059752555,0.29762660633518195,42.97137028537605,53135,0.000165246297222859,0.0041933414114759485,5.90039771598274,53135,0.5431448197986262
numba_hybrid,14,phase3ba_focused_minute_expansion_00449,30,0.1671739919872097,944877,214,"CSRank(Add(ZScore(CSRank(Add(ZScore(Neg(CSRank(ZScore(Mean(Abs(Delta($vwap,1)),21))))),ZScore(Neg(CSRank(Div(Mean($amount,90),Add(Abs(Mean($final_total_market_cap,90)),0.000001)))))))),ZScore(Neg(CSRank(Div(Std($amount,90),Add(Abs(Mean($float_share,90)),0.000001)))))))",30,0.06300477543767412,0.24852433421377432,0.29852830207809616,48.64262351117587,53120,0.0002249978760037669,0.006233153600808103,5.4443666935918245,53120,0.5433923192771084
numba_hybrid,15,phase3ba_focused_minute_expansion_00287,30,0.1666034128420006,944337,214,"CSRank(Add(ZScore(CSRank(Add(ZScore(Neg(CSRank(ZScore(Mean(Abs(Delta($vwap,1)),21))))),ZScore(Neg(CSRank(Div(Mean($amount,120),Add(Abs(Mean($final_total_market_cap,120)),0.000001)))))))),ZScore(Neg(CSRank(Div(Mean($amount,120),Add(Abs(Mean($final_float_market_cap,120)),0.000001)))))))",1,0.02219938848217506,0.21581603330216706,0.26675052497662516,19.17674132320831,53098,-2.1983841207809127e-06,0.0011525764539423078,-0.3067921249341042,53118,0.5159268044730599
numba_hybrid,15,phase3ba_focused_minute_expansion_00287,30,0.1666034128420006,944337,214,"CSRank(Add(ZScore(CSRank(Add(ZScore(Neg(CSRank(ZScore(Mean(Abs(Delta($vwap,1)),21))))),ZScore(Neg(CSRank(Div(Mean($amount,120),Add(Abs(Mean($final_total_market_cap,120)),0.000001)))))))),ZScore(Neg(CSRank(Div(Mean($amount,120),Add(Abs(Mean($final_float_market_cap,120)),0.000001)))))))",5,0.038565191182546886,0.23619483793518567,0.2887942866792137,30.77623463974203,53115,5.13614591102262e-05,0.0024289327620248932,3.1886360963015705,53115,0.5275345947472465
numba_hybrid,15,phase3ba_focused_minute_expansion_00287,30,0.1666034128420006,944337,214,"CSRank(Add(ZScore(CSRank(Add(ZScore(Neg(CSRank(ZScore(Mean(Abs(Delta($vwap,1)),21))))),ZScore(Neg(CSRank(Div(Mean($amount,120),Add(Abs(Mean($final_total_market_cap,120)),0.000001)))))))),ZScore(Neg(CSRank(Div(Mean($amount,120),Add(Abs(Mean($final_float_market_cap,120)),0.000001)))))))",15,0.05499111193430687,0.2441704741280381,0.2956698226512517,42.86010267539138,53105,0.0001674473115062744,0.004261843255980161,5.86703366337695,53105,0.537783636192449
numba_hybrid,15,phase3ba_focused_minute_expansion_00287,30,0.1666034128420006,944337,214,"CSRank(Add(ZScore(CSRank(Add(ZScore(Neg(CSRank(ZScore(Mean(Abs(Delta($vwap,1)),21))))),ZScore(Neg(CSRank(Div(Mean($amount,120),Add(Abs(Mean($final_total_market_cap,120)),0.000001)))))))),ZScore(Neg(CSRank(Div(Mean($amount,120),Add(Abs(Mean($final_float_market_cap,120)),0.000001)))))))",30,0.06232010323101081,0.2465998599768139,0.29731241594616364,48.2971474223806,53090,0.00026645193219184885,0.006296378038867558,6.33936207585052,53090,0.5382934639291769
numba_hybrid,16,phase3ba_focused_minute_expansion_00455,30,0.16626871499596926,944337,213,"CSRank(Add(ZScore(CSRank(Add(ZScore(Neg(CSRank(ZScore(Mean(Abs(Delta($vwap,1)),21))))),ZScore(Neg(CSRank(Div(Mean($amount,90),Add(Abs(Mean($final_total_market_cap,90)),0.000001)))))))),ZScore(Neg(CSRank(Div(Mean($amount,120),Add(Abs(Mean($final_float_market_cap,120)),0.000001)))))))",1,0.022535666936903183,0.21625919362235993,0.2672055812718507,19.434079355418472,53098,-7.506497196993515e-07,0.001155101841506767,-0.10441536062900905,53118,0.5171504951240634
numba_hybrid,16,phase3ba_focused_minute_expansion_00455,30,0.16626871499596926,944337,213,"CSRank(Add(ZScore(CSRank(Add(ZScore(Neg(CSRank(ZScore(Mean(Abs(Delta($vwap,1)),21))))),ZScore(Neg(CSRank(Div(Mean($amount,90),Add(Abs(Mean($final_total_market_cap,90)),0.000001)))))))),ZScore(Neg(CSRank(Div(Mean($amount,120),Add(Abs(Mean($final_float_market_cap,120)),0.000001)))))))",5,0.03895371760496158,0.23665805144549415,0.2891686656256695,31.04604434550625,53115,5.523873352508543e-05,0.0024356099161742836,3.421626378136361,53115,0.530057422573661
numba_hybrid,16,phase3ba_focused_minute_expansion_00455,30,0.16626871499596926,944337,213,"CSRank(Add(ZScore(CSRank(Add(ZScore(Neg(CSRank(ZScore(Mean(Abs(Delta($vwap,1)),21))))),ZScore(Neg(CSRank(Div(Mean($amount,90),Add(Abs(Mean($final_total_market_cap,90)),0.000001)))))))),ZScore(Neg(CSRank(Div(Mean($amount,120),Add(Abs(Mean($final_float_market_cap,120)),0.000001)))))))",15,0.05542611847071622,0.24421371314048962,0.29550478165361854,43.223273961603994,53105,0.00016848413890090485,0.0042735124796833375,5.890337656452755,53105,0.538197909801337
numba_hybrid,16,phase3ba_focused_minute_expansion_00455,30,0.16626871499596926,944337,213,"CSRank(Add(ZScore(CSRank(Add(ZScore(Neg(CSRank(ZScore(Mean(Abs(Delta($vwap,1)),21))))),ZScore(Neg(CSRank(Div(Mean($amount,90),Add(Abs(Mean($final_total_market_cap,90)),0.000001)))))))),ZScore(Neg(CSRank(Div(Mean($amount,120),Add(Abs(Mean($final_float_market_cap,120)),0.000001)))))))",30,0.06282014092192872,0.24647881187201895,0.296973654690908,48.74020431077514,53090,0.00024997936023310116,0.006299169889334187,5.96140523272268,53090,0.5391222452439254
