candidate_id,expression_hash,expression,factor_lane,source_lane,source_generator,fields,fields_list,max_window,search_memory_key,policy_score,expected_direction,x0_r3_role,note,cem_prior_score
phase3bp_00001,7d162a40a608f2134a09b324,"CSRank(Mul(ZScore(Delta($intraday_ret_from_open,30)),ZScore(Std($ret_1m,30))))",rx_interaction::rx_intraday_return::rx_volatility_state::product,phase3bp_true1min_hybrid_rx_cem,phase3bp_true1min_hybrid_rx_cem,intraday_ret_from_open|ret_1m,"['intraday_ret_from_open', 'ret_1m']",30,phase3bp:7d162a40a608f2134a09b324,0.22128052,1,read_only_research_candidate,hybrid arm from phase3bp_true1min_rx_ucb_native: rx interaction intraday_delta_30 x ret_vol_30 product,
phase3bp_00002,99d1e7f5a79f49f3a2661218,"Neg(CSRank(ZScore(Sub(Div(Sub($close,$low),Add(Abs(Sub($high,$low)),0.000001)),Mean(Div(Sub($close,$low),Add(Abs(Sub($high,$low)),0.000001)),30)))))",rx_range_location::inverted,phase3bp_true1min_hybrid_rx_cem,phase3bp_true1min_hybrid_rx_cem,close|high|low,"['close', 'high', 'low']",0,phase3bp:99d1e7f5a79f49f3a2661218,0.22123996,1,read_only_research_candidate,hybrid arm from phase3bp_true1min_rx_ucb_native: rx atom transform bar_loc_shift_30,
phase3bp_00003,c70970f75bba91b06e076457,"CSRank(ZScore(Sub(Div(Sub($close,$low),Add(Abs(Sub($high,$low)),0.000001)),Mean(Div(Sub($close,$low),Add(Abs(Sub($high,$low)),0.000001)),30))))",rx_range_location::rank,phase3bp_true1min_hybrid_rx_cem,phase3bp_true1min_hybrid_rx_cem,close|high|low,"['close', 'high', 'low']",0,phase3bp:c70970f75bba91b06e076457,0.22042639,1,read_only_research_candidate,hybrid arm from phase3bp_true1min_rx_ucb_native: rx atom transform bar_loc_shift_30,
phase3bp_00004,c4b961b5fee67547ee7ddc07,"CSRank(Sub(ZScore(Delta($intraday_ret_from_open,30)),ZScore(Std($ret_1m,30))))",rx_interaction::rx_intraday_return::rx_volatility_state::spread,phase3bp_true1min_hybrid_rx_cem,phase3bp_true1min_hybrid_rx_cem,intraday_ret_from_open|ret_1m,"['intraday_ret_from_open', 'ret_1m']",30,phase3bp:c4b961b5fee67547ee7ddc07,0.21794529,1,read_only_research_candidate,hybrid arm from phase3bp_true1min_rx_ucb_native: rx interaction intraday_delta_30 x ret_vol_30 spread,
phase3bp_00005,cbdca9c4dd9873b1b7edb591,"CSRank(Mul(ZScore(Delta($intraday_ret_from_open,30)),ZScore(Std($ret_1m,8))))",rx_interaction::rx_intraday_return::rx_volatility_state::product,phase3bp_true1min_hybrid_rx_cem,phase3bp_true1min_hybrid_rx_cem,intraday_ret_from_open|ret_1m,"['intraday_ret_from_open', 'ret_1m']",30,phase3bp:cbdca9c4dd9873b1b7edb591,0.21619697,1,read_only_research_candidate,hybrid arm from phase3bp_true1min_rx_ucb_native: rx interaction intraday_delta_30 x ret_vol_8 product,
phase3bp_00006,6153de835bd6744469cb5d4d,"CSRank(Mul(ZScore(Delta($intraday_ret_from_open,8)),ZScore(Std($ret_1m,30))))",rx_interaction::rx_intraday_return::rx_volatility_state::product,phase3bp_true1min_hybrid_rx_cem,phase3bp_true1min_hybrid_rx_cem,intraday_ret_from_open|ret_1m,"['intraday_ret_from_open', 'ret_1m']",30,phase3bp:6153de835bd6744469cb5d4d,0.21619697,1,read_only_research_candidate,hybrid arm from phase3bp_true1min_rx_ucb_native: rx interaction intraday_delta_8 x ret_vol_30 product,
phase3bp_00007,40d0c61f06fc8f8c8ebe806f,"Neg(CSRank(ZScore(Sub(Div(Sub($close,$low),Add(Abs(Sub($high,$low)),0.000001)),Mean(Div(Sub($close,$low),Add(Abs(Sub($high,$low)),0.000001)),8)))))",rx_range_location::inverted,phase3bp_true1min_hybrid_rx_cem,phase3bp_true1min_hybrid_rx_cem,close|high|low,"['close', 'high', 'low']",0,phase3bp:40d0c61f06fc8f8c8ebe806f,0.21107286,1,read_only_research_candidate,hybrid arm from phase3bp_true1min_rx_ucb_native: rx atom transform bar_loc_shift_8,
phase3bp_00008,919d4ed87c7ad94cd1a0cf0a,"CSRank(ZScore(Sub(Div(Sub($close,$low),Add(Abs(Sub($high,$low)),0.000001)),Mean(Div(Sub($close,$low),Add(Abs(Sub($high,$low)),0.000001)),8))))",rx_range_location::rank,phase3bp_true1min_hybrid_rx_cem,phase3bp_true1min_hybrid_rx_cem,close|high|low,"['close', 'high', 'low']",0,phase3bp:919d4ed87c7ad94cd1a0cf0a,0.21025929,1,read_only_research_candidate,hybrid arm from phase3bp_true1min_rx_ucb_native: rx atom transform bar_loc_shift_8,
phase3bp_00009,4534dbe823cd3f2dfec12538,"CSRank(ZScore(Delta($intraday_ret_from_open,30)))",rx_intraday_return::rank,phase3bp_true1min_hybrid_rx_cem,phase3bp_true1min_hybrid_rx_cem,intraday_ret_from_open,['intraday_ret_from_open'],30,phase3bp:4534dbe823cd3f2dfec12538,0.16704187,1,read_only_research_candidate,hybrid arm from phase3bp_true1min_rx_ucb_native: rx atom transform intraday_delta_30,
phase3bp_00010,aa9a6af0255f880beee0b6ee,"Neg(CSRank(ZScore(Delta($intraday_ret_from_open,30))))",rx_intraday_return::inverted,phase3bp_true1min_hybrid_rx_cem,phase3bp_true1min_hybrid_rx_cem,intraday_ret_from_open,['intraday_ret_from_open'],30,phase3bp:aa9a6af0255f880beee0b6ee,0.16702772,1,read_only_research_candidate,hybrid arm from phase3bp_true1min_rx_ucb_native: rx atom transform intraday_delta_30,
phase3bp_00011,c02ca67313855a9bed78339e,"CSRank(Mul(ZScore(Delta($ret_1m,30)),ZScore(Std(Div(Sub($high,$low),Add(Abs($open),0.000001)),30))))",rx_interaction::rx_intraday_return::rx_range_location::product,phase3bp_true1min_hybrid_rx_cem,phase3bp_true1min_hybrid_rx_cem,high|low|open|ret_1m,"['high', 'low', 'open', 'ret_1m']",30,phase3bp:c02ca67313855a9bed78339e,0.15881308,1,read_only_research_candidate,hybrid arm from phase3bp_true1min_rx_ucb_native: rx interaction ret_delta_30 x range_vol_30 product,
phase3bp_00012,377353004f44d81ad84002c4,"CSRank(Sub(ZScore(Delta($ret_1m,30)),ZScore(Std(Div(Sub($high,$low),Add(Abs($open),0.000001)),30))))",rx_interaction::rx_intraday_return::rx_range_location::spread,phase3bp_true1min_hybrid_rx_cem,phase3bp_true1min_hybrid_rx_cem,high|low|open|ret_1m,"['high', 'low', 'open', 'ret_1m']",30,phase3bp:377353004f44d81ad84002c4,0.15782644,1,read_only_research_candidate,hybrid arm from phase3bp_true1min_rx_ucb_native: rx interaction ret_delta_30 x range_vol_30 spread,
phase3bp_00013,6109e0fb1996c5871e3d32a3,"CSRank(ZScore(Delta($intraday_ret_from_open,8)))",rx_intraday_return::rank,phase3bp_true1min_hybrid_rx_cem,phase3bp_true1min_hybrid_rx_cem,intraday_ret_from_open,['intraday_ret_from_open'],8,phase3bp:6109e0fb1996c5871e3d32a3,0.15687477,1,read_only_research_candidate,hybrid arm from phase3bp_true1min_rx_ucb_native: rx atom transform intraday_delta_8,
phase3bp_00014,333b291141ce4b15e7ff2cb1,"Neg(CSRank(ZScore(Delta($intraday_ret_from_open,8))))",rx_intraday_return::inverted,phase3bp_true1min_hybrid_rx_cem,phase3bp_true1min_hybrid_rx_cem,intraday_ret_from_open,['intraday_ret_from_open'],8,phase3bp:333b291141ce4b15e7ff2cb1,0.15686062,1,read_only_research_candidate,hybrid arm from phase3bp_true1min_rx_ucb_native: rx atom transform intraday_delta_8,
phase3bp_00015,b1f1a7643e6aa06e4a7ef6c1,"CSRank(Mul(ZScore(Delta($ret_1m,8)),ZScore(Std(Div(Sub($high,$low),Add(Abs($open),0.000001)),30))))",rx_interaction::rx_intraday_return::rx_range_location::product,phase3bp_true1min_hybrid_rx_cem,phase3bp_true1min_hybrid_rx_cem,high|low|open|ret_1m,"['high', 'low', 'open', 'ret_1m']",8,phase3bp:b1f1a7643e6aa06e4a7ef6c1,0.15372953,1,read_only_research_candidate,hybrid arm from phase3bp_true1min_rx_ucb_native: rx interaction ret_delta_8 x range_vol_30 product,
phase3bp_00016,dd6812e758146c86f1c25ed1,"CSRank(Mul(ZScore(Delta($ret_1m,30)),ZScore(Std(Div(Sub($high,$low),Add(Abs($open),0.000001)),8))))",rx_interaction::rx_intraday_return::rx_range_location::product,phase3bp_true1min_hybrid_rx_cem,phase3bp_true1min_hybrid_rx_cem,high|low|open|ret_1m,"['high', 'low', 'open', 'ret_1m']",30,phase3bp:dd6812e758146c86f1c25ed1,0.15372953,1,read_only_research_candidate,hybrid arm from phase3bp_true1min_rx_ucb_native: rx interaction ret_delta_30 x range_vol_8 product,
phase3bp_00017,8a0181e0d5a52c5ef5780da6,"CSRank(Mul(ZScore($m1_first15_vwap_return_vs_open),ZScore(Std($ret_1m,30))))",rx_interaction::rx_opening_divergence::rx_volatility_state::product,phase3bp_true1min_hybrid_rx_cem,phase3bp_true1min_hybrid_rx_cem,m1_first15_vwap_return_vs_open|ret_1m,"['m1_first15_vwap_return_vs_open', 'ret_1m']",30,phase3bp:8a0181e0d5a52c5ef5780da6,0.12476052,1,read_only_research_candidate,hybrid arm from phase3bp_true1min_rx_ucb_native: rx interaction m1_first15_vwap_open x ret_vol_30 product,
phase3bp_00018,b40102bcfb8d7dee142fd8b7,"CSRank(Mul(ZScore($m1_first5_vwap_return_vs_open),ZScore(Std($ret_1m,30))))",rx_interaction::rx_opening_divergence::rx_volatility_state::product,phase3bp_true1min_hybrid_rx_cem,phase3bp_true1min_hybrid_rx_cem,m1_first5_vwap_return_vs_open|ret_1m,"['m1_first5_vwap_return_vs_open', 'ret_1m']",30,phase3bp:b40102bcfb8d7dee142fd8b7,0.12445542,1,read_only_research_candidate,hybrid arm from phase3bp_true1min_rx_ucb_native: rx interaction m1_first5_vwap_open x ret_vol_30 product,
phase3bp_00019,c62572b4966df118b5a53867,"CSRank(Sub(ZScore($m1_first15_vwap_return_vs_open),ZScore(Std($ret_1m,30))))",rx_interaction::rx_opening_divergence::rx_volatility_state::spread,phase3bp_true1min_hybrid_rx_cem,phase3bp_true1min_hybrid_rx_cem,m1_first15_vwap_return_vs_open|ret_1m,"['m1_first15_vwap_return_vs_open', 'ret_1m']",30,phase3bp:c62572b4966df118b5a53867,0.12059148,1,read_only_research_candidate,hybrid arm from phase3bp_true1min_rx_ucb_native: rx interaction m1_first15_vwap_open x ret_vol_30 spread,
phase3bp_00020,494cdc10d824bb2c0039fab0,"CSRank(Sub(ZScore($m1_first5_vwap_return_vs_open),ZScore(Std($ret_1m,30))))",rx_interaction::rx_opening_divergence::rx_volatility_state::spread,phase3bp_true1min_hybrid_rx_cem,phase3bp_true1min_hybrid_rx_cem,m1_first5_vwap_return_vs_open|ret_1m,"['m1_first5_vwap_return_vs_open', 'ret_1m']",30,phase3bp:494cdc10d824bb2c0039fab0,0.12028638,1,read_only_research_candidate,hybrid arm from phase3bp_true1min_rx_ucb_native: rx interaction m1_first5_vwap_open x ret_vol_30 spread,
phase3bp_00021,4b742c3c8f995d44486635c2,"CSRank(Mul(ZScore($m1_first15_vwap_return_vs_open),ZScore(Std($ret_1m,8))))",rx_interaction::rx_opening_divergence::rx_volatility_state::product,phase3bp_true1min_hybrid_rx_cem,phase3bp_true1min_hybrid_rx_cem,m1_first15_vwap_return_vs_open|ret_1m,"['m1_first15_vwap_return_vs_open', 'ret_1m']",8,phase3bp:4b742c3c8f995d44486635c2,0.11459342,1,read_only_research_candidate,hybrid arm from phase3bp_true1min_rx_ucb_native: rx interaction m1_first15_vwap_open x ret_vol_8 product,
phase3bp_00022,e12211f0f8f23092360f5f1d,"CSRank(Mul(ZScore($m1_first5_vwap_return_vs_open),ZScore(Std($ret_1m,8))))",rx_interaction::rx_opening_divergence::rx_volatility_state::product,phase3bp_true1min_hybrid_rx_cem,phase3bp_true1min_hybrid_rx_cem,m1_first5_vwap_return_vs_open|ret_1m,"['m1_first5_vwap_return_vs_open', 'ret_1m']",8,phase3bp:e12211f0f8f23092360f5f1d,0.11428832,1,read_only_research_candidate,hybrid arm from phase3bp_true1min_rx_ucb_native: rx interaction m1_first5_vwap_open x ret_vol_8 product,
phase3bp_00023,c2b29287cab2ac7a03de3f50,"CSRank(Mul(ZScore(Sub(Div(Sub($close,$low),Add(Abs(Sub($high,$low)),0.000001)),Mean(Div(Sub($close,$low),Add(Abs(Sub($high,$low)),0.000001)),30))),ZScore(Std($ret_1m,30))))",rx_interaction::rx_range_location::rx_volatility_state::product,phase3bp_true1min_hybrid_rx_cem,phase3bp_true1min_hybrid_rx_cem,close|high|low|ret_1m,"['close', 'high', 'low', 'ret_1m']",30,phase3bp:c2b29287cab2ac7a03de3f50,0.11170333,1,read_only_research_candidate,hybrid arm from phase3bp_true1min_rx_ucb_native: rx interaction bar_loc_shift_30 x ret_vol_30 product,
phase3bp_00024,44e8b0b222df9a3dcd498631,"CSRank(Mul(ZScore(Delta($intraday_ret_from_open,30)),ZScore(Std(Div(Sub($high,$low),Add(Abs($open),0.000001)),30))))",rx_interaction::rx_intraday_return::rx_range_location::product,phase3bp_true1min_hybrid_rx_cem,phase3bp_true1min_hybrid_rx_cem,high|intraday_ret_from_open|low|open,"['high', 'intraday_ret_from_open', 'low', 'open']",30,phase3bp:44e8b0b222df9a3dcd498631,0.11117542,1,read_only_research_candidate,hybrid arm from phase3bp_true1min_rx_ucb_native: rx interaction intraday_delta_30 x range_vol_30 product,
phase3bp_00025,716526fec7d10d70c10a6270,"CSRank(Mul(ZScore($m1_first15_vwap_return_vs_open),ZScore(Std($ret_1m,20))))",rx_interaction::rx_opening_divergence::rx_volatility_state::product,phase3bp_true1min_hybrid_rx_cem,phase3bp_true1min_hybrid_rx_cem,m1_first15_vwap_return_vs_open|ret_1m,"['m1_first15_vwap_return_vs_open', 'ret_1m']",20,phase3bp:716526fec7d10d70c10a6270,0.11088972,1,read_only_research_candidate,hybrid arm from phase3bp_true1min_rx_ucb_native: rx interaction m1_first15_vwap_open x ret_vol_20 product,
phase3bp_00026,63b431f1e658e3d087035479,"CSRank(Sub(ZScore(Sub(Div(Sub($close,$low),Add(Abs(Sub($high,$low)),0.000001)),Mean(Div(Sub($close,$low),Add(Abs(Sub($high,$low)),0.000001)),30))),ZScore(Std($ret_1m,30))))",rx_interaction::rx_range_location::rx_volatility_state::spread,phase3bp_true1min_hybrid_rx_cem,phase3bp_true1min_hybrid_rx_cem,close|high|low|ret_1m,"['close', 'high', 'low', 'ret_1m']",30,phase3bp:63b431f1e658e3d087035479,0.11041268,1,read_only_research_candidate,hybrid arm from phase3bp_true1min_rx_ucb_native: rx interaction bar_loc_shift_30 x ret_vol_30 spread,
phase3bp_00027,96241c9ea92182ee1e03d696,"CSRank(Sub(ZScore(Delta($intraday_ret_from_open,30)),ZScore(Std(Div(Sub($high,$low),Add(Abs($open),0.000001)),30))))",rx_interaction::rx_intraday_return::rx_range_location::spread,phase3bp_true1min_hybrid_rx_cem,phase3bp_true1min_hybrid_rx_cem,high|intraday_ret_from_open|low|open,"['high', 'intraday_ret_from_open', 'low', 'open']",30,phase3bp:96241c9ea92182ee1e03d696,0.11018878,1,read_only_research_candidate,hybrid arm from phase3bp_true1min_rx_ucb_native: rx interaction intraday_delta_30 x range_vol_30 spread,
phase3bp_00028,39012d347ebc5479440ecedb,"CSRank(Sub(ZScore($m1_first5_vwap_return_vs_open),ZScore(Std($ret_1m,8))))",rx_interaction::rx_opening_divergence::rx_volatility_state::spread,phase3bp_true1min_hybrid_rx_cem,phase3bp_true1min_hybrid_rx_cem,m1_first5_vwap_return_vs_open|ret_1m,"['m1_first5_vwap_return_vs_open', 'ret_1m']",8,phase3bp:39012d347ebc5479440ecedb,0.11011928,1,read_only_research_candidate,hybrid arm from phase3bp_true1min_rx_ucb_native: rx interaction m1_first5_vwap_open x ret_vol_8 spread,
phase3bp_00029,90b2d2504698f85c799a58c7,"CSRank(Mul(ZScore(Sub(Div(Sub($close,$low),Add(Abs(Sub($high,$low)),0.000001)),Mean(Div(Sub($close,$low),Add(Abs(Sub($high,$low)),0.000001)),30))),ZScore(Std($ret_1m,8))))",rx_interaction::rx_range_location::rx_volatility_state::product,phase3bp_true1min_hybrid_rx_cem,phase3bp_true1min_hybrid_rx_cem,close|high|low|ret_1m,"['close', 'high', 'low', 'ret_1m']",8,phase3bp:90b2d2504698f85c799a58c7,0.10661978,1,read_only_research_candidate,hybrid arm from phase3bp_true1min_rx_ucb_native: rx interaction bar_loc_shift_30 x ret_vol_8 product,
phase3bp_00030,355d7a25aa37575ec755b662,"CSRank(Mul(ZScore(Sub(Div(Sub($close,$low),Add(Abs(Sub($high,$low)),0.000001)),Mean(Div(Sub($close,$low),Add(Abs(Sub($high,$low)),0.000001)),8))),ZScore(Std($ret_1m,30))))",rx_interaction::rx_range_location::rx_volatility_state::product,phase3bp_true1min_hybrid_rx_cem,phase3bp_true1min_hybrid_rx_cem,close|high|low|ret_1m,"['close', 'high', 'low', 'ret_1m']",30,phase3bp:355d7a25aa37575ec755b662,0.10661978,1,read_only_research_candidate,hybrid arm from phase3bp_true1min_rx_ucb_native: rx interaction bar_loc_shift_8 x ret_vol_30 product,
phase3bp_00031,52e1f8b76d0faacb47099f46,"CSRank(Mul(ZScore(Delta($intraday_ret_from_open,8)),ZScore(Std(Div(Sub($high,$low),Add(Abs($open),0.000001)),30))))",rx_interaction::rx_intraday_return::rx_range_location::product,phase3bp_true1min_hybrid_rx_cem,phase3bp_true1min_hybrid_rx_cem,high|intraday_ret_from_open|low|open,"['high', 'intraday_ret_from_open', 'low', 'open']",8,phase3bp:52e1f8b76d0faacb47099f46,0.10609187,1,read_only_research_candidate,hybrid arm from phase3bp_true1min_rx_ucb_native: rx interaction intraday_delta_8 x range_vol_30 product,
phase3bp_00032,c8c8b8320280a3c955f2acf3,"CSRank(Mul(ZScore(Delta($intraday_ret_from_open,30)),ZScore(Delta($amount,30))))",rx_interaction::rx_intraday_return::rx_flow_amount_volume::product,phase3bp_true1min_hybrid_rx_cem,phase3bp_true1min_hybrid_rx_cem,amount|intraday_ret_from_open,"['amount', 'intraday_ret_from_open']",30,phase3bp:c8c8b8320280a3c955f2acf3,0.10571908,1,read_only_research_candidate,hybrid arm from phase3bp_true1min_rx_ucb_native: rx interaction intraday_delta_30 x amount_delta_30 product,
phase3bp_00033,a4f0497e1fce050d1e18f1ea,"CSRank(Sub(ZScore(Delta($intraday_ret_from_open,8)),ZScore(Std(Div(Sub($high,$low),Add(Abs($open),0.000001)),30))))",rx_interaction::rx_intraday_return::rx_range_location::spread,phase3bp_true1min_hybrid_rx_cem,phase3bp_true1min_hybrid_rx_cem,high|intraday_ret_from_open|low|open,"['high', 'intraday_ret_from_open', 'low', 'open']",8,phase3bp:a4f0497e1fce050d1e18f1ea,0.10510523,1,read_only_research_candidate,hybrid arm from phase3bp_true1min_rx_ucb_native: rx interaction intraday_delta_8 x range_vol_30 spread,
phase3bp_00034,65d057dd0a31d241360c112f,"CSRank(Mul(ZScore(Sub(Div(Sub($close,$low),Add(Abs(Sub($high,$low)),0.000001)),Mean(Div(Sub($close,$low),Add(Abs(Sub($high,$low)),0.000001)),30))),ZScore(Std(Div(Sub($high,$low),Add(Abs($open),0.000001)),30))))",rx_interaction::rx_range_location::rx_range_location::product,phase3bp_true1min_hybrid_rx_cem,phase3bp_true1min_hybrid_rx_cem,close|high|low|open,"['close', 'high', 'low', 'open']",0,phase3bp:65d057dd0a31d241360c112f,0.10446955,1,read_only_research_candidate,hybrid arm from phase3bp_true1min_rx_ucb_native: rx interaction bar_loc_shift_30 x range_vol_30 product,
phase3bp_00035,ebdacf8c48cebb2a08cda5b1,"CSRank(Mul(ZScore(Delta($intraday_ret_from_open,30)),ZScore(Delta($volume,30))))",rx_interaction::rx_intraday_return::rx_flow_amount_volume::product,phase3bp_true1min_hybrid_rx_cem,phase3bp_true1min_hybrid_rx_cem,intraday_ret_from_open|volume,"['intraday_ret_from_open', 'volume']",30,phase3bp:ebdacf8c48cebb2a08cda5b1,0.10383868,1,read_only_research_candidate,hybrid arm from phase3bp_true1min_rx_ucb_native: rx interaction intraday_delta_30 x volume_delta_30 product,
phase3bp_00036,c1e02291a97acad64569ce22,"CSRank(Sub(ZScore(Sub(Div(Sub($close,$low),Add(Abs(Sub($high,$low)),0.000001)),Mean(Div(Sub($close,$low),Add(Abs(Sub($high,$low)),0.000001)),30))),ZScore(Std(Div(Sub($high,$low),Add(Abs($open),0.000001)),30))))",rx_interaction::rx_range_location::rx_range_location::spread,phase3bp_true1min_hybrid_rx_cem,phase3bp_true1min_hybrid_rx_cem,close|high|low|open,"['close', 'high', 'low', 'open']",0,phase3bp:c1e02291a97acad64569ce22,0.1031789,1,read_only_research_candidate,hybrid arm from phase3bp_true1min_rx_ucb_native: rx interaction bar_loc_shift_30 x range_vol_30 spread,
phase3bp_00037,d3b0192ac84f1ecc43e5f4f3,"CSRank(Mul(ZScore(Delta($intraday_ret_from_open,30)),ZScore(Div($m1_first30_vol,Add(Abs($volume),0.000001)))))",rx_interaction::rx_intraday_return::rx_opening_amount::product,phase3bp_true1min_hybrid_rx_cem,phase3bp_true1min_hybrid_rx_cem,intraday_ret_from_open|m1_first30_vol|volume,"['intraday_ret_from_open', 'm1_first30_vol', 'volume']",30,phase3bp:d3b0192ac84f1ecc43e5f4f3,0.10256866,1,read_only_research_candidate,hybrid arm from phase3bp_true1min_rx_ucb_native: rx interaction intraday_delta_30 x m1_first30_vol product,
phase3bp_00038,d17cc06ce68913c7ecb0e6b0,"CSRank(Mul(ZScore(Sub(Div(Sub($close,$low),Add(Abs(Sub($high,$low)),0.000001)),Mean(Div(Sub($close,$low),Add(Abs(Sub($high,$low)),0.000001)),30))),ZScore(Delta($amount,30))))",rx_interaction::rx_range_location::rx_flow_amount_volume::product,phase3bp_true1min_hybrid_rx_cem,phase3bp_true1min_hybrid_rx_cem,amount|close|high|low,"['amount', 'close', 'high', 'low']",30,phase3bp:d17cc06ce68913c7ecb0e6b0,0.10185242,1,read_only_research_candidate,hybrid arm from phase3bp_true1min_rx_ucb_native: rx interaction bar_loc_shift_30 x amount_delta_30 product,
phase3bp_00039,78c12e1117117d66e838bf1e,"CSRank(Sub(ZScore(Delta($intraday_ret_from_open,30)),ZScore(Delta($amount,30))))",rx_interaction::rx_intraday_return::rx_flow_amount_volume::spread,phase3bp_true1min_hybrid_rx_cem,phase3bp_true1min_hybrid_rx_cem,amount|intraday_ret_from_open,"['amount', 'intraday_ret_from_open']",30,phase3bp:78c12e1117117d66e838bf1e,0.10155004,1,read_only_research_candidate,hybrid arm from phase3bp_true1min_rx_ucb_native: rx interaction intraday_delta_30 x amount_delta_30 spread,
phase3bp_00040,cdafeab805bc4c758314e156,"CSRank(Mul(ZScore(Sub(Div(Sub($close,$low),Add(Abs(Sub($high,$low)),0.000001)),Mean(Div(Sub($close,$low),Add(Abs(Sub($high,$low)),0.000001)),30))),ZScore(Delta($volume,30))))",rx_interaction::rx_range_location::rx_flow_amount_volume::product,phase3bp_true1min_hybrid_rx_cem,phase3bp_true1min_hybrid_rx_cem,close|high|low|volume,"['close', 'high', 'low', 'volume']",30,phase3bp:cdafeab805bc4c758314e156,0.10091222,1,read_only_research_candidate,hybrid arm from phase3bp_true1min_rx_ucb_native: rx interaction bar_loc_shift_30 x volume_delta_30 product,
phase3bp_00041,c9bdcc648a729249216d8b2f,"CSRank(Mul(ZScore(Delta($intraday_ret_from_open,30)),ZScore(Delta($amount,8))))",rx_interaction::rx_intraday_return::rx_flow_amount_volume::product,phase3bp_true1min_hybrid_rx_cem,phase3bp_true1min_hybrid_rx_cem,amount|intraday_ret_from_open,"['amount', 'intraday_ret_from_open']",30,phase3bp:c9bdcc648a729249216d8b2f,0.10063553,1,read_only_research_candidate,hybrid arm from phase3bp_true1min_rx_ucb_native: rx interaction intraday_delta_30 x amount_delta_8 product,
phase3bp_00042,70e36a9ce615c957548b1a9f,"CSRank(Mul(ZScore(Delta($intraday_ret_from_open,8)),ZScore(Delta($amount,30))))",rx_interaction::rx_intraday_return::rx_flow_amount_volume::product,phase3bp_true1min_hybrid_rx_cem,phase3bp_true1min_hybrid_rx_cem,amount|intraday_ret_from_open,"['amount', 'intraday_ret_from_open']",30,phase3bp:70e36a9ce615c957548b1a9f,0.10063553,1,read_only_research_candidate,hybrid arm from phase3bp_true1min_rx_ucb_native: rx interaction intraday_delta_8 x amount_delta_30 product,
phase3bp_00043,fe9b06ad7fed77677afb5492,"CSRank(Sub(ZScore(Delta($intraday_ret_from_open,30)),ZScore(Div($m1_first30_vol,Add(Abs($volume),0.000001)))))",rx_interaction::rx_intraday_return::rx_opening_amount::spread,phase3bp_true1min_hybrid_rx_cem,phase3bp_true1min_hybrid_rx_cem,intraday_ret_from_open|m1_first30_vol|volume,"['intraday_ret_from_open', 'm1_first30_vol', 'volume']",30,phase3bp:fe9b06ad7fed77677afb5492,0.10018635,1,read_only_research_candidate,hybrid arm from phase3bp_true1min_rx_ucb_native: rx interaction intraday_delta_30 x m1_first30_vol spread,
phase3bp_00044,f3ddbd421833366ee329ec75,"CSRank(Sub(ZScore(Sub(Div(Sub($close,$low),Add(Abs(Sub($high,$low)),0.000001)),Mean(Div(Sub($close,$low),Add(Abs(Sub($high,$low)),0.000001)),30))),ZScore(Delta($amount,30))))",rx_interaction::rx_range_location::rx_flow_amount_volume::spread,phase3bp_true1min_hybrid_rx_cem,phase3bp_true1min_hybrid_rx_cem,amount|close|high|low,"['amount', 'close', 'high', 'low']",30,phase3bp:f3ddbd421833366ee329ec75,0.10009174,1,read_only_research_candidate,hybrid arm from phase3bp_true1min_rx_ucb_native: rx interaction bar_loc_shift_30 x amount_delta_30 spread,
phase3bp_00045,7e671cad2bcd11d231b5e1e6,"CSRank(Mul(ZScore(Delta($intraday_ret_from_open,15)),ZScore(Std($ret_1m,30))))",cem_interaction::rx_intraday_return::rx_volatility_state::product,phase3bp_true1min_hybrid_rx_cem,phase3bp_true1min_hybrid_rx_cem,intraday_ret_from_open|ret_1m,"['intraday_ret_from_open', 'ret_1m']",30,phase3bp:7e671cad2bcd11d231b5e1e6,0.21415047,1,read_only_research_candidate,hybrid arm from phase3bp_true1min_cem_elite: cem seed interaction intraday_delta_15 x ret_vol_30 product,0.22308247
phase3bp_00046,4b445e38f9995d2248240c3c,"CSRank(Mul(ZScore(Delta($intraday_ret_from_open,30)),ZScore(Std($ret_1m,20))))",cem_interaction::rx_intraday_return::rx_volatility_state::product,phase3bp_true1min_hybrid_rx_cem,phase3bp_true1min_hybrid_rx_cem,intraday_ret_from_open|ret_1m,"['intraday_ret_from_open', 'ret_1m']",30,phase3bp:4b445e38f9995d2248240c3c,0.21434512,1,read_only_research_candidate,hybrid arm from phase3bp_true1min_cem_elite: cem seed interaction intraday_delta_30 x ret_vol_20 product,0.22304712
phase3bp_00047,a12cfd52990da9e0460aa55a,"CSRank(Mul(ZScore(Delta($intraday_ret_from_open,30)),ZScore(Std($ret_1m,15))))",cem_interaction::rx_intraday_return::rx_volatility_state::product,phase3bp_true1min_hybrid_rx_cem,phase3bp_true1min_hybrid_rx_cem,intraday_ret_from_open|ret_1m,"['intraday_ret_from_open', 'ret_1m']",30,phase3bp:a12cfd52990da9e0460aa55a,0.21415047,1,read_only_research_candidate,hybrid arm from phase3bp_true1min_cem_elite: cem seed interaction intraday_delta_30 x ret_vol_15 product,0.22296347
phase3bp_00048,e23051204f26ae2f6e84622c,"CSRank(Mul(ZScore(Delta($intraday_ret_from_open,20)),ZScore(Std($ret_1m,30))))",cem_interaction::rx_intraday_return::rx_volatility_state::product,phase3bp_true1min_hybrid_rx_cem,phase3bp_true1min_hybrid_rx_cem,intraday_ret_from_open|ret_1m,"['intraday_ret_from_open', 'ret_1m']",30,phase3bp:e23051204f26ae2f6e84622c,0.21434512,1,read_only_research_candidate,hybrid arm from phase3bp_true1min_cem_elite: cem seed interaction intraday_delta_20 x ret_vol_30 product,0.22285012
phase3bp_00049,e24ad83e87d7fbe8b655fa20,"CSRank(Mul(ZScore(Delta($intraday_ret_from_open,10)),ZScore(Std($ret_1m,30))))",cem_interaction::rx_intraday_return::rx_volatility_state::product,phase3bp_true1min_hybrid_rx_cem,phase3bp_true1min_hybrid_rx_cem,intraday_ret_from_open|ret_1m,"['intraday_ret_from_open', 'ret_1m']",30,phase3bp:e24ad83e87d7fbe8b655fa20,0.21432702,1,read_only_research_candidate,hybrid arm from phase3bp_true1min_cem_elite: cem seed interaction intraday_delta_10 x ret_vol_30 product,0.22262302
phase3bp_00050,e7ab4ef435533eff9ab3a00b,"CSRank(ZScore(Sub(Div(Sub($close,$low),Add(Abs(Sub($high,$low)),0.000001)),Mean(Div(Sub($close,$low),Add(Abs(Sub($high,$low)),0.000001)),10))))",cem_atom::rx_range_location::rank,phase3bp_true1min_hybrid_rx_cem,phase3bp_true1min_hybrid_rx_cem,close|high|low,"['close', 'high', 'low']",0,phase3bp:e7ab4ef435533eff9ab3a00b,0.20651939,1,read_only_research_candidate,hybrid arm from phase3bp_true1min_cem_elite: cem seed atom bar_loc_shift_10,0.20718939
phase3bp_00051,70059e34f028e13c03845e5a,"CSRank(ZScore(Sub(Div(Sub($close,$low),Add(Abs(Sub($high,$low)),0.000001)),Mean(Div(Sub($close,$low),Add(Abs(Sub($high,$low)),0.000001)),20))))",cem_atom::rx_range_location::rank,phase3bp_true1min_hybrid_rx_cem,phase3bp_true1min_hybrid_rx_cem,close|high|low,"['close', 'high', 'low']",0,phase3bp:70059e34f028e13c03845e5a,0.20655559,1,read_only_research_candidate,hybrid arm from phase3bp_true1min_cem_elite: cem seed atom bar_loc_shift_20,0.20702559
phase3bp_00052,79f1112e7eb77e8a8c7c6172,"CSRank(ZScore(Sub(Div(Sub($close,$low),Add(Abs(Sub($high,$low)),0.000001)),Mean(Div(Sub($close,$low),Add(Abs(Sub($high,$low)),0.000001)),15))))",cem_atom::rx_range_location::rank,phase3bp_true1min_hybrid_rx_cem,phase3bp_true1min_hybrid_rx_cem,close|high|low,"['close', 'high', 'low']",0,phase3bp:79f1112e7eb77e8a8c7c6172,0.20616629,1,read_only_research_candidate,hybrid arm from phase3bp_true1min_cem_elite: cem seed atom bar_loc_shift_15,0.20673529
phase3bp_00053,c17a68376722d7e7ad968e4c,"Neg(CSRank(ZScore(Sub(Div(Sub($close,$low),Add(Abs(Sub($high,$low)),0.000001)),Mean(Div(Sub($close,$low),Add(Abs(Sub($high,$low)),0.000001)),10)))))",cem_atom::rx_range_location::inverted,phase3bp_true1min_hybrid_rx_cem,phase3bp_true1min_hybrid_rx_cem,close|high|low,"['close', 'high', 'low']",0,phase3bp:c17a68376722d7e7ad968e4c,0.20733296,1,read_only_research_candidate,hybrid arm from phase3bp_true1min_cem_elite: cem seed atom bar_loc_shift_10,0.20211696
phase3bp_00054,0752a3b3511d4b7b0a6ed37c,"Neg(CSRank(ZScore(Sub(Div(Sub($close,$low),Add(Abs(Sub($high,$low)),0.000001)),Mean(Div(Sub($close,$low),Add(Abs(Sub($high,$low)),0.000001)),15)))))",cem_atom::rx_range_location::inverted,phase3bp_true1min_hybrid_rx_cem,phase3bp_true1min_hybrid_rx_cem,close|high|low,"['close', 'high', 'low']",0,phase3bp:0752a3b3511d4b7b0a6ed37c,0.20697986,1,read_only_research_candidate,hybrid arm from phase3bp_true1min_cem_elite: cem seed atom bar_loc_shift_15,0.20188686
phase3bp_00055,9c32cf7419759ab9c68a45c5,"CSRank(ZScore(Delta($intraday_ret_from_open,20)))",cem_atom::rx_intraday_return::rank,phase3bp_true1min_hybrid_rx_cem,phase3bp_true1min_hybrid_rx_cem,intraday_ret_from_open,['intraday_ret_from_open'],20,phase3bp:9c32cf7419759ab9c68a45c5,0.15317107,1,read_only_research_candidate,hybrid arm from phase3bp_true1min_cem_elite: cem seed atom intraday_delta_20,0.15779407
phase3bp_00056,5391229f3f4fe93579d29dc5,"Neg(CSRank(ZScore(Delta($intraday_ret_from_open,10))))",cem_atom::rx_intraday_return::inverted,phase3bp_true1min_hybrid_rx_cem,phase3bp_true1min_hybrid_rx_cem,intraday_ret_from_open,['intraday_ret_from_open'],10,phase3bp:5391229f3f4fe93579d29dc5,0.15312072,1,read_only_research_candidate,hybrid arm from phase3bp_true1min_cem_elite: cem seed atom intraday_delta_10,0.15776272
phase3bp_00057,cc94e18218a4a65153f73060,"Neg(CSRank(ZScore(Delta($intraday_ret_from_open,20))))",cem_atom::rx_intraday_return::inverted,phase3bp_true1min_hybrid_rx_cem,phase3bp_true1min_hybrid_rx_cem,intraday_ret_from_open,['intraday_ret_from_open'],20,phase3bp:cc94e18218a4a65153f73060,0.15315692,1,read_only_research_candidate,hybrid arm from phase3bp_true1min_cem_elite: cem seed atom intraday_delta_20,0.15761392
phase3bp_00058,014eeb8694ee03b47f3875fa,"CSRank(ZScore(Delta($intraday_ret_from_open,15)))",cem_atom::rx_intraday_return::rank,phase3bp_true1min_hybrid_rx_cem,phase3bp_true1min_hybrid_rx_cem,intraday_ret_from_open,['intraday_ret_from_open'],15,phase3bp:014eeb8694ee03b47f3875fa,0.15278177,1,read_only_research_candidate,hybrid arm from phase3bp_true1min_cem_elite: cem seed atom intraday_delta_15,0.15752077
phase3bp_00059,9165995ab31cc9104e17278f,"Neg(CSRank(ZScore(Delta($intraday_ret_from_open,15))))",cem_atom::rx_intraday_return::inverted,phase3bp_true1min_hybrid_rx_cem,phase3bp_true1min_hybrid_rx_cem,intraday_ret_from_open,['intraday_ret_from_open'],15,phase3bp:9165995ab31cc9104e17278f,0.15276762,1,read_only_research_candidate,hybrid arm from phase3bp_true1min_cem_elite: cem seed atom intraday_delta_15,0.15749662
phase3bp_00060,95cd54b879907f00126ec896,"CSRank(Sub(ZScore(Delta($ret_1m,8)),ZScore(Std(Div(Sub($high,$low),Add(Abs($open),0.000001)),30))))",cem_interaction::rx_intraday_return::rx_range_location::spread,phase3bp_true1min_hybrid_rx_cem,phase3bp_true1min_hybrid_rx_cem,high|low|open|ret_1m,"['high', 'low', 'open', 'ret_1m']",8,phase3bp:95cd54b879907f00126ec896,0.15274289,1,read_only_research_candidate,hybrid arm from phase3bp_true1min_cem_elite: cem seed interaction ret_delta_8 x range_vol_30 spread,0.15117089
phase3bp_00061,4585a91ac2810c33b6e000d7,"CSRank(Sub(ZScore(Delta($ret_1m,30)),ZScore(Std(Div(Sub($high,$low),Add(Abs($open),0.000001)),8))))",cem_interaction::rx_intraday_return::rx_range_location::spread,phase3bp_true1min_hybrid_rx_cem,phase3bp_true1min_hybrid_rx_cem,high|low|open|ret_1m,"['high', 'low', 'open', 'ret_1m']",30,phase3bp:4585a91ac2810c33b6e000d7,0.15274289,1,read_only_research_candidate,hybrid arm from phase3bp_true1min_cem_elite: cem seed interaction ret_delta_30 x range_vol_8 spread,0.15094389
phase3bp_00062,5d27192275a171befea4f66a,"CSRank(Sub(ZScore(Delta($ret_1m,30)),ZScore(Std(Div(Sub($high,$low),Add(Abs($open),0.000001)),10))))",cem_interaction::rx_intraday_return::rx_range_location::spread,phase3bp_true1min_hybrid_rx_cem,phase3bp_true1min_hybrid_rx_cem,high|low|open|ret_1m,"['high', 'low', 'open', 'ret_1m']",30,phase3bp:5d27192275a171befea4f66a,0.15087294,1,read_only_research_candidate,hybrid arm from phase3bp_true1min_cem_elite: cem seed interaction ret_delta_30 x range_vol_10 spread,0.14972994
phase3bp_00063,182b57e2ecdcdbfcdb597ebf,"CSRank(Sub(ZScore(Delta($ret_1m,30)),ZScore(Std(Div(Sub($high,$low),Add(Abs($open),0.000001)),15))))",cem_interaction::rx_intraday_return::rx_range_location::spread,phase3bp_true1min_hybrid_rx_cem,phase3bp_true1min_hybrid_rx_cem,high|low|open|ret_1m,"['high', 'low', 'open', 'ret_1m']",30,phase3bp:182b57e2ecdcdbfcdb597ebf,0.15069639,1,read_only_research_candidate,hybrid arm from phase3bp_true1min_cem_elite: cem seed interaction ret_delta_30 x range_vol_15 spread,0.14965539
phase3bp_00064,9719fd45dfd166dd6b6f60b6,"CSRank(Sub(ZScore(Delta($ret_1m,30)),ZScore(Std(Div(Sub($high,$low),Add(Abs($open),0.000001)),20))))",cem_interaction::rx_intraday_return::rx_range_location::spread,phase3bp_true1min_hybrid_rx_cem,phase3bp_true1min_hybrid_rx_cem,high|low|open|ret_1m,"['high', 'low', 'open', 'ret_1m']",30,phase3bp:9719fd45dfd166dd6b6f60b6,0.15089104,1,read_only_research_candidate,hybrid arm from phase3bp_true1min_cem_elite: cem seed interaction ret_delta_30 x range_vol_20 spread,0.14948004
phase3bp_00065,562a3c881eabef92cb786a09,"CSRank(Mul(Sign(ZScore($m1_first15_vwap_return_vs_open)),ZScore(Std($ret_1m,30))))",cem_interaction::rx_opening_divergence::rx_volatility_state::signed_state,phase3bp_true1min_hybrid_rx_cem,phase3bp_true1min_hybrid_rx_cem,m1_first15_vwap_return_vs_open|ret_1m,"['m1_first15_vwap_return_vs_open', 'ret_1m']",30,phase3bp:562a3c881eabef92cb786a09,0.12246149,1,read_only_research_candidate,hybrid arm from phase3bp_true1min_cem_elite: cem seed interaction m1_first15_vwap_open x ret_vol_30 signed_state,0.13136949
phase3bp_00066,4cf16c6385259474398561bc,"CSRank(Mul(Sign(ZScore($m1_first5_vwap_return_vs_open)),ZScore(Std($ret_1m,30))))",cem_interaction::rx_opening_divergence::rx_volatility_state::signed_state,phase3bp_true1min_hybrid_rx_cem,phase3bp_true1min_hybrid_rx_cem,m1_first5_vwap_return_vs_open|ret_1m,"['m1_first5_vwap_return_vs_open', 'ret_1m']",30,phase3bp:4cf16c6385259474398561bc,0.12215639,1,read_only_research_candidate,hybrid arm from phase3bp_true1min_cem_elite: cem seed interaction m1_first5_vwap_open x ret_vol_30 signed_state,0.13069639
phase3bp_00067,391156cd69d083d8877c832c,"CSRank(Mul(Sign(ZScore($m1_first15_vwap_return_vs_open)),ZScore(Std($ret_1m,8))))",cem_interaction::rx_opening_divergence::rx_volatility_state::signed_state,phase3bp_true1min_hybrid_rx_cem,phase3bp_true1min_hybrid_rx_cem,m1_first15_vwap_return_vs_open|ret_1m,"['m1_first15_vwap_return_vs_open', 'ret_1m']",8,phase3bp:391156cd69d083d8877c832c,0.11229439,1,read_only_research_candidate,hybrid arm from phase3bp_true1min_cem_elite: cem seed interaction m1_first15_vwap_open x ret_vol_8 signed_state,0.12128439
phase3bp_00068,c0349f3ace21969f9405dcb9,"CSRank(Mul(Sign(ZScore($m1_first5_vwap_return_vs_open)),ZScore(Std($ret_1m,8))))",cem_interaction::rx_opening_divergence::rx_volatility_state::signed_state,phase3bp_true1min_hybrid_rx_cem,phase3bp_true1min_hybrid_rx_cem,m1_first5_vwap_return_vs_open|ret_1m,"['m1_first5_vwap_return_vs_open', 'ret_1m']",8,phase3bp:c0349f3ace21969f9405dcb9,0.11198929,1,read_only_research_candidate,hybrid arm from phase3bp_true1min_cem_elite: cem seed interaction m1_first5_vwap_open x ret_vol_8 signed_state,0.12037229
phase3bp_00069,e3281940dd31430bf6416b8c,"CSRank(Sub(ZScore($m1_first15_vwap_return_vs_open),ZScore(Std($ret_1m,8))))",cem_interaction::rx_opening_divergence::rx_volatility_state::spread,phase3bp_true1min_hybrid_rx_cem,phase3bp_true1min_hybrid_rx_cem,m1_first15_vwap_return_vs_open|ret_1m,"['m1_first15_vwap_return_vs_open', 'ret_1m']",8,phase3bp:e3281940dd31430bf6416b8c,0.11042438,1,read_only_research_candidate,hybrid arm from phase3bp_true1min_cem_elite: cem seed interaction m1_first15_vwap_open x ret_vol_8 spread,0.11936138
phase3bp_00070,bf7b3b63b837317458546722,"CSRank(Mul(ZScore($m1_first5_vwap_return_vs_open),ZScore(Std($ret_1m,15))))",cem_interaction::rx_opening_divergence::rx_volatility_state::product,phase3bp_true1min_hybrid_rx_cem,phase3bp_true1min_hybrid_rx_cem,m1_first5_vwap_return_vs_open|ret_1m,"['m1_first5_vwap_return_vs_open', 'ret_1m']",15,phase3bp:bf7b3b63b837317458546722,0.11019532,1,read_only_research_candidate,hybrid arm from phase3bp_true1min_cem_elite: cem seed interaction m1_first5_vwap_open x ret_vol_15 product,0.11911832
phase3bp_00071,97e4185d0eb74120a09f3c84,"CSRank(Mul(ZScore($m1_first5_vwap_return_vs_open),ZScore(Std($ret_1m,20))))",cem_interaction::rx_opening_divergence::rx_volatility_state::product,phase3bp_true1min_hybrid_rx_cem,phase3bp_true1min_hybrid_rx_cem,m1_first5_vwap_return_vs_open|ret_1m,"['m1_first5_vwap_return_vs_open', 'ret_1m']",20,phase3bp:97e4185d0eb74120a09f3c84,0.11058462,1,read_only_research_candidate,hybrid arm from phase3bp_true1min_cem_elite: cem seed interaction m1_first5_vwap_open x ret_vol_20 product,0.11891262
phase3bp_00072,202e6a2ae79f23060378c07b,"CSRank(Mul(ZScore($m1_first15_vwap_return_vs_open),ZScore(Std($ret_1m,10))))",cem_interaction::rx_opening_divergence::rx_volatility_state::product,phase3bp_true1min_hybrid_rx_cem,phase3bp_true1min_hybrid_rx_cem,m1_first15_vwap_return_vs_open|ret_1m,"['m1_first15_vwap_return_vs_open', 'ret_1m']",10,phase3bp:202e6a2ae79f23060378c07b,0.11085352,1,read_only_research_candidate,hybrid arm from phase3bp_true1min_cem_elite: cem seed interaction m1_first15_vwap_open x ret_vol_10 product,0.11888752
phase3bp_00073,5919e4ec06c6b83579e260ad,"CSRank(Mul(ZScore($m1_first5_vwap_return_vs_open),ZScore(Std($ret_1m,10))))",cem_interaction::rx_opening_divergence::rx_volatility_state::product,phase3bp_true1min_hybrid_rx_cem,phase3bp_true1min_hybrid_rx_cem,m1_first5_vwap_return_vs_open|ret_1m,"['m1_first5_vwap_return_vs_open', 'ret_1m']",10,phase3bp:5919e4ec06c6b83579e260ad,0.11054842,1,read_only_research_candidate,hybrid arm from phase3bp_true1min_cem_elite: cem seed interaction m1_first5_vwap_open x ret_vol_10 product,0.11888042
phase3bp_00074,38d33a0aed8b1903bc7fb6cc,"CSRank(Mul(ZScore($m1_first15_vwap_return_vs_open),ZScore(Std($ret_1m,15))))",cem_interaction::rx_opening_divergence::rx_volatility_state::product,phase3bp_true1min_hybrid_rx_cem,phase3bp_true1min_hybrid_rx_cem,m1_first15_vwap_return_vs_open|ret_1m,"['m1_first15_vwap_return_vs_open', 'ret_1m']",15,phase3bp:38d33a0aed8b1903bc7fb6cc,0.11050042,1,read_only_research_candidate,hybrid arm from phase3bp_true1min_cem_elite: cem seed interaction m1_first15_vwap_open x ret_vol_15 product,0.11859042
phase3bp_00075,e6443e2221b80495e8f424fa,"CSRank(Mul(Sign(ZScore(Delta($intraday_ret_from_open,30))),ZScore(Delta($amount,30))))",cem_interaction::rx_intraday_return::rx_flow_amount_volume::signed_state,phase3bp_true1min_hybrid_rx_cem,phase3bp_true1min_hybrid_rx_cem,amount|intraday_ret_from_open,"['amount', 'intraday_ret_from_open']",30,phase3bp:e6443e2221b80495e8f424fa,0.10511218,1,read_only_research_candidate,hybrid arm from phase3bp_true1min_cem_elite: cem seed interaction intraday_delta_30 x amount_delta_30 signed_state,0.11386218
phase3bp_00076,1caecbcc47207d45b8052ec8,"CSRank(Mul(Sign(ZScore(Delta($intraday_ret_from_open,30))),ZScore(Delta($volume,30))))",cem_interaction::rx_intraday_return::rx_flow_amount_volume::signed_state,phase3bp_true1min_hybrid_rx_cem,phase3bp_true1min_hybrid_rx_cem,intraday_ret_from_open|volume,"['intraday_ret_from_open', 'volume']",30,phase3bp:1caecbcc47207d45b8052ec8,0.10323178,1,read_only_research_candidate,hybrid arm from phase3bp_true1min_cem_elite: cem seed interaction intraday_delta_30 x volume_delta_30 signed_state,0.11198678
phase3bp_00077,227773a29cc9e522cb9db66a,"CSRank(Sub(ZScore(Delta($intraday_ret_from_open,30)),ZScore(Delta($volume,30))))",cem_interaction::rx_intraday_return::rx_flow_amount_volume::spread,phase3bp_true1min_hybrid_rx_cem,phase3bp_true1min_hybrid_rx_cem,intraday_ret_from_open|volume,"['intraday_ret_from_open', 'volume']",30,phase3bp:227773a29cc9e522cb9db66a,0.09966964,1,read_only_research_candidate,hybrid arm from phase3bp_true1min_cem_elite: cem seed interaction intraday_delta_30 x volume_delta_30 spread,0.10847264
phase3bp_00078,3e377d372af9a20d103cc7bc,"CSRank(Mul(Sign(ZScore(Delta($intraday_ret_from_open,8))),ZScore(Delta($amount,30))))",cem_interaction::rx_intraday_return::rx_flow_amount_volume::signed_state,phase3bp_true1min_hybrid_rx_cem,phase3bp_true1min_hybrid_rx_cem,amount|intraday_ret_from_open,"['amount', 'intraday_ret_from_open']",30,phase3bp:3e377d372af9a20d103cc7bc,0.10002863,1,read_only_research_candidate,hybrid arm from phase3bp_true1min_cem_elite: cem seed interaction intraday_delta_8 x amount_delta_30 signed_state,0.10846563
phase3bp_00079,d172c585075626dc245fb98e,"CSRank(Mul(Sign(ZScore(Delta($intraday_ret_from_open,30))),ZScore(Delta($amount,8))))",cem_interaction::rx_intraday_return::rx_flow_amount_volume::signed_state,phase3bp_true1min_hybrid_rx_cem,phase3bp_true1min_hybrid_rx_cem,amount|intraday_ret_from_open,"['amount', 'intraday_ret_from_open']",30,phase3bp:d172c585075626dc245fb98e,0.10002863,1,read_only_research_candidate,hybrid arm from phase3bp_true1min_cem_elite: cem seed interaction intraday_delta_30 x amount_delta_8 signed_state,0.10843363
phase3bp_00080,f90da8078b6b2e8eee115b72,"CSRank(Mul(ZScore(Delta($intraday_ret_from_open,30)),ZScore(Delta($amount,20))))",cem_interaction::rx_intraday_return::rx_flow_amount_volume::product,phase3bp_true1min_hybrid_rx_cem,phase3bp_true1min_hybrid_rx_cem,amount|intraday_ret_from_open,"['amount', 'intraday_ret_from_open']",30,phase3bp:f90da8078b6b2e8eee115b72,0.09878368,1,read_only_research_candidate,hybrid arm from phase3bp_true1min_cem_elite: cem seed interaction intraday_delta_30 x amount_delta_20 product,0.10774368
phase3bp_00081,d3e5c255593dd37cda7c52b8,"CSRank(Mul(ZScore(Delta($intraday_ret_from_open,30)),ZScore(Delta($amount,10))))",cem_interaction::rx_intraday_return::rx_flow_amount_volume::product,phase3bp_true1min_hybrid_rx_cem,phase3bp_true1min_hybrid_rx_cem,amount|intraday_ret_from_open,"['amount', 'intraday_ret_from_open']",30,phase3bp:d3e5c255593dd37cda7c52b8,0.09876558,1,read_only_research_candidate,hybrid arm from phase3bp_true1min_cem_elite: cem seed interaction intraday_delta_30 x amount_delta_10 product,0.10767958
phase3bp_00082,1e7eee0c55700f3c4ff30033,"CSRank(Mul(ZScore(Delta($intraday_ret_from_open,8)),ZScore(Delta($volume,30))))",cem_interaction::rx_intraday_return::rx_flow_amount_volume::product,phase3bp_true1min_hybrid_rx_cem,phase3bp_true1min_hybrid_rx_cem,intraday_ret_from_open|volume,"['intraday_ret_from_open', 'volume']",30,phase3bp:1e7eee0c55700f3c4ff30033,0.09875513,1,read_only_research_candidate,hybrid arm from phase3bp_true1min_cem_elite: cem seed interaction intraday_delta_8 x volume_delta_30 product,0.10732913
phase3bp_00083,0a942a094218e6e9859cfc01,"CSRank(Mul(ZScore(Delta($intraday_ret_from_open,30)),ZScore(Delta($volume,8))))",cem_interaction::rx_intraday_return::rx_flow_amount_volume::product,phase3bp_true1min_hybrid_rx_cem,phase3bp_true1min_hybrid_rx_cem,intraday_ret_from_open|volume,"['intraday_ret_from_open', 'volume']",30,phase3bp:0a942a094218e6e9859cfc01,0.09875513,1,read_only_research_candidate,hybrid arm from phase3bp_true1min_cem_elite: cem seed interaction intraday_delta_30 x volume_delta_8 product,0.10704513
phase3bp_00084,dc22ac3de9b062e99d10b772,"CSRank(Mul(Sign(ZScore(Delta($intraday_ret_from_open,30))),ZScore(Delta($volume,8))))",cem_interaction::rx_intraday_return::rx_flow_amount_volume::signed_state,phase3bp_true1min_hybrid_rx_cem,phase3bp_true1min_hybrid_rx_cem,intraday_ret_from_open|volume,"['intraday_ret_from_open', 'volume']",30,phase3bp:dc22ac3de9b062e99d10b772,0.09814823,1,read_only_research_candidate,hybrid arm from phase3bp_true1min_cem_elite: cem seed interaction intraday_delta_30 x volume_delta_8 signed_state,0.10694423
phase3bp_00085,eac8039dd584de14582c9d95,"CSRank(Sub(ZScore(Sub(Div(Sub($close,$low),Add(Abs(Sub($high,$low)),0.000001)),Mean(Div(Sub($close,$low),Add(Abs(Sub($high,$low)),0.000001)),30))),ZScore(Div($m1_first30_vol,Add(Abs($volume),0.000001)))))",cem_interaction::rx_range_location::rx_opening_amount::spread,phase3bp_true1min_hybrid_rx_cem,phase3bp_true1min_hybrid_rx_cem,close|high|low|m1_first30_vol|volume,"['close', 'high', 'low', 'm1_first30_vol', 'volume']",0,phase3bp:eac8039dd584de14582c9d95,0.09773416,1,read_only_research_candidate,hybrid arm from phase3bp_true1min_cem_elite: cem seed interaction bar_loc_shift_30 x m1_first30_vol spread,0.10636116
phase3bp_00086,0f4875de36695ae3e001525a,"CSRank(Sub(ZScore(Sub(Div(Sub($close,$low),Add(Abs(Sub($high,$low)),0.000001)),Mean(Div(Sub($close,$low),Add(Abs(Sub($high,$low)),0.000001)),30))),ZScore(Std($ret_1m,8))))",cem_interaction::rx_range_location::rx_volatility_state::spread,phase3bp_true1min_hybrid_rx_cem,phase3bp_true1min_hybrid_rx_cem,close|high|low|ret_1m,"['close', 'high', 'low', 'ret_1m']",8,phase3bp:0f4875de36695ae3e001525a,0.10532913,1,read_only_research_candidate,hybrid arm from phase3bp_true1min_cem_elite: cem seed interaction bar_loc_shift_30 x ret_vol_8 spread,0.10391813
phase3bp_00087,d118e0d51da4787e138e5a78,"CSRank(Sub(ZScore(Sub(Div(Sub($close,$low),Add(Abs(Sub($high,$low)),0.000001)),Mean(Div(Sub($close,$low),Add(Abs(Sub($high,$low)),0.000001)),8))),ZScore(Std($ret_1m,30))))",cem_interaction::rx_range_location::rx_volatility_state::spread,phase3bp_true1min_hybrid_rx_cem,phase3bp_true1min_hybrid_rx_cem,close|high|low|ret_1m,"['close', 'high', 'low', 'ret_1m']",30,phase3bp:d118e0d51da4787e138e5a78,0.10532913,1,read_only_research_candidate,hybrid arm from phase3bp_true1min_cem_elite: cem seed interaction bar_loc_shift_8 x ret_vol_30 spread,0.10372113
phase3bp_00088,47cb578e2f03a5301ac0aa5c,"CSRank(Sub(ZScore(Delta($intraday_ret_from_open,30)),ZScore(Std(Div(Sub($high,$low),Add(Abs($open),0.000001)),8))))",cem_interaction::rx_intraday_return::rx_range_location::spread,phase3bp_true1min_hybrid_rx_cem,phase3bp_true1min_hybrid_rx_cem,high|intraday_ret_from_open|low|open,"['high', 'intraday_ret_from_open', 'low', 'open']",30,phase3bp:47cb578e2f03a5301ac0aa5c,0.10510523,1,read_only_research_candidate,hybrid arm from phase3bp_true1min_cem_elite: cem seed interaction intraday_delta_30 x range_vol_8 spread,0.10321623
phase3bp_00089,30bbb991ff8991275e8e9507,"CSRank(Sub(ZScore(Sub(Div(Sub($close,$low),Add(Abs(Sub($high,$low)),0.000001)),Mean(Div(Sub($close,$low),Add(Abs(Sub($high,$low)),0.000001)),20))),ZScore(Std($ret_1m,30))))",cem_interaction::rx_range_location::rx_volatility_state::spread,phase3bp_true1min_hybrid_rx_cem,phase3bp_true1min_hybrid_rx_cem,close|high|low|ret_1m,"['close', 'high', 'low', 'ret_1m']",30,phase3bp:30bbb991ff8991275e8e9507,0.10347728,1,read_only_research_candidate,hybrid arm from phase3bp_true1min_cem_elite: cem seed interaction bar_loc_shift_20 x ret_vol_30 spread,0.10226228
phase3bp_00090,05ee39b081ec1adc159c871e,"CSRank(Sub(ZScore(Sub(Div(Sub($close,$low),Add(Abs(Sub($high,$low)),0.000001)),Mean(Div(Sub($close,$low),Add(Abs(Sub($high,$low)),0.000001)),30))),ZScore(Std($ret_1m,20))))",cem_interaction::rx_range_location::rx_volatility_state::spread,phase3bp_true1min_hybrid_rx_cem,phase3bp_true1min_hybrid_rx_cem,close|high|low|ret_1m,"['close', 'high', 'low', 'ret_1m']",20,phase3bp:05ee39b081ec1adc159c871e,0.10347728,1,read_only_research_candidate,hybrid arm from phase3bp_true1min_cem_elite: cem seed interaction bar_loc_shift_30 x ret_vol_20 spread,0.10214228
phase3bp_00091,bc2f440dc8e9a9ef892f1bef,"CSRank(Sub(ZScore(Delta($intraday_ret_from_open,30)),ZScore(Std(Div(Sub($high,$low),Add(Abs($open),0.000001)),20))))",cem_interaction::rx_intraday_return::rx_range_location::spread,phase3bp_true1min_hybrid_rx_cem,phase3bp_true1min_hybrid_rx_cem,high|intraday_ret_from_open|low|open,"['high', 'intraday_ret_from_open', 'low', 'open']",30,phase3bp:bc2f440dc8e9a9ef892f1bef,0.10325338,1,read_only_research_candidate,hybrid arm from phase3bp_true1min_cem_elite: cem seed interaction intraday_delta_30 x range_vol_20 spread,0.10212138
phase3bp_00092,3b3b67adb1f5352c85f481bf,"CSRank(Sub(ZScore(Sub(Div(Sub($close,$low),Add(Abs(Sub($high,$low)),0.000001)),Mean(Div(Sub($close,$low),Add(Abs(Sub($high,$low)),0.000001)),15))),ZScore(Std($ret_1m,30))))",cem_interaction::rx_range_location::rx_volatility_state::spread,phase3bp_true1min_hybrid_rx_cem,phase3bp_true1min_hybrid_rx_cem,close|high|low|ret_1m,"['close', 'high', 'low', 'ret_1m']",30,phase3bp:3b3b67adb1f5352c85f481bf,0.10328263,1,read_only_research_candidate,hybrid arm from phase3bp_true1min_cem_elite: cem seed interaction bar_loc_shift_15 x ret_vol_30 spread,0.10211363
phase3bp_00093,c8af19143070433e5893b16e,"CSRank(Mul(ZScore(Sub(Div(Sub($close,$low),Add(Abs(Sub($high,$low)),0.000001)),Mean(Div(Sub($close,$low),Add(Abs(Sub($high,$low)),0.000001)),30))),ZScore(Div($m1_first30_vol,Add(Abs($volume),0.000001)))))",cem_interaction::rx_range_location::rx_opening_amount::product,phase3bp_true1min_hybrid_rx_cem,phase3bp_true1min_hybrid_rx_cem,close|high|low|m1_first30_vol|volume,"['close', 'high', 'low', 'm1_first30_vol', 'volume']",0,phase3bp:c8af19143070433e5893b16e,0.10004375,1,read_only_research_candidate,hybrid arm from phase3bp_true1min_cem_elite: cem seed interaction bar_loc_shift_30 x m1_first30_vol product,0.10206875
phase3bp_00094,e990ba73503599218c539074,"CSRank(Sub(ZScore(Delta($intraday_ret_from_open,15)),ZScore(Std(Div(Sub($high,$low),Add(Abs($open),0.000001)),30))))",cem_interaction::rx_intraday_return::rx_range_location::spread,phase3bp_true1min_hybrid_rx_cem,phase3bp_true1min_hybrid_rx_cem,high|intraday_ret_from_open|low|open,"['high', 'intraday_ret_from_open', 'low', 'open']",15,phase3bp:e990ba73503599218c539074,0.10305873,1,read_only_research_candidate,hybrid arm from phase3bp_true1min_cem_elite: cem seed interaction intraday_delta_15 x range_vol_30 spread,0.10199673
phase3bp_00095,e37d49511f69dcda7e857c5f,"CSRank(Sub(ZScore(Div($m1_first30_range,Add(Abs($open),0.000001))),ZScore(Std(Div(Sub($high,$low),Add(Abs($open),0.000001)),30))))",cem_interaction::rx_opening_range::rx_range_location::spread,phase3bp_true1min_hybrid_rx_cem,phase3bp_true1min_hybrid_rx_cem,high|low|m1_first30_range|open,"['high', 'low', 'm1_first30_range', 'open']",0,phase3bp:e37d49511f69dcda7e857c5f,0.09408097,1,read_only_research_candidate,hybrid arm from phase3bp_true1min_cem_elite: cem seed interaction m1_first30_range x range_vol_30 spread,0.09882597
phase3bp_00096,2ea18753cf9486b443d45ccd,"CSRank(Mul(ZScore(Delta($intraday_ret_from_open,30)),ZScore(Std(Div(Sub($high,$low),Add(Abs($open),0.000001)),8))))",cem_interaction::rx_intraday_return::rx_range_location::product,phase3bp_true1min_hybrid_rx_cem,phase3bp_true1min_hybrid_rx_cem,high|intraday_ret_from_open|low|open,"['high', 'intraday_ret_from_open', 'low', 'open']",30,phase3bp:2ea18753cf9486b443d45ccd,0.10609187,1,read_only_research_candidate,hybrid arm from phase3bp_true1min_cem_elite: cem seed interaction intraday_delta_30 x range_vol_8 product,0.09809887
