book,date,daily_return
Core4,2025-07-01,0.00374157278652257
Core4,2025-07-02,0.0005647866942096319
Core4,2025-07-03,-0.03346029460858206
Core4,2025-07-04,0.12699982172037436
Core4,2025-07-05,-0.0056709208888414
Core4,2025-07-06,0.057779311996598054
Core4,2025-07-07,0.13098792780401539
Core4,2025-07-08,-0.09296514321529059
Core4,2025-07-09,-0.1994738065376642
Core4,2025-07-10,-0.44610974231997785
Core4,2025-07-11,-0.08802606180070915
Core4,2025-07-12,-0.021265492463461325
Core4,2025-07-13,-0.3019729197811599
Core4,2025-07-14,-0.040495404166068304
Core4,2025-07-15,-0.07223210578602911
Core4,2025-07-16,-0.26364419242326376
Core4,2025-07-17,-0.45274401653937635
Core4,2025-07-18,-0.0803670805119461
Core4,2025-07-19,-0.007682517967549163
Core4,2025-07-20,-0.025587794915006158
Core4,2025-07-21,-0.10532831752779878
Core4,2025-07-22,-0.01868388931093489
Core4,2025-07-23,-0.037721050041201416
Core4,2025-07-24,0.06604901345894267
Core4,2025-07-25,-0.07342223431791112
Core4,2025-07-26,0.0433087470713618
Core4,2025-07-27,0.14159160572991467
Core4,2025-07-28,-0.0739460835466047
Core4,2025-07-29,0.004125675122302259
Core4,2025-07-30,-0.06264899623570169
Core4,2025-07-31,-0.0476693651594987
Core4,2025-08-01,0.06197192365316875
Core4,2025-08-02,0.01922132175233468
Core4,2025-08-03,-0.05475948820524276
Core4,2025-08-04,-0.09793591406635041
Core4,2025-08-05,0.05915888077389669
Core4,2025-08-06,0.0556750368195378
Core4,2025-08-07,-0.24087706622541702
Core4,2025-08-08,-0.17649643196243867
Core4,2025-08-09,0.057297112198275844
Core4,2025-08-10,0.08809720539954143
Core4,2025-08-11,0.07058447662590087
Core4,2025-08-12,0.12261978302827327
Core4,2025-08-13,0.02857209370036492
Core4,2025-08-14,0.13758860902997214
Core4,2025-08-15,0.03026200501309405
Core4,2025-08-16,0.11278782669497624
Core4,2025-08-17,0.10520551165984131
Core4,2025-08-18,0.07531125337541852
Core4,2025-08-19,0.11457316245836084
Core4,2025-08-20,-0.1265416650219668
Core4,2025-08-21,0.004773743591865685
Core4,2025-08-22,-0.13928407726661146
Core4,2025-08-23,0.003914790650472096
Core4,2025-08-24,0.058874776315220964
Core4,2025-08-25,0.2380919687214853
Core4,2025-08-26,0.019171421562790288
Core4,2025-08-27,-0.14322898028204104
Core4,2025-08-28,-0.012118788831978729
Core4,2025-08-29,0.11623585248703341
Core4,2025-08-30,-0.020500363934273565
Core4,2025-08-31,0.06671489009700976
Core4,2025-09-01,-0.08321561964176111
Core4,2025-09-02,-0.17671748813215998
Core4,2025-09-03,0.03959676449315362
Core4,2025-09-04,0.11964841015480615
Core4,2025-09-05,-0.05638073334271994
Core4,2025-09-06,0.09329591508263048
Core4,2025-09-07,0.0014304582243134826
Core4,2025-09-08,-0.2633349275435768
Core4,2025-09-09,-0.08083218092506124
Core4,2025-09-10,-0.1990162669689946
Core4,2025-09-11,0.11030961065758384
Core4,2025-09-12,-0.009177909333202373
Core4,2025-09-13,0.01167520672393424
Core4,2025-09-14,0.11508504471104143
Core4,2025-09-15,0.19129290432482238
Core4,2025-09-16,0.07973127993404602
Core4,2025-09-17,0.19027227843138766
Core4,2025-09-18,-0.08397152979940567
Core4,2025-09-19,0.15466074895214169
Core4,2025-09-20,0.05171935583921396
Core4,2025-09-21,0.06527770968522877
Core4,2025-09-22,0.01604785260778545
Core4,2025-09-23,-0.021064318497636444
Core4,2025-09-24,-0.1495758825368557
Core4,2025-09-25,0.04356694127871479
Core4,2025-09-26,-0.017694856017381362
Core4,2025-09-27,0.04098070955891278
Core4,2025-09-28,-0.004075488107757369
Core4,2025-09-29,0.06654827847183939
Core4,2025-09-30,-0.004274445897660626
Core4,2025-10-01,-0.19015127289288003
Core4,2025-10-02,0.25048907452902386
Core4,2025-10-03,-0.12524106849633618
Core4,2025-10-04,0.0710453566717885
Core4,2025-10-05,0.18997673865536438
Core4,2025-10-06,0.2511105761716621
Core4,2025-10-07,0.38233815697426055
Core4,2025-10-08,0.10263984724706857
Core4,2025-10-09,-0.12946238252225542
Core4,2025-10-10,0.7785375997651692
Core4,2025-10-11,-0.1453341355987274
Core4,2025-10-12,-0.18722807966095162
Core4,2025-10-13,0.24916413863005318
Core4,2025-10-14,-0.055044147019599615
Core4,2025-10-15,0.11675452461663459
Core4,2025-10-16,0.0022764924824365622
Core4,2025-10-17,0.050214891988426186
Core4,2025-10-18,-0.07755776240791801
Core4,2025-10-19,-0.06997940906977265
Core4,2025-10-20,-0.0724541988908137
Core4,2025-10-21,0.15622811569689973
Core4,2025-10-22,0.043075530207170316
Core4,2025-10-23,0.02012589688416495
Core4,2025-10-24,-0.049019922286857004
Core4,2025-10-25,0.06676944728669587
Core4,2025-10-26,0.04884659872691033
Core4,2025-10-27,0.09189857904549256
Core4,2025-10-28,0.0201433034746059
Core4,2025-10-29,0.09574609301693862
Core4,2025-10-30,0.14196537404106557
Core4,2025-10-31,-0.05820059604362969
Core4,2025-11-01,0.017337294036281536
Core4,2025-11-02,-0.011032908764761151
Core4,2025-11-03,-0.03288635874168398
Core4,2025-11-04,0.03490156537286604
Core4,2025-11-05,-0.012337301952246058
Core4,2025-11-06,0.03237013604770265
Core4,2025-11-07,-0.22091444056081916
Core4,2025-11-08,0.05920429979532958
Core4,2025-11-09,-0.0014439377427276183
Core4,2025-11-10,0.17369235366958563
Core4,2025-11-11,-0.02363402934612501
Core4,2025-11-12,-0.011633116375142808
Core4,2025-11-13,0.0659903037282807
Core4,2025-11-14,-0.13362134074046278
Core4,2025-11-15,0.10763269304171762
Core4,2025-11-16,0.08411339519452797
Core4,2025-11-17,0.09470092923047162
Core4,2025-11-18,-0.03778059378158202
Core4,2025-11-19,0.01431941339822964
Core4,2025-11-20,0.1817021597295725
Core4,2025-11-21,0.4935714112616208
Core4,2025-11-22,0.07158490923429821
Core4,2025-11-23,0.03279035432214232
Core4,2025-11-24,0.020156869086332165
Core4,2025-11-25,0.007608619957100864
Core4,2025-11-26,0.10288771977105929
Core4,2025-11-27,0.0032768915958626592
Core4,2025-11-28,-0.05598165327585238
Core4,2025-11-29,0.043888706048798624
Core4,2025-11-30,0.2565394690537146
Core4,2025-12-01,-0.007010386715143818
Core4,2025-12-02,-0.13120613269530926
Core4,2025-12-03,-0.04047630422337674
Core4,2025-12-04,0.03036566913855969
Core4,2025-12-05,0.060617834987692576
Core4,2025-12-06,0.04042768152200468
Core4,2025-12-07,0.0384357594645491
Core4,2025-12-08,-0.0011703399646061214
Core4,2025-12-09,-0.1521817140415518
Core4,2025-12-10,-0.02706130970496841
Core4,2025-12-11,-0.023361467777974893
Core4,2025-12-12,0.12398857549609045
Core4,2025-12-13,0.07121908542001136
Core4,2025-12-14,-0.0002364061428710071
Core4,2025-12-15,-0.021662721722185786
Core4,2025-12-16,0.12075323840851337
Core4,2025-12-17,0.08471319541028072
Core4,2025-12-18,-0.11791177284892712
Core4,2025-12-19,0.10539007191759026
Core4,2025-12-20,0.002625336112466147
Core4,2025-12-21,-0.029578710711451173
Core4,2025-12-22,0.039314619236824194
Core4,2025-12-23,-0.036262055324327476
Core4,2025-12-24,-0.0429485244094215
Core4,2025-12-25,0.029728303985321114
Core4,2025-12-26,-0.010452188646098978
Core4,2025-12-27,-0.21547494550000054
Core4,2025-12-28,0.03285083001604137
Core4,2025-12-29,0.11345321373790425
Core4,2025-12-30,0.012331351228247493
Core4,2025-12-31,-0.05737856585782275
Core4,2026-01-01,0.3460272426243403
Core4,2026-01-02,-0.2566606230636725
Core4,2026-01-03,-0.030590131013280574
Core4,2026-01-04,0.09539034806862717
Core4,2026-01-05,0.2053224899552575
Core4,2026-01-06,0.0809839325253297
Core4,2026-01-07,0.0348453834421901
Core4,2026-01-08,0.029678491698723587
Core4,2026-01-09,0.090529434410809
Core4,2026-01-10,-0.07831880963788797
Core4,2026-01-11,-0.09243078103788763
Core4,2026-01-12,-0.056033716266448846
Core4,2026-01-13,-0.0875771874839049
Core4,2026-01-14,0.1757286500090961
Core4,2026-01-15,-0.07636012976177968
Core4,2026-01-16,-0.0676923275160308
Core4,2026-01-17,0.027984189021362425
Core4,2026-01-18,-0.0936841903165543
Core4,2026-01-19,-0.017887658187436702
Core4,2026-01-20,0.08448317236767827
Core4,2026-01-21,0.0003467931652577654
Core4,2026-01-22,0.037527359613323236
Core4,2026-01-23,-0.006312770799454108
Core4,2026-01-24,-0.031161530731038035
Core4,2026-01-25,-0.09533878566106516
Core4,2026-01-26,0.03713142588551669
Core4,2026-01-27,0.07259360017996282
Core4,2026-01-28,-0.011321475733192173
Core4,2026-01-29,-0.015000148489733998
Core4,2026-01-30,0.0554447311387313
Core4,2026-01-31,0.009226044815231392
Core4,2026-02-01,-0.0053374617312713455
Core4,2026-02-02,-0.0078016216991054765
Core4,2026-02-03,-0.10248011429929929
Core4,2026-02-04,-0.13979116251251156
Core4,2026-02-05,0.04374551921806718
Core4,2026-02-06,0.04958284160867364
Core4,2026-02-07,-0.03499359292872102
Core4,2026-02-08,0.053053245496467075
Core4,2026-02-09,0.037511739941347544
Core4,2026-02-10,-0.029622119600026642
Core4,2026-02-11,-0.026069218260101196
Core4,2026-02-12,-0.021933556725159144
Core4,2026-02-13,0.07483532884040205
Core4,2026-02-14,-0.08165923325380588
Core4,2026-02-15,0.09660607463968146
Core4,2026-02-16,-0.03755468169736771
Core4,2026-02-17,0.08767240692961153
Core4,2026-02-18,-0.03416372093959049
Core4,2026-02-19,0.07007576507252947
Core4,2026-02-20,0.030926774375432065
Core4,2026-02-21,-0.05213115963803961
Core4,2026-02-22,0.028150404382068485
Core4,2026-02-23,0.10529966535591208
Core4,2026-02-24,0.03521343099515336
Core4,2026-02-25,0.02717722949390958
Core4,2026-02-26,-0.005249446447629933
Core4,2026-02-27,0.005485560136708374
Core4,2026-02-28,0.11809236402683783
Core4,2026-03-01,-0.010127532462138334
Core4,2026-03-02,0.005256789274546574
Core4,2026-03-03,-0.06780818739259531
Core4,2026-03-04,0.3082662302290487
Core4,2026-03-05,-0.07477314532809085
Core4,2026-03-06,0.0020580943869845133
Core4,2026-03-07,-0.03713575028709325
Core4,2026-03-08,-0.014156764571581762
Core4,2026-03-09,-0.03158895061768358
Core4,2026-03-10,0.04937702480716156
Core4,2026-03-11,0.01727956139395539
Core4,2026-03-12,-0.03341886556392751
Core4,2026-03-13,0.09781781453835711
Core4,2026-03-14,0.03330825654961818
Core4,2026-03-15,-0.04674330630422163
Core4,2026-03-16,-0.1026159085720546
Core4,2026-03-17,-0.043498182692997656
Core4,2026-03-18,0.0780343866081009
Core4,2026-03-19,-0.036684022808199775
Core4,2026-03-20,-0.04873768461297577
Core4,2026-03-21,-0.04593323019154663
Core4,2026-03-22,-0.03604903561331174
Core4,2026-03-23,-0.01654004172809369
Core4,2026-03-24,0.003003614111759032
Core4,2026-03-25,0.026988704567234813
Core4,2026-03-26,0.07895384923469591
Core4,2026-03-27,-0.04576184200766292
Core4,2026-03-28,0.050782456813718214
Core4,2026-03-29,-0.026854068031695558
Core4,2026-03-30,0.023835337151183734
Core4,2026-03-31,0.04495395554151168
Core4,2026-04-01,-0.014735578184121785
Core4,2026-04-02,0.006107914600024949
Core4,2026-04-03,0.04224189805292358
Core4,2026-04-04,-0.0035483154263164915
Core4,2026-04-05,-0.07142439576977615
Core4,2026-04-06,0.2387487332144771
Core4,2026-04-07,0.18552626822481438
Core4,2026-04-08,0.21069738905643767
Core4,2026-04-09,-0.0008409387888941352
Core4,2026-04-10,0.07062208682745409
Core4,2026-04-11,0.0761878757501845
Core4,2026-04-12,-0.027025193012211138
Core4,2026-04-13,-0.12313008631677565
Core4,2026-04-14,0.09897222345556395
Core4,2026-04-15,0.01537524369695847
Core4,2026-04-16,-0.13905387440991562
Core4,2026-04-17,0.15588121855864193
Core4,2026-04-18,0.02579449717900289
Core4,2026-04-19,-0.01978983042376105
Core4,2026-04-20,0.017312944612457696
Core4,2026-04-21,0.005822124518469125
Core4,2026-04-22,0.13631611952956477
Core4,2026-04-23,-0.0017879009596678238
Core4,2026-04-24,-0.06748798770930937
Core4,2026-04-25,0.028279265795047373
Core4,2026-04-26,0.011392161242718402
Core4,2026-04-27,-0.07419678754495668
Core4,2026-04-28,-0.08623114650187269
Core4,2026-04-29,-0.14482278354074357
Core4,2026-04-30,0.0052602521399498095
CoreSupport8,2025-07-01,-0.006920185095395397
CoreSupport8,2025-07-02,0.010399830884356453
CoreSupport8,2025-07-03,-0.03109131459108196
CoreSupport8,2025-07-04,0.14093496833647845
CoreSupport8,2025-07-05,-0.013912759179532627
CoreSupport8,2025-07-06,0.05006301978401225
CoreSupport8,2025-07-07,0.1354002704869485
CoreSupport8,2025-07-08,-0.07911185766762319
CoreSupport8,2025-07-09,-0.20679445187930134
CoreSupport8,2025-07-10,-0.48139480078903124
CoreSupport8,2025-07-11,-0.0814921812186312
CoreSupport8,2025-07-12,-0.0019642106677013223
CoreSupport8,2025-07-13,-0.28801604684423954
CoreSupport8,2025-07-14,-0.08277286800123505
CoreSupport8,2025-07-15,-0.07587518577890798
CoreSupport8,2025-07-16,-0.27973212251555113
CoreSupport8,2025-07-17,-0.47127356265316417
CoreSupport8,2025-07-18,0.005318900076976324
CoreSupport8,2025-07-19,0.06035830197934596
CoreSupport8,2025-07-20,0.01448972554331185
CoreSupport8,2025-07-21,-0.096044015962758
CoreSupport8,2025-07-22,0.08374917599974654
CoreSupport8,2025-07-23,-0.017454483112910153
CoreSupport8,2025-07-24,0.08253530637915943
CoreSupport8,2025-07-25,-0.046952056712918924
CoreSupport8,2025-07-26,-0.03333724703103077
CoreSupport8,2025-07-27,0.10692297935688035
CoreSupport8,2025-07-28,-0.00828563451755441
CoreSupport8,2025-07-29,0.004419168046893768
CoreSupport8,2025-07-30,-0.07009036761491685
CoreSupport8,2025-07-31,-0.08479400364931707
CoreSupport8,2025-08-01,0.048500472358961516
CoreSupport8,2025-08-02,-0.015832582660667945
CoreSupport8,2025-08-03,-0.09018091239945489
CoreSupport8,2025-08-04,-0.14798123569722116
CoreSupport8,2025-08-05,0.07933920536634248
CoreSupport8,2025-08-06,0.07555530480024245
CoreSupport8,2025-08-07,-0.13555823207116763
CoreSupport8,2025-08-08,-0.19666752236978574
CoreSupport8,2025-08-09,-0.07132791730648874
CoreSupport8,2025-08-10,0.09596045575377879
CoreSupport8,2025-08-11,0.060283870155616905
CoreSupport8,2025-08-12,0.11089346680835777
CoreSupport8,2025-08-13,-0.05691465270711681
CoreSupport8,2025-08-14,0.14400831344751946
CoreSupport8,2025-08-15,0.0783054372876665
CoreSupport8,2025-08-16,0.10804644666265459
CoreSupport8,2025-08-17,0.132676368121122
CoreSupport8,2025-08-18,0.07933217105665707
CoreSupport8,2025-08-19,0.10765299617536284
CoreSupport8,2025-08-20,-0.06000347337220035
CoreSupport8,2025-08-21,0.02942107074688113
CoreSupport8,2025-08-22,-0.13529633674063962
CoreSupport8,2025-08-23,-0.062053905823527475
CoreSupport8,2025-08-24,0.10990815555875297
CoreSupport8,2025-08-25,0.2173179853804581
CoreSupport8,2025-08-26,0.02356065043610945
CoreSupport8,2025-08-27,-0.09483208706677039
CoreSupport8,2025-08-28,0.018358569782673976
CoreSupport8,2025-08-29,0.08624896562783656
CoreSupport8,2025-08-30,0.013128574576838591
CoreSupport8,2025-08-31,0.09227406943939387
CoreSupport8,2025-09-01,-0.05360865263037473
CoreSupport8,2025-09-02,-0.13326830809879903
CoreSupport8,2025-09-03,0.04578307962425052
CoreSupport8,2025-09-04,0.10182433636249304
CoreSupport8,2025-09-05,-0.07649287755308103
CoreSupport8,2025-09-06,0.085480333261681
CoreSupport8,2025-09-07,0.034677047844473854
CoreSupport8,2025-09-08,-0.2815341042477055
CoreSupport8,2025-09-09,-0.08031238203262858
CoreSupport8,2025-09-10,-0.22090831077961057
CoreSupport8,2025-09-11,0.07938069548751728
CoreSupport8,2025-09-12,-0.026146276409364635
CoreSupport8,2025-09-13,0.03276853412624812
CoreSupport8,2025-09-14,0.09301553286047977
CoreSupport8,2025-09-15,0.12913665114553202
CoreSupport8,2025-09-16,0.06717099110648032
CoreSupport8,2025-09-17,0.17501909643135863
CoreSupport8,2025-09-18,0.012381586339670896
CoreSupport8,2025-09-19,0.13797566509308773
CoreSupport8,2025-09-20,0.011873984649768504
CoreSupport8,2025-09-21,0.10611739278860233
CoreSupport8,2025-09-22,-0.08739212801694998
CoreSupport8,2025-09-23,-0.014622516476922193
CoreSupport8,2025-09-24,-0.15771152135731353
CoreSupport8,2025-09-25,0.01599706530950107
CoreSupport8,2025-09-26,0.03522542317202089
CoreSupport8,2025-09-27,0.05037300460202058
CoreSupport8,2025-09-28,0.03757510708705051
CoreSupport8,2025-09-29,0.05137196437342681
CoreSupport8,2025-09-30,0.001497943865519618
CoreSupport8,2025-10-01,-0.19604567665127484
CoreSupport8,2025-10-02,0.26448509005145093
CoreSupport8,2025-10-03,-0.060987290963595425
CoreSupport8,2025-10-04,0.05294035576313837
CoreSupport8,2025-10-05,0.17903256899570558
CoreSupport8,2025-10-06,0.14642836886006338
CoreSupport8,2025-10-07,0.3060208520437848
CoreSupport8,2025-10-08,0.1390515917379004
CoreSupport8,2025-10-09,-0.2179544005754656
CoreSupport8,2025-10-10,0.5925641263798389
CoreSupport8,2025-10-11,-0.14211615107266024
CoreSupport8,2025-10-12,-0.0751054083711807
CoreSupport8,2025-10-13,0.18720879180643285
CoreSupport8,2025-10-14,-0.06131072918061007
CoreSupport8,2025-10-15,0.10230265167105065
CoreSupport8,2025-10-16,-0.010573696851166041
CoreSupport8,2025-10-17,0.03572807612076376
CoreSupport8,2025-10-18,-0.07440860521342889
CoreSupport8,2025-10-19,-0.07026910023212611
CoreSupport8,2025-10-20,-0.06249563181329703
CoreSupport8,2025-10-21,0.13877753528485315
CoreSupport8,2025-10-22,0.06849267023720161
CoreSupport8,2025-10-23,0.04036801420095536
CoreSupport8,2025-10-24,-0.01784278348947419
CoreSupport8,2025-10-25,0.06289033017052179
CoreSupport8,2025-10-26,0.0338891995541169
CoreSupport8,2025-10-27,0.09724354454365738
CoreSupport8,2025-10-28,0.05922954037051552
CoreSupport8,2025-10-29,0.10984226778279654
CoreSupport8,2025-10-30,0.09217177469299144
CoreSupport8,2025-10-31,-0.061471886729306154
CoreSupport8,2025-11-01,0.0015337143910153644
CoreSupport8,2025-11-02,0.04358463010526674
CoreSupport8,2025-11-03,-0.031941411229952935
CoreSupport8,2025-11-04,0.03403579558404549
CoreSupport8,2025-11-05,0.048413315493571515
CoreSupport8,2025-11-06,0.013504224040729196
CoreSupport8,2025-11-07,-0.20858696265284132
CoreSupport8,2025-11-08,0.07077147963817045
CoreSupport8,2025-11-09,-0.06211587330354329
CoreSupport8,2025-11-10,0.15304709415781234
CoreSupport8,2025-11-11,-0.033531170287086125
CoreSupport8,2025-11-12,-0.0017538840451362591
CoreSupport8,2025-11-13,-0.029810856726544818
CoreSupport8,2025-11-14,-0.15760908437505491
CoreSupport8,2025-11-15,0.10413283175942388
CoreSupport8,2025-11-16,0.10727666393641827
CoreSupport8,2025-11-17,0.12048982829819707
CoreSupport8,2025-11-18,-0.05461127409510447
CoreSupport8,2025-11-19,0.06411108815180366
CoreSupport8,2025-11-20,0.15541089536336566
CoreSupport8,2025-11-21,0.2826527421681214
CoreSupport8,2025-11-22,0.11322784186327806
CoreSupport8,2025-11-23,0.03353328388281762
CoreSupport8,2025-11-24,-0.08403697489551314
CoreSupport8,2025-11-25,0.0048896877858795595
CoreSupport8,2025-11-26,0.038576971640795175
CoreSupport8,2025-11-27,-0.00275174462843177
CoreSupport8,2025-11-28,-0.012673664229436218
CoreSupport8,2025-11-29,0.025804352953133262
CoreSupport8,2025-11-30,0.24383226035986824
CoreSupport8,2025-12-01,-0.009121121234097744
CoreSupport8,2025-12-02,-0.061994864394100305
CoreSupport8,2025-12-03,-0.021392851360926318
CoreSupport8,2025-12-04,0.015724310123960916
CoreSupport8,2025-12-05,0.03879957159046827
CoreSupport8,2025-12-06,0.04044844655386971
CoreSupport8,2025-12-07,0.05066598782720486
CoreSupport8,2025-12-08,-0.025412239517718566
CoreSupport8,2025-12-09,-0.17133859138904492
CoreSupport8,2025-12-10,-0.059915044731027225
CoreSupport8,2025-12-11,-0.039088692783362494
CoreSupport8,2025-12-12,0.11248229483674119
CoreSupport8,2025-12-13,0.0688768295151948
CoreSupport8,2025-12-14,0.012764060075336932
CoreSupport8,2025-12-15,-0.021298083128648643
CoreSupport8,2025-12-16,0.13233270344214212
CoreSupport8,2025-12-17,0.04339089668094329
CoreSupport8,2025-12-18,-0.061733200331397196
CoreSupport8,2025-12-19,0.10282929114843398
CoreSupport8,2025-12-20,0.03130688034275388
CoreSupport8,2025-12-21,-0.04659485837708771
CoreSupport8,2025-12-22,0.03925359881739734
CoreSupport8,2025-12-23,-0.0453910765809413
CoreSupport8,2025-12-24,-0.009003441149076271
CoreSupport8,2025-12-25,-0.01851574379729914
CoreSupport8,2025-12-26,-0.010998922546738172
CoreSupport8,2025-12-27,-0.19166044866626408
CoreSupport8,2025-12-28,0.016564523447265292
CoreSupport8,2025-12-29,0.09527368628960278
CoreSupport8,2025-12-30,-0.002179441934565238
CoreSupport8,2025-12-31,-0.10582958100048595
CoreSupport8,2026-01-01,0.3561027624447804
CoreSupport8,2026-01-02,-0.30255635506686335
CoreSupport8,2026-01-03,0.01868587974890204
CoreSupport8,2026-01-04,0.12295366880148222
CoreSupport8,2026-01-05,0.15654026689084163
CoreSupport8,2026-01-06,0.1599252310689848
CoreSupport8,2026-01-07,-0.004900391559188468
CoreSupport8,2026-01-08,0.03161129520017125
CoreSupport8,2026-01-09,0.10014699852564338
CoreSupport8,2026-01-10,-0.07029786381864915
CoreSupport8,2026-01-11,-0.09034226054142448
CoreSupport8,2026-01-12,-0.05763865688000617
CoreSupport8,2026-01-13,-0.08649259170266503
CoreSupport8,2026-01-14,0.13829202106891825
CoreSupport8,2026-01-15,-0.06152159700288162
CoreSupport8,2026-01-16,-0.030767423936229457
CoreSupport8,2026-01-17,0.028065895804999418
CoreSupport8,2026-01-18,-0.19958380279665328
CoreSupport8,2026-01-19,0.005872317173639211
CoreSupport8,2026-01-20,0.08978427010384415
CoreSupport8,2026-01-21,0.009146288583806643
CoreSupport8,2026-01-22,0.0651078473349525
CoreSupport8,2026-01-23,0.0017151368139971229
CoreSupport8,2026-01-24,-0.03380665115899321
CoreSupport8,2026-01-25,-0.07443915864194249
CoreSupport8,2026-01-26,0.05208688638324439
CoreSupport8,2026-01-27,0.06457829892322761
CoreSupport8,2026-01-28,-0.01569063004309208
CoreSupport8,2026-01-29,-0.007702720160552417
CoreSupport8,2026-01-30,0.01568841271416157
CoreSupport8,2026-01-31,-0.01482878040112669
CoreSupport8,2026-02-01,-0.0267031522190995
CoreSupport8,2026-02-02,0.0134503906069399
CoreSupport8,2026-02-03,-0.10655326517202411
CoreSupport8,2026-02-04,-0.1754407497161068
CoreSupport8,2026-02-05,0.08151135704359205
CoreSupport8,2026-02-06,0.027162709431863455
CoreSupport8,2026-02-07,-0.03684538429310888
CoreSupport8,2026-02-08,0.07496717243159529
CoreSupport8,2026-02-09,0.016541041581023177
CoreSupport8,2026-02-10,-0.05308671023898193
CoreSupport8,2026-02-11,-0.005292550084304043
CoreSupport8,2026-02-12,-0.015736299141908248
CoreSupport8,2026-02-13,0.09582720670600933
CoreSupport8,2026-02-14,-0.15309029824665552
CoreSupport8,2026-02-15,0.17496005608156476
CoreSupport8,2026-02-16,-0.03771372139338927
CoreSupport8,2026-02-17,0.0895090593162354
CoreSupport8,2026-02-18,-0.03294751204276788
CoreSupport8,2026-02-19,0.06361314997408626
CoreSupport8,2026-02-20,0.08159618232811384
CoreSupport8,2026-02-21,-0.03655086216329533
CoreSupport8,2026-02-22,0.02474181524352991
CoreSupport8,2026-02-23,0.14524282004835806
CoreSupport8,2026-02-24,0.029931802694539843
CoreSupport8,2026-02-25,-0.08053412967197246
CoreSupport8,2026-02-26,0.00803737121153276
CoreSupport8,2026-02-27,-0.007370237475948392
CoreSupport8,2026-02-28,0.1502211299486001
CoreSupport8,2026-03-01,0.00911528164527895
CoreSupport8,2026-03-02,-0.00015727487683612096
CoreSupport8,2026-03-03,-0.06443402492744073
CoreSupport8,2026-03-04,0.2829702915562696
CoreSupport8,2026-03-05,-0.046780394347324235
CoreSupport8,2026-03-06,0.028876145395293675
CoreSupport8,2026-03-07,-0.04468289023607255
CoreSupport8,2026-03-08,0.0016729558689536008
CoreSupport8,2026-03-09,-0.004199918226836936
CoreSupport8,2026-03-10,0.022020466320619214
CoreSupport8,2026-03-11,0.02599670981198466
CoreSupport8,2026-03-12,-0.022226329704025306
CoreSupport8,2026-03-13,0.13537310234540673
CoreSupport8,2026-03-14,0.03504279343203033
CoreSupport8,2026-03-15,-0.04277174228224153
CoreSupport8,2026-03-16,-0.12239727445988752
CoreSupport8,2026-03-17,-0.013668467553243807
CoreSupport8,2026-03-18,0.09440334387042225
CoreSupport8,2026-03-19,-0.05140929387525808
CoreSupport8,2026-03-20,-0.062128429395008684
CoreSupport8,2026-03-21,-0.03458818137810776
CoreSupport8,2026-03-22,-0.06620587841359703
CoreSupport8,2026-03-23,0.027687068609588195
CoreSupport8,2026-03-24,0.03669901294929051
CoreSupport8,2026-03-25,0.029018427041519378
CoreSupport8,2026-03-26,0.06270533684347719
CoreSupport8,2026-03-27,-0.11057636615870027
CoreSupport8,2026-03-28,-0.00018726178006823525
CoreSupport8,2026-03-29,-0.01818445436602644
CoreSupport8,2026-03-30,0.023290175581134113
CoreSupport8,2026-03-31,0.03623485350700932
CoreSupport8,2026-04-01,0.008568679422245273
CoreSupport8,2026-04-02,0.05523868867014004
CoreSupport8,2026-04-03,0.03884545554060327
CoreSupport8,2026-04-04,-0.01488284534630027
CoreSupport8,2026-04-05,-0.1339993501908407
CoreSupport8,2026-04-06,0.2251879624577854
CoreSupport8,2026-04-07,0.18485400495774892
CoreSupport8,2026-04-08,0.13614548919182712
CoreSupport8,2026-04-09,0.02091448442102283
CoreSupport8,2026-04-10,0.04139730870575151
CoreSupport8,2026-04-11,0.050315536677088685
CoreSupport8,2026-04-12,-0.024867122610134542
CoreSupport8,2026-04-13,-0.1146531398283655
CoreSupport8,2026-04-14,0.13429759862143653
CoreSupport8,2026-04-15,0.031318498162481015
CoreSupport8,2026-04-16,-0.11021671205276408
CoreSupport8,2026-04-17,0.16619838158118933
CoreSupport8,2026-04-18,0.00878754989907833
CoreSupport8,2026-04-19,-0.0007490720168271741
CoreSupport8,2026-04-20,0.01686998583995729
CoreSupport8,2026-04-21,0.009376014961698173
CoreSupport8,2026-04-22,0.12637727415390265
CoreSupport8,2026-04-23,-0.009799203268971775
CoreSupport8,2026-04-24,-0.06872582862799548
CoreSupport8,2026-04-25,0.03764646116072287
CoreSupport8,2026-04-26,0.004394464154441794
CoreSupport8,2026-04-27,-0.08238212798058882
CoreSupport8,2026-04-28,-0.11515436675417762
CoreSupport8,2026-04-29,-0.1389797301562626
CoreSupport8,2026-04-30,-0.0018879992233022363
All9,2025-07-01,-0.10707737085574419
All9,2025-07-02,0.06475083157063069
All9,2025-07-03,-0.29827937997865106
All9,2025-07-04,0.3233104308395976
All9,2025-07-05,-0.011145254456520478
All9,2025-07-06,0.07108567243167901
All9,2025-07-07,0.19798561236673098
All9,2025-07-08,-0.09078388493705745
All9,2025-07-09,-0.48526090027991414
All9,2025-07-10,-0.936517368731442
All9,2025-07-11,-0.4406296021479769
All9,2025-07-12,0.1360001796967439
All9,2025-07-13,-0.5460031934255749
All9,2025-07-14,-0.19427644222345947
All9,2025-07-15,-0.23247895001627075
All9,2025-07-16,-0.4275668201758253
All9,2025-07-17,-0.951934603957506
All9,2025-07-18,0.15852438113335615
All9,2025-07-19,-0.2920299700293303
All9,2025-07-20,0.1382758609138263
All9,2025-07-21,-0.49360037437607485
All9,2025-07-22,-0.025896354946679898
All9,2025-07-23,-0.04503991547668612
All9,2025-07-24,0.1384840156351649
All9,2025-07-25,-0.21722189750910276
All9,2025-07-26,0.13648816333756134
All9,2025-07-27,0.31855273382849747
All9,2025-07-28,-0.0812049911453285
All9,2025-07-29,0.14821393915319406
All9,2025-07-30,-0.4437007404499827
All9,2025-07-31,-0.013947387045577148
All9,2025-08-01,0.14130167181173364
All9,2025-08-02,0.17455569649696875
All9,2025-08-03,-0.11404238642640159
All9,2025-08-04,-0.07178295738705567
All9,2025-08-05,0.11448622772440362
All9,2025-08-06,0.1331122544136552
All9,2025-08-07,-0.5478949460759711
All9,2025-08-08,-0.4125781008770959
All9,2025-08-09,-0.2721918390946101
All9,2025-08-10,0.17630255604618308
All9,2025-08-11,0.48513075909009085
All9,2025-08-12,0.04636988064507623
All9,2025-08-13,0.5536286510969033
All9,2025-08-14,-0.10326161189589904
All9,2025-08-15,0.05419671292631542
All9,2025-08-16,-0.037991031350174946
All9,2025-08-17,0.09655220834490293
All9,2025-08-18,0.35627302122377297
All9,2025-08-19,0.19995388607897813
All9,2025-08-20,-0.20046647994386657
All9,2025-08-21,0.1915363507903219
All9,2025-08-22,0.07869855142220183
All9,2025-08-23,0.4083114113839075
All9,2025-08-24,0.06180997084516446
All9,2025-08-25,0.3504338151662039
All9,2025-08-26,0.08354923529049091
All9,2025-08-27,-0.274385928883488
All9,2025-08-28,-0.11642948579326208
All9,2025-08-29,0.14744624982753304
All9,2025-08-30,-0.1266104553221556
All9,2025-08-31,0.12568670085433947
All9,2025-09-01,-0.018875138721339203
All9,2025-09-02,-0.38287566621484376
All9,2025-09-03,-0.07765248721228049
All9,2025-09-04,0.21721297513967477
All9,2025-09-05,-0.09716982706364534
All9,2025-09-06,0.2603979455849287
All9,2025-09-07,-0.027347945380680798
All9,2025-09-08,-0.6157355132475316
All9,2025-09-09,-0.2489815733379445
All9,2025-09-10,-0.6108330187945958
All9,2025-09-11,0.7201556965409844
All9,2025-09-12,0.017058228746189178
All9,2025-09-13,0.29751399345355495
All9,2025-09-14,0.28560696214434544
All9,2025-09-15,0.3269877340751043
All9,2025-09-16,0.23758211576329805
All9,2025-09-17,0.30378402210637667
All9,2025-09-18,-0.23100197788186444
All9,2025-09-19,0.44195826530990934
All9,2025-09-20,-0.04138738734958152
All9,2025-09-21,0.09323420603177916
All9,2025-09-22,-0.22965341989370827
All9,2025-09-23,0.007568864717958344
All9,2025-09-24,-0.3135135254562699
All9,2025-09-25,-0.09737557992524204
All9,2025-09-26,0.062248347345474825
All9,2025-09-27,0.013425214553640163
All9,2025-09-28,0.08769669410394929
All9,2025-09-29,0.3455335964645593
All9,2025-09-30,-0.06503407308515546
All9,2025-10-01,-0.49232444870096465
All9,2025-10-02,0.6105678966241754
All9,2025-10-03,-0.0830664068762591
All9,2025-10-04,-0.03429237240761185
All9,2025-10-05,0.39868054968182576
All9,2025-10-06,0.20561949448308905
All9,2025-10-07,0.6171311600125395
All9,2025-10-08,0.0645221547074231
All9,2025-10-09,-0.3884417186108049
All9,2025-10-10,1.6502720955326509
All9,2025-10-11,-0.4860588339782483
All9,2025-10-12,-0.1289759383755865
All9,2025-10-13,0.3336900148484715
All9,2025-10-14,-0.15845105998299375
All9,2025-10-15,-0.013674246110259535
All9,2025-10-16,0.10330228480231288
All9,2025-10-17,-0.26842108013279087
All9,2025-10-18,-0.2961739421120137
All9,2025-10-19,-0.24058076413329577
All9,2025-10-20,-0.33546751240596207
All9,2025-10-21,0.4340806476985349
All9,2025-10-22,0.20935850314599566
All9,2025-10-23,0.08746113415073796
All9,2025-10-24,0.10537832535887347
All9,2025-10-25,0.11591576904209047
All9,2025-10-26,0.1595300447196969
All9,2025-10-27,0.272904802023805
All9,2025-10-28,0.33058889556608434
All9,2025-10-29,0.26863674426267947
All9,2025-10-30,-0.06943043003554782
All9,2025-10-31,-0.10169793705885803
All9,2025-11-01,0.009143845720314393
All9,2025-11-02,-0.24096490440330975
All9,2025-11-03,-0.19142189958686195
All9,2025-11-04,0.10879307681687837
All9,2025-11-05,0.08962493064565252
All9,2025-11-06,0.008155974410933183
All9,2025-11-07,-0.6544605801326228
All9,2025-11-08,-0.009784335190409905
All9,2025-11-09,0.005983080232464799
All9,2025-11-10,0.2817073737501945
All9,2025-11-11,-0.09216871390191146
All9,2025-11-12,0.05818515903334581
All9,2025-11-13,0.36453021924909473
All9,2025-11-14,-0.28466905462372116
All9,2025-11-15,0.21791904724530053
All9,2025-11-16,0.12560786350900183
All9,2025-11-17,0.2900834376824664
All9,2025-11-18,0.04273074861991345
All9,2025-11-19,0.01211333215168213
All9,2025-11-20,0.3043016090716508
All9,2025-11-21,1.076053897739327
All9,2025-11-22,-0.021919886576818245
All9,2025-11-23,0.09872901917466892
All9,2025-11-24,0.13211549595453181
All9,2025-11-25,-0.058860287242600985
All9,2025-11-26,0.37411391516448633
All9,2025-11-27,0.05748179424298656
All9,2025-11-28,-0.0512209485331961
All9,2025-11-29,0.17292057097043984
All9,2025-11-30,0.5198247276005102
All9,2025-12-01,0.05550332548460409
All9,2025-12-02,-0.14852383920274878
All9,2025-12-03,-0.07951639421439509
All9,2025-12-04,0.03402656370930171
All9,2025-12-05,-0.08536388202086986
All9,2025-12-06,0.31685096167134924
All9,2025-12-07,0.1394958841291095
All9,2025-12-08,-0.08062558213869668
All9,2025-12-09,-0.3690134234991136
All9,2025-12-10,-0.1475517012582593
All9,2025-12-11,0.05156331782535148
All9,2025-12-12,0.3114014922505411
All9,2025-12-13,0.1832672594506845
All9,2025-12-14,-0.0005480265957561655
All9,2025-12-15,-0.09860034701575081
All9,2025-12-16,0.16557780527905674
All9,2025-12-17,0.27783161312522825
All9,2025-12-18,-0.062408939415694406
All9,2025-12-19,0.20263059099878705
All9,2025-12-20,-0.015289923191256044
All9,2025-12-21,0.050118925478360186
All9,2025-12-22,0.08657327270487823
All9,2025-12-23,-0.08638060858931773
All9,2025-12-24,-0.05020789689182395
All9,2025-12-25,-0.08970957639896263
All9,2025-12-26,-0.01856790833898228
All9,2025-12-27,-0.32203469432929915
All9,2025-12-28,-0.05733416018969278
All9,2025-12-29,0.16987147543949913
All9,2025-12-30,0.038807980525746785
All9,2025-12-31,-0.23480474851746239
All9,2026-01-01,0.18758175029036048
All9,2026-01-02,-0.8013963952431338
All9,2026-01-03,-0.04087402132485224
All9,2026-01-04,0.1423150982429196
All9,2026-01-05,0.5703734194213496
All9,2026-01-06,0.0639905508120706
All9,2026-01-07,0.3543576015936477
All9,2026-01-08,0.14705456296492408
All9,2026-01-09,0.12986634026228397
All9,2026-01-10,-0.023200634418198578
All9,2026-01-11,-0.0882848721459957
All9,2026-01-12,-0.27733750836252447
All9,2026-01-13,-0.21134930911875385
All9,2026-01-14,0.2613663495118172
All9,2026-01-15,-0.043617077175156935
All9,2026-01-16,0.07824162904692586
All9,2026-01-17,0.051967669742655036
All9,2026-01-18,-0.28616057624367186
All9,2026-01-19,0.17285766470300087
All9,2026-01-20,0.2332607484144448
All9,2026-01-21,0.14374325862511395
All9,2026-01-22,0.10888686386837175
All9,2026-01-23,-0.0007588545423808056
All9,2026-01-24,-0.03766806556491204
All9,2026-01-25,0.013066077591719603
All9,2026-01-26,0.0011846572645828274
All9,2026-01-27,0.1853497503879341
All9,2026-01-28,-0.015426343414787269
All9,2026-01-29,0.015920222993950975
All9,2026-01-30,0.12132364499757599
All9,2026-01-31,-0.07421458503781436
All9,2026-02-01,-0.023242022700860936
All9,2026-02-02,-0.02866448961679524
All9,2026-02-03,-0.24010660714558804
All9,2026-02-04,-0.32479512202304145
All9,2026-02-05,0.38831865649890396
All9,2026-02-06,0.10822635422202635
All9,2026-02-07,-0.13626253680476305
All9,2026-02-08,0.15468400658491802
All9,2026-02-09,0.01385148824523252
All9,2026-02-10,-0.009742726018353791
All9,2026-02-11,-0.06510085091257739
All9,2026-02-12,-0.2768518624458471
All9,2026-02-13,0.15474916868607863
All9,2026-02-14,-0.33205246509030395
All9,2026-02-15,-0.005710186979582199
All9,2026-02-16,-0.08462895347124919
All9,2026-02-17,0.23901103034288168
All9,2026-02-18,-0.1109493920450802
All9,2026-02-19,0.07963939317832323
All9,2026-02-20,0.1158972090873048
All9,2026-02-21,-0.057480141007088696
All9,2026-02-22,-0.09234811558960339
All9,2026-02-23,0.06983566571335932
All9,2026-02-24,0.14144623046850502
All9,2026-02-25,-0.14216659397105028
All9,2026-02-26,0.05586129312634813
All9,2026-02-27,0.09138458188265203
All9,2026-02-28,0.16152374994156227
All9,2026-03-01,0.05717848247020454
All9,2026-03-02,0.11287345488733629
All9,2026-03-03,-0.05634209167051939
All9,2026-03-04,0.5996594265678649
All9,2026-03-05,-0.020383866713916846
All9,2026-03-06,-0.04403490833670061
All9,2026-03-07,-0.10220664648408857
All9,2026-03-08,-0.05292611678099697
All9,2026-03-09,-0.05742862523186594
All9,2026-03-10,0.480689115125976
All9,2026-03-11,0.0644365289456059
All9,2026-03-12,-0.008748118575498757
All9,2026-03-13,0.19220778834791413
All9,2026-03-14,0.049058924750398705
All9,2026-03-15,-0.07553342383720281
All9,2026-03-16,-0.18644850617008463
All9,2026-03-17,-0.06061808299345144
All9,2026-03-18,0.13091415793807004
All9,2026-03-19,-0.022272564065346983
All9,2026-03-20,-0.11834440644461752
All9,2026-03-21,0.009228118774892645
All9,2026-03-22,-0.13500685006130403
All9,2026-03-23,-0.09279131313527252
All9,2026-03-24,-0.19003514840494518
All9,2026-03-25,-0.06323566380139592
All9,2026-03-26,0.12112859288923496
All9,2026-03-27,-0.11412463880900955
All9,2026-03-28,0.08268010532063025
All9,2026-03-29,-0.10348674600892956
All9,2026-03-30,0.16173111285856248
All9,2026-03-31,0.19856063961108356
All9,2026-04-01,0.06713848344864808
All9,2026-04-02,0.06785320474233313
All9,2026-04-03,-0.043541890407696834
All9,2026-04-04,-0.012850675291256728
All9,2026-04-05,-0.18777241652973392
All9,2026-04-06,0.34176169537577655
All9,2026-04-07,0.1412364656794444
All9,2026-04-08,0.3541462537026761
All9,2026-04-09,-0.0026350057758964566
All9,2026-04-10,0.08332793578337247
All9,2026-04-11,0.011972469424108277
All9,2026-04-12,-0.06580394683732581
All9,2026-04-13,-0.06264161787817582
All9,2026-04-14,0.2113329789708332
All9,2026-04-15,0.12762051693006224
All9,2026-04-16,-0.3572371564058515
All9,2026-04-17,0.3998306582489874
All9,2026-04-18,0.12978809760690732
All9,2026-04-19,-0.06875574646141396
All9,2026-04-20,0.08729618613947204
All9,2026-04-21,0.006086891861101597
All9,2026-04-22,0.2533392434774869
All9,2026-04-23,0.09234611673784261
All9,2026-04-24,-0.16765777016662212
All9,2026-04-25,0.08976968600815555
All9,2026-04-26,0.023725428145715953
All9,2026-04-27,-0.10774214612795968
All9,2026-04-28,-0.2661017432102867
All9,2026-04-29,-0.44339914367575217
All9,2026-04-30,0.04179750435755044
