candidate_id,expression_hash,expression,factor_lane,source_lane,source_generator,fields,fields_list,max_window,search_memory_key,policy_score,expected_direction,x0_r3_role,note
phase3bp_02071,7d162a40a608f2134a09b324,"CSRank(Mul(ZScore(Delta($intraday_ret_from_open,30)),ZScore(Std($ret_1m,30))))",rx_interaction::rx_intraday_return::rx_volatility_state::product,phase3bp_true1min_rx_ucb_native,phase3bp_true1min_rx_ucb_native,intraday_ret_from_open|ret_1m,"['intraday_ret_from_open', 'ret_1m']",30,phase3bp:7d162a40a608f2134a09b324,0.22128052,1,read_only_research_candidate,rx interaction intraday_delta_30 x ret_vol_30 product
phase3bp_00106,99d1e7f5a79f49f3a2661218,"Neg(CSRank(ZScore(Sub(Div(Sub($close,$low),Add(Abs(Sub($high,$low)),0.000001)),Mean(Div(Sub($close,$low),Add(Abs(Sub($high,$low)),0.000001)),30)))))",rx_range_location::inverted,phase3bp_true1min_rx_ucb_native,phase3bp_true1min_rx_ucb_native,close|high|low,"['close', 'high', 'low']",0,phase3bp:99d1e7f5a79f49f3a2661218,0.22123996,1,read_only_research_candidate,rx atom transform bar_loc_shift_30
phase3bp_00105,c70970f75bba91b06e076457,"CSRank(ZScore(Sub(Div(Sub($close,$low),Add(Abs(Sub($high,$low)),0.000001)),Mean(Div(Sub($close,$low),Add(Abs(Sub($high,$low)),0.000001)),30))))",rx_range_location::rank,phase3bp_true1min_rx_ucb_native,phase3bp_true1min_rx_ucb_native,close|high|low,"['close', 'high', 'low']",0,phase3bp:c70970f75bba91b06e076457,0.22042639,1,read_only_research_candidate,rx atom transform bar_loc_shift_30
phase3bp_02072,c4b961b5fee67547ee7ddc07,"CSRank(Sub(ZScore(Delta($intraday_ret_from_open,30)),ZScore(Std($ret_1m,30))))",rx_interaction::rx_intraday_return::rx_volatility_state::spread,phase3bp_true1min_rx_ucb_native,phase3bp_true1min_rx_ucb_native,intraday_ret_from_open|ret_1m,"['intraday_ret_from_open', 'ret_1m']",30,phase3bp:c4b961b5fee67547ee7ddc07,0.21794529,1,read_only_research_candidate,rx interaction intraday_delta_30 x ret_vol_30 spread
phase3bp_02039,cbdca9c4dd9873b1b7edb591,"CSRank(Mul(ZScore(Delta($intraday_ret_from_open,30)),ZScore(Std($ret_1m,8))))",rx_interaction::rx_intraday_return::rx_volatility_state::product,phase3bp_true1min_rx_ucb_native,phase3bp_true1min_rx_ucb_native,intraday_ret_from_open|ret_1m,"['intraday_ret_from_open', 'ret_1m']",30,phase3bp:cbdca9c4dd9873b1b7edb591,0.21619697,1,read_only_research_candidate,rx interaction intraday_delta_30 x ret_vol_8 product
phase3bp_01055,6153de835bd6744469cb5d4d,"CSRank(Mul(ZScore(Delta($intraday_ret_from_open,8)),ZScore(Std($ret_1m,30))))",rx_interaction::rx_intraday_return::rx_volatility_state::product,phase3bp_true1min_rx_ucb_native,phase3bp_true1min_rx_ucb_native,intraday_ret_from_open|ret_1m,"['intraday_ret_from_open', 'ret_1m']",30,phase3bp:6153de835bd6744469cb5d4d,0.21619697,1,read_only_research_candidate,rx interaction intraday_delta_8 x ret_vol_30 product
phase3bp_00050,40d0c61f06fc8f8c8ebe806f,"Neg(CSRank(ZScore(Sub(Div(Sub($close,$low),Add(Abs(Sub($high,$low)),0.000001)),Mean(Div(Sub($close,$low),Add(Abs(Sub($high,$low)),0.000001)),8)))))",rx_range_location::inverted,phase3bp_true1min_rx_ucb_native,phase3bp_true1min_rx_ucb_native,close|high|low,"['close', 'high', 'low']",0,phase3bp:40d0c61f06fc8f8c8ebe806f,0.21107286,1,read_only_research_candidate,rx atom transform bar_loc_shift_8
phase3bp_00049,919d4ed87c7ad94cd1a0cf0a,"CSRank(ZScore(Sub(Div(Sub($close,$low),Add(Abs(Sub($high,$low)),0.000001)),Mean(Div(Sub($close,$low),Add(Abs(Sub($high,$low)),0.000001)),8))))",rx_range_location::rank,phase3bp_true1min_rx_ucb_native,phase3bp_true1min_rx_ucb_native,close|high|low,"['close', 'high', 'low']",0,phase3bp:919d4ed87c7ad94cd1a0cf0a,0.21025929,1,read_only_research_candidate,rx atom transform bar_loc_shift_8
phase3bp_00101,4534dbe823cd3f2dfec12538,"CSRank(ZScore(Delta($intraday_ret_from_open,30)))",rx_intraday_return::rank,phase3bp_true1min_rx_ucb_native,phase3bp_true1min_rx_ucb_native,intraday_ret_from_open,['intraday_ret_from_open'],30,phase3bp:4534dbe823cd3f2dfec12538,0.16704187,1,read_only_research_candidate,rx atom transform intraday_delta_30
phase3bp_00102,aa9a6af0255f880beee0b6ee,"Neg(CSRank(ZScore(Delta($intraday_ret_from_open,30))))",rx_intraday_return::inverted,phase3bp_true1min_rx_ucb_native,phase3bp_true1min_rx_ucb_native,intraday_ret_from_open,['intraday_ret_from_open'],30,phase3bp:aa9a6af0255f880beee0b6ee,0.16702772,1,read_only_research_candidate,rx atom transform intraday_delta_30
phase3bp_01977,c02ca67313855a9bed78339e,"CSRank(Mul(ZScore(Delta($ret_1m,30)),ZScore(Std(Div(Sub($high,$low),Add(Abs($open),0.000001)),30))))",rx_interaction::rx_intraday_return::rx_range_location::product,phase3bp_true1min_rx_ucb_native,phase3bp_true1min_rx_ucb_native,high|low|open|ret_1m,"['high', 'low', 'open', 'ret_1m']",30,phase3bp:c02ca67313855a9bed78339e,0.15881308,1,read_only_research_candidate,rx interaction ret_delta_30 x range_vol_30 product
phase3bp_01978,377353004f44d81ad84002c4,"CSRank(Sub(ZScore(Delta($ret_1m,30)),ZScore(Std(Div(Sub($high,$low),Add(Abs($open),0.000001)),30))))",rx_interaction::rx_intraday_return::rx_range_location::spread,phase3bp_true1min_rx_ucb_native,phase3bp_true1min_rx_ucb_native,high|low|open|ret_1m,"['high', 'low', 'open', 'ret_1m']",30,phase3bp:377353004f44d81ad84002c4,0.15782644,1,read_only_research_candidate,rx interaction ret_delta_30 x range_vol_30 spread
phase3bp_00045,6109e0fb1996c5871e3d32a3,"CSRank(ZScore(Delta($intraday_ret_from_open,8)))",rx_intraday_return::rank,phase3bp_true1min_rx_ucb_native,phase3bp_true1min_rx_ucb_native,intraday_ret_from_open,['intraday_ret_from_open'],8,phase3bp:6109e0fb1996c5871e3d32a3,0.15687477,1,read_only_research_candidate,rx atom transform intraday_delta_8
phase3bp_00046,333b291141ce4b15e7ff2cb1,"Neg(CSRank(ZScore(Delta($intraday_ret_from_open,8))))",rx_intraday_return::inverted,phase3bp_true1min_rx_ucb_native,phase3bp_true1min_rx_ucb_native,intraday_ret_from_open,['intraday_ret_from_open'],8,phase3bp:333b291141ce4b15e7ff2cb1,0.15686062,1,read_only_research_candidate,rx atom transform intraday_delta_8
phase3bp_00961,b1f1a7643e6aa06e4a7ef6c1,"CSRank(Mul(ZScore(Delta($ret_1m,8)),ZScore(Std(Div(Sub($high,$low),Add(Abs($open),0.000001)),30))))",rx_interaction::rx_intraday_return::rx_range_location::product,phase3bp_true1min_rx_ucb_native,phase3bp_true1min_rx_ucb_native,high|low|open|ret_1m,"['high', 'low', 'open', 'ret_1m']",8,phase3bp:b1f1a7643e6aa06e4a7ef6c1,0.15372953,1,read_only_research_candidate,rx interaction ret_delta_8 x range_vol_30 product
phase3bp_01953,dd6812e758146c86f1c25ed1,"CSRank(Mul(ZScore(Delta($ret_1m,30)),ZScore(Std(Div(Sub($high,$low),Add(Abs($open),0.000001)),8))))",rx_interaction::rx_intraday_return::rx_range_location::product,phase3bp_true1min_rx_ucb_native,phase3bp_true1min_rx_ucb_native,high|low|open|ret_1m,"['high', 'low', 'open', 'ret_1m']",30,phase3bp:dd6812e758146c86f1c25ed1,0.15372953,1,read_only_research_candidate,rx interaction ret_delta_30 x range_vol_8 product
phase3bp_02671,8a0181e0d5a52c5ef5780da6,"CSRank(Mul(ZScore($m1_first15_vwap_return_vs_open),ZScore(Std($ret_1m,30))))",rx_interaction::rx_opening_divergence::rx_volatility_state::product,phase3bp_true1min_rx_ucb_native,phase3bp_true1min_rx_ucb_native,m1_first15_vwap_return_vs_open|ret_1m,"['m1_first15_vwap_return_vs_open', 'ret_1m']",30,phase3bp:8a0181e0d5a52c5ef5780da6,0.12476052,1,read_only_research_candidate,rx interaction m1_first15_vwap_open x ret_vol_30 product
phase3bp_02419,b40102bcfb8d7dee142fd8b7,"CSRank(Mul(ZScore($m1_first5_vwap_return_vs_open),ZScore(Std($ret_1m,30))))",rx_interaction::rx_opening_divergence::rx_volatility_state::product,phase3bp_true1min_rx_ucb_native,phase3bp_true1min_rx_ucb_native,m1_first5_vwap_return_vs_open|ret_1m,"['m1_first5_vwap_return_vs_open', 'ret_1m']",30,phase3bp:b40102bcfb8d7dee142fd8b7,0.12445542,1,read_only_research_candidate,rx interaction m1_first5_vwap_open x ret_vol_30 product
phase3bp_02672,c62572b4966df118b5a53867,"CSRank(Sub(ZScore($m1_first15_vwap_return_vs_open),ZScore(Std($ret_1m,30))))",rx_interaction::rx_opening_divergence::rx_volatility_state::spread,phase3bp_true1min_rx_ucb_native,phase3bp_true1min_rx_ucb_native,m1_first15_vwap_return_vs_open|ret_1m,"['m1_first15_vwap_return_vs_open', 'ret_1m']",30,phase3bp:c62572b4966df118b5a53867,0.12059148,1,read_only_research_candidate,rx interaction m1_first15_vwap_open x ret_vol_30 spread
phase3bp_02420,494cdc10d824bb2c0039fab0,"CSRank(Sub(ZScore($m1_first5_vwap_return_vs_open),ZScore(Std($ret_1m,30))))",rx_interaction::rx_opening_divergence::rx_volatility_state::spread,phase3bp_true1min_rx_ucb_native,phase3bp_true1min_rx_ucb_native,m1_first5_vwap_return_vs_open|ret_1m,"['m1_first5_vwap_return_vs_open', 'ret_1m']",30,phase3bp:494cdc10d824bb2c0039fab0,0.12028638,1,read_only_research_candidate,rx interaction m1_first5_vwap_open x ret_vol_30 spread
phase3bp_02639,4b742c3c8f995d44486635c2,"CSRank(Mul(ZScore($m1_first15_vwap_return_vs_open),ZScore(Std($ret_1m,8))))",rx_interaction::rx_opening_divergence::rx_volatility_state::product,phase3bp_true1min_rx_ucb_native,phase3bp_true1min_rx_ucb_native,m1_first15_vwap_return_vs_open|ret_1m,"['m1_first15_vwap_return_vs_open', 'ret_1m']",8,phase3bp:4b742c3c8f995d44486635c2,0.11459342,1,read_only_research_candidate,rx interaction m1_first15_vwap_open x ret_vol_8 product
phase3bp_02387,e12211f0f8f23092360f5f1d,"CSRank(Mul(ZScore($m1_first5_vwap_return_vs_open),ZScore(Std($ret_1m,8))))",rx_interaction::rx_opening_divergence::rx_volatility_state::product,phase3bp_true1min_rx_ucb_native,phase3bp_true1min_rx_ucb_native,m1_first5_vwap_return_vs_open|ret_1m,"['m1_first5_vwap_return_vs_open', 'ret_1m']",8,phase3bp:e12211f0f8f23092360f5f1d,0.11428832,1,read_only_research_candidate,rx interaction m1_first5_vwap_open x ret_vol_8 product
phase3bp_02161,c2b29287cab2ac7a03de3f50,"CSRank(Mul(ZScore(Sub(Div(Sub($close,$low),Add(Abs(Sub($high,$low)),0.000001)),Mean(Div(Sub($close,$low),Add(Abs(Sub($high,$low)),0.000001)),30))),ZScore(Std($ret_1m,30))))",rx_interaction::rx_range_location::rx_volatility_state::product,phase3bp_true1min_rx_ucb_native,phase3bp_true1min_rx_ucb_native,close|high|low|ret_1m,"['close', 'high', 'low', 'ret_1m']",30,phase3bp:c2b29287cab2ac7a03de3f50,0.11170333,1,read_only_research_candidate,rx interaction bar_loc_shift_30 x ret_vol_30 product
phase3bp_02065,44e8b0b222df9a3dcd498631,"CSRank(Mul(ZScore(Delta($intraday_ret_from_open,30)),ZScore(Std(Div(Sub($high,$low),Add(Abs($open),0.000001)),30))))",rx_interaction::rx_intraday_return::rx_range_location::product,phase3bp_true1min_rx_ucb_native,phase3bp_true1min_rx_ucb_native,high|intraday_ret_from_open|low|open,"['high', 'intraday_ret_from_open', 'low', 'open']",30,phase3bp:44e8b0b222df9a3dcd498631,0.11117542,1,read_only_research_candidate,rx interaction intraday_delta_30 x range_vol_30 product
phase3bp_02663,716526fec7d10d70c10a6270,"CSRank(Mul(ZScore($m1_first15_vwap_return_vs_open),ZScore(Std($ret_1m,20))))",rx_interaction::rx_opening_divergence::rx_volatility_state::product,phase3bp_true1min_rx_ucb_native,phase3bp_true1min_rx_ucb_native,m1_first15_vwap_return_vs_open|ret_1m,"['m1_first15_vwap_return_vs_open', 'ret_1m']",20,phase3bp:716526fec7d10d70c10a6270,0.11088972,1,read_only_research_candidate,rx interaction m1_first15_vwap_open x ret_vol_20 product
phase3bp_02411,97e4185d0eb74120a09f3c84,"CSRank(Mul(ZScore($m1_first5_vwap_return_vs_open),ZScore(Std($ret_1m,20))))",rx_interaction::rx_opening_divergence::rx_volatility_state::product,phase3bp_true1min_rx_ucb_native,phase3bp_true1min_rx_ucb_native,m1_first5_vwap_return_vs_open|ret_1m,"['m1_first5_vwap_return_vs_open', 'ret_1m']",20,phase3bp:97e4185d0eb74120a09f3c84,0.11058462,1,read_only_research_candidate,rx interaction m1_first5_vwap_open x ret_vol_20 product
phase3bp_02162,63b431f1e658e3d087035479,"CSRank(Sub(ZScore(Sub(Div(Sub($close,$low),Add(Abs(Sub($high,$low)),0.000001)),Mean(Div(Sub($close,$low),Add(Abs(Sub($high,$low)),0.000001)),30))),ZScore(Std($ret_1m,30))))",rx_interaction::rx_range_location::rx_volatility_state::spread,phase3bp_true1min_rx_ucb_native,phase3bp_true1min_rx_ucb_native,close|high|low|ret_1m,"['close', 'high', 'low', 'ret_1m']",30,phase3bp:63b431f1e658e3d087035479,0.11041268,1,read_only_research_candidate,rx interaction bar_loc_shift_30 x ret_vol_30 spread
phase3bp_02066,96241c9ea92182ee1e03d696,"CSRank(Sub(ZScore(Delta($intraday_ret_from_open,30)),ZScore(Std(Div(Sub($high,$low),Add(Abs($open),0.000001)),30))))",rx_interaction::rx_intraday_return::rx_range_location::spread,phase3bp_true1min_rx_ucb_native,phase3bp_true1min_rx_ucb_native,high|intraday_ret_from_open|low|open,"['high', 'intraday_ret_from_open', 'low', 'open']",30,phase3bp:96241c9ea92182ee1e03d696,0.11018878,1,read_only_research_candidate,rx interaction intraday_delta_30 x range_vol_30 spread
phase3bp_02129,90b2d2504698f85c799a58c7,"CSRank(Mul(ZScore(Sub(Div(Sub($close,$low),Add(Abs(Sub($high,$low)),0.000001)),Mean(Div(Sub($close,$low),Add(Abs(Sub($high,$low)),0.000001)),30))),ZScore(Std($ret_1m,8))))",rx_interaction::rx_range_location::rx_volatility_state::product,phase3bp_true1min_rx_ucb_native,phase3bp_true1min_rx_ucb_native,close|high|low|ret_1m,"['close', 'high', 'low', 'ret_1m']",8,phase3bp:90b2d2504698f85c799a58c7,0.10661978,1,read_only_research_candidate,rx interaction bar_loc_shift_30 x ret_vol_8 product
phase3bp_01145,355d7a25aa37575ec755b662,"CSRank(Mul(ZScore(Sub(Div(Sub($close,$low),Add(Abs(Sub($high,$low)),0.000001)),Mean(Div(Sub($close,$low),Add(Abs(Sub($high,$low)),0.000001)),8))),ZScore(Std($ret_1m,30))))",rx_interaction::rx_range_location::rx_volatility_state::product,phase3bp_true1min_rx_ucb_native,phase3bp_true1min_rx_ucb_native,close|high|low|ret_1m,"['close', 'high', 'low', 'ret_1m']",30,phase3bp:355d7a25aa37575ec755b662,0.10661978,1,read_only_research_candidate,rx interaction bar_loc_shift_8 x ret_vol_30 product
phase3bp_01049,52e1f8b76d0faacb47099f46,"CSRank(Mul(ZScore(Delta($intraday_ret_from_open,8)),ZScore(Std(Div(Sub($high,$low),Add(Abs($open),0.000001)),30))))",rx_interaction::rx_intraday_return::rx_range_location::product,phase3bp_true1min_rx_ucb_native,phase3bp_true1min_rx_ucb_native,high|intraday_ret_from_open|low|open,"['high', 'intraday_ret_from_open', 'low', 'open']",8,phase3bp:52e1f8b76d0faacb47099f46,0.10609187,1,read_only_research_candidate,rx interaction intraday_delta_8 x range_vol_30 product
phase3bp_02033,2ea18753cf9486b443d45ccd,"CSRank(Mul(ZScore(Delta($intraday_ret_from_open,30)),ZScore(Std(Div(Sub($high,$low),Add(Abs($open),0.000001)),8))))",rx_interaction::rx_intraday_return::rx_range_location::product,phase3bp_true1min_rx_ucb_native,phase3bp_true1min_rx_ucb_native,high|intraday_ret_from_open|low|open,"['high', 'intraday_ret_from_open', 'low', 'open']",30,phase3bp:2ea18753cf9486b443d45ccd,0.10609187,1,read_only_research_candidate,rx interaction intraday_delta_30 x range_vol_8 product
phase3bp_02067,c8c8b8320280a3c955f2acf3,"CSRank(Mul(ZScore(Delta($intraday_ret_from_open,30)),ZScore(Delta($amount,30))))",rx_interaction::rx_intraday_return::rx_flow_amount_volume::product,phase3bp_true1min_rx_ucb_native,phase3bp_true1min_rx_ucb_native,amount|intraday_ret_from_open,"['amount', 'intraday_ret_from_open']",30,phase3bp:c8c8b8320280a3c955f2acf3,0.10571908,1,read_only_research_candidate,rx interaction intraday_delta_30 x amount_delta_30 product
phase3bp_02155,65d057dd0a31d241360c112f,"CSRank(Mul(ZScore(Sub(Div(Sub($close,$low),Add(Abs(Sub($high,$low)),0.000001)),Mean(Div(Sub($close,$low),Add(Abs(Sub($high,$low)),0.000001)),30))),ZScore(Std(Div(Sub($high,$low),Add(Abs($open),0.000001)),30))))",rx_interaction::rx_range_location::rx_range_location::product,phase3bp_true1min_rx_ucb_native,phase3bp_true1min_rx_ucb_native,close|high|low|open,"['close', 'high', 'low', 'open']",0,phase3bp:65d057dd0a31d241360c112f,0.10446955,1,read_only_research_candidate,rx interaction bar_loc_shift_30 x range_vol_30 product
phase3bp_02069,ebdacf8c48cebb2a08cda5b1,"CSRank(Mul(ZScore(Delta($intraday_ret_from_open,30)),ZScore(Delta($volume,30))))",rx_interaction::rx_intraday_return::rx_flow_amount_volume::product,phase3bp_true1min_rx_ucb_native,phase3bp_true1min_rx_ucb_native,intraday_ret_from_open|volume,"['intraday_ret_from_open', 'volume']",30,phase3bp:ebdacf8c48cebb2a08cda5b1,0.10383868,1,read_only_research_candidate,rx interaction intraday_delta_30 x volume_delta_30 product
phase3bp_02156,c1e02291a97acad64569ce22,"CSRank(Sub(ZScore(Sub(Div(Sub($close,$low),Add(Abs(Sub($high,$low)),0.000001)),Mean(Div(Sub($close,$low),Add(Abs(Sub($high,$low)),0.000001)),30))),ZScore(Std(Div(Sub($high,$low),Add(Abs($open),0.000001)),30))))",rx_interaction::rx_range_location::rx_range_location::spread,phase3bp_true1min_rx_ucb_native,phase3bp_true1min_rx_ucb_native,close|high|low|open,"['close', 'high', 'low', 'open']",0,phase3bp:c1e02291a97acad64569ce22,0.1031789,1,read_only_research_candidate,rx interaction bar_loc_shift_30 x range_vol_30 spread
phase3bp_02097,d3b0192ac84f1ecc43e5f4f3,"CSRank(Mul(ZScore(Delta($intraday_ret_from_open,30)),ZScore(Div($m1_first30_vol,Add(Abs($volume),0.000001)))))",rx_interaction::rx_intraday_return::rx_opening_amount::product,phase3bp_true1min_rx_ucb_native,phase3bp_true1min_rx_ucb_native,intraday_ret_from_open|m1_first30_vol|volume,"['intraday_ret_from_open', 'm1_first30_vol', 'volume']",30,phase3bp:d3b0192ac84f1ecc43e5f4f3,0.10256866,1,read_only_research_candidate,rx interaction intraday_delta_30 x m1_first30_vol product
phase3bp_02157,d17cc06ce68913c7ecb0e6b0,"CSRank(Mul(ZScore(Sub(Div(Sub($close,$low),Add(Abs(Sub($high,$low)),0.000001)),Mean(Div(Sub($close,$low),Add(Abs(Sub($high,$low)),0.000001)),30))),ZScore(Delta($amount,30))))",rx_interaction::rx_range_location::rx_flow_amount_volume::product,phase3bp_true1min_rx_ucb_native,phase3bp_true1min_rx_ucb_native,amount|close|high|low,"['amount', 'close', 'high', 'low']",30,phase3bp:d17cc06ce68913c7ecb0e6b0,0.10185242,1,read_only_research_candidate,rx interaction bar_loc_shift_30 x amount_delta_30 product
phase3bp_02068,78c12e1117117d66e838bf1e,"CSRank(Sub(ZScore(Delta($intraday_ret_from_open,30)),ZScore(Delta($amount,30))))",rx_interaction::rx_intraday_return::rx_flow_amount_volume::spread,phase3bp_true1min_rx_ucb_native,phase3bp_true1min_rx_ucb_native,amount|intraday_ret_from_open,"['amount', 'intraday_ret_from_open']",30,phase3bp:78c12e1117117d66e838bf1e,0.10155004,1,read_only_research_candidate,rx interaction intraday_delta_30 x amount_delta_30 spread
phase3bp_02159,cdafeab805bc4c758314e156,"CSRank(Mul(ZScore(Sub(Div(Sub($close,$low),Add(Abs(Sub($high,$low)),0.000001)),Mean(Div(Sub($close,$low),Add(Abs(Sub($high,$low)),0.000001)),30))),ZScore(Delta($volume,30))))",rx_interaction::rx_range_location::rx_flow_amount_volume::product,phase3bp_true1min_rx_ucb_native,phase3bp_true1min_rx_ucb_native,close|high|low|volume,"['close', 'high', 'low', 'volume']",30,phase3bp:cdafeab805bc4c758314e156,0.10091222,1,read_only_research_candidate,rx interaction bar_loc_shift_30 x volume_delta_30 product
phase3bp_02035,c9bdcc648a729249216d8b2f,"CSRank(Mul(ZScore(Delta($intraday_ret_from_open,30)),ZScore(Delta($amount,8))))",rx_interaction::rx_intraday_return::rx_flow_amount_volume::product,phase3bp_true1min_rx_ucb_native,phase3bp_true1min_rx_ucb_native,amount|intraday_ret_from_open,"['amount', 'intraday_ret_from_open']",30,phase3bp:c9bdcc648a729249216d8b2f,0.10063553,1,read_only_research_candidate,rx interaction intraday_delta_30 x amount_delta_8 product
phase3bp_01051,70e36a9ce615c957548b1a9f,"CSRank(Mul(ZScore(Delta($intraday_ret_from_open,8)),ZScore(Delta($amount,30))))",rx_interaction::rx_intraday_return::rx_flow_amount_volume::product,phase3bp_true1min_rx_ucb_native,phase3bp_true1min_rx_ucb_native,amount|intraday_ret_from_open,"['amount', 'intraday_ret_from_open']",30,phase3bp:70e36a9ce615c957548b1a9f,0.10063553,1,read_only_research_candidate,rx interaction intraday_delta_8 x amount_delta_30 product
phase3bp_02098,fe9b06ad7fed77677afb5492,"CSRank(Sub(ZScore(Delta($intraday_ret_from_open,30)),ZScore(Div($m1_first30_vol,Add(Abs($volume),0.000001)))))",rx_interaction::rx_intraday_return::rx_opening_amount::spread,phase3bp_true1min_rx_ucb_native,phase3bp_true1min_rx_ucb_native,intraday_ret_from_open|m1_first30_vol|volume,"['intraday_ret_from_open', 'm1_first30_vol', 'volume']",30,phase3bp:fe9b06ad7fed77677afb5492,0.10018635,1,read_only_research_candidate,rx interaction intraday_delta_30 x m1_first30_vol spread
phase3bp_02158,f3ddbd421833366ee329ec75,"CSRank(Sub(ZScore(Sub(Div(Sub($close,$low),Add(Abs(Sub($high,$low)),0.000001)),Mean(Div(Sub($close,$low),Add(Abs(Sub($high,$low)),0.000001)),30))),ZScore(Delta($amount,30))))",rx_interaction::rx_range_location::rx_flow_amount_volume::spread,phase3bp_true1min_rx_ucb_native,phase3bp_true1min_rx_ucb_native,amount|close|high|low,"['amount', 'close', 'high', 'low']",30,phase3bp:f3ddbd421833366ee329ec75,0.10009174,1,read_only_research_candidate,rx interaction bar_loc_shift_30 x amount_delta_30 spread
phase3bp_02187,c8af19143070433e5893b16e,"CSRank(Mul(ZScore(Sub(Div(Sub($close,$low),Add(Abs(Sub($high,$low)),0.000001)),Mean(Div(Sub($close,$low),Add(Abs(Sub($high,$low)),0.000001)),30))),ZScore(Div($m1_first30_vol,Add(Abs($volume),0.000001)))))",rx_interaction::rx_range_location::rx_opening_amount::product,phase3bp_true1min_rx_ucb_native,phase3bp_true1min_rx_ucb_native,close|high|low|m1_first30_vol|volume,"['close', 'high', 'low', 'm1_first30_vol', 'volume']",0,phase3bp:c8af19143070433e5893b16e,0.10004375,1,read_only_research_candidate,rx interaction bar_loc_shift_30 x m1_first30_vol product
phase3bp_02070,227773a29cc9e522cb9db66a,"CSRank(Sub(ZScore(Delta($intraday_ret_from_open,30)),ZScore(Delta($volume,30))))",rx_interaction::rx_intraday_return::rx_flow_amount_volume::spread,phase3bp_true1min_rx_ucb_native,phase3bp_true1min_rx_ucb_native,intraday_ret_from_open|volume,"['intraday_ret_from_open', 'volume']",30,phase3bp:227773a29cc9e522cb9db66a,0.09966964,1,read_only_research_candidate,rx interaction intraday_delta_30 x volume_delta_30 spread
phase3bp_01139,bba764a326c86816b61e06cc,"CSRank(Mul(ZScore(Sub(Div(Sub($close,$low),Add(Abs(Sub($high,$low)),0.000001)),Mean(Div(Sub($close,$low),Add(Abs(Sub($high,$low)),0.000001)),8))),ZScore(Std(Div(Sub($high,$low),Add(Abs($open),0.000001)),30))))",rx_interaction::rx_range_location::rx_range_location::product,phase3bp_true1min_rx_ucb_native,phase3bp_true1min_rx_ucb_native,close|high|low|open,"['close', 'high', 'low', 'open']",0,phase3bp:bba764a326c86816b61e06cc,0.099386,1,read_only_research_candidate,rx interaction bar_loc_shift_8 x range_vol_30 product
phase3bp_02123,33de1a530fa113fd5ddc0be8,"CSRank(Mul(ZScore(Sub(Div(Sub($close,$low),Add(Abs(Sub($high,$low)),0.000001)),Mean(Div(Sub($close,$low),Add(Abs(Sub($high,$low)),0.000001)),30))),ZScore(Std(Div(Sub($high,$low),Add(Abs($open),0.000001)),8))))",rx_interaction::rx_range_location::rx_range_location::product,phase3bp_true1min_rx_ucb_native,phase3bp_true1min_rx_ucb_native,close|high|low|open,"['close', 'high', 'low', 'open']",0,phase3bp:33de1a530fa113fd5ddc0be8,0.099386,1,read_only_research_candidate,rx interaction bar_loc_shift_30 x range_vol_8 product
phase3bp_02160,ab4dc3682a88911b96504982,"CSRank(Sub(ZScore(Sub(Div(Sub($close,$low),Add(Abs(Sub($high,$low)),0.000001)),Mean(Div(Sub($close,$low),Add(Abs(Sub($high,$low)),0.000001)),30))),ZScore(Delta($volume,30))))",rx_interaction::rx_range_location::rx_flow_amount_volume::spread,phase3bp_true1min_rx_ucb_native,phase3bp_true1min_rx_ucb_native,close|high|low|volume,"['close', 'high', 'low', 'volume']",30,phase3bp:ab4dc3682a88911b96504982,0.09915154,1,read_only_research_candidate,rx interaction bar_loc_shift_30 x volume_delta_30 spread
phase3bp_01053,1e7eee0c55700f3c4ff30033,"CSRank(Mul(ZScore(Delta($intraday_ret_from_open,8)),ZScore(Delta($volume,30))))",rx_interaction::rx_intraday_return::rx_flow_amount_volume::product,phase3bp_true1min_rx_ucb_native,phase3bp_true1min_rx_ucb_native,intraday_ret_from_open|volume,"['intraday_ret_from_open', 'volume']",30,phase3bp:1e7eee0c55700f3c4ff30033,0.09875513,1,read_only_research_candidate,rx interaction intraday_delta_8 x volume_delta_30 product
phase3bp_02037,0a942a094218e6e9859cfc01,"CSRank(Mul(ZScore(Delta($intraday_ret_from_open,30)),ZScore(Delta($volume,8))))",rx_interaction::rx_intraday_return::rx_flow_amount_volume::product,phase3bp_true1min_rx_ucb_native,phase3bp_true1min_rx_ucb_native,intraday_ret_from_open|volume,"['intraday_ret_from_open', 'volume']",30,phase3bp:0a942a094218e6e9859cfc01,0.09875513,1,read_only_research_candidate,rx interaction intraday_delta_30 x volume_delta_8 product
phase3bp_02188,eac8039dd584de14582c9d95,"CSRank(Sub(ZScore(Sub(Div(Sub($close,$low),Add(Abs(Sub($high,$low)),0.000001)),Mean(Div(Sub($close,$low),Add(Abs(Sub($high,$low)),0.000001)),30))),ZScore(Div($m1_first30_vol,Add(Abs($volume),0.000001)))))",rx_interaction::rx_range_location::rx_opening_amount::spread,phase3bp_true1min_rx_ucb_native,phase3bp_true1min_rx_ucb_native,close|high|low|m1_first30_vol|volume,"['close', 'high', 'low', 'm1_first30_vol', 'volume']",0,phase3bp:eac8039dd584de14582c9d95,0.09773416,1,read_only_research_candidate,rx interaction bar_loc_shift_30 x m1_first30_vol spread
phase3bp_02125,a25a01f898d576016a30e10e,"CSRank(Mul(ZScore(Sub(Div(Sub($close,$low),Add(Abs(Sub($high,$low)),0.000001)),Mean(Div(Sub($close,$low),Add(Abs(Sub($high,$low)),0.000001)),30))),ZScore(Delta($amount,8))))",rx_interaction::rx_range_location::rx_flow_amount_volume::product,phase3bp_true1min_rx_ucb_native,phase3bp_true1min_rx_ucb_native,amount|close|high|low,"['amount', 'close', 'high', 'low']",8,phase3bp:a25a01f898d576016a30e10e,0.09676887,1,read_only_research_candidate,rx interaction bar_loc_shift_30 x amount_delta_8 product
phase3bp_01141,0ad611a4d0dc60c38b64b70b,"CSRank(Mul(ZScore(Sub(Div(Sub($close,$low),Add(Abs(Sub($high,$low)),0.000001)),Mean(Div(Sub($close,$low),Add(Abs(Sub($high,$low)),0.000001)),8))),ZScore(Delta($amount,30))))",rx_interaction::rx_range_location::rx_flow_amount_volume::product,phase3bp_true1min_rx_ucb_native,phase3bp_true1min_rx_ucb_native,amount|close|high|low,"['amount', 'close', 'high', 'low']",30,phase3bp:0ad611a4d0dc60c38b64b70b,0.09676887,1,read_only_research_candidate,rx interaction bar_loc_shift_8 x amount_delta_30 product
phase3bp_02127,c026343ac5089b94e82cd245,"CSRank(Mul(ZScore(Sub(Div(Sub($close,$low),Add(Abs(Sub($high,$low)),0.000001)),Mean(Div(Sub($close,$low),Add(Abs(Sub($high,$low)),0.000001)),30))),ZScore(Delta($volume,8))))",rx_interaction::rx_range_location::rx_flow_amount_volume::product,phase3bp_true1min_rx_ucb_native,phase3bp_true1min_rx_ucb_native,close|high|low|volume,"['close', 'high', 'low', 'volume']",8,phase3bp:c026343ac5089b94e82cd245,0.09582867,1,read_only_research_candidate,rx interaction bar_loc_shift_30 x volume_delta_8 product
phase3bp_01143,b1df47eab9785aa06f063dff,"CSRank(Mul(ZScore(Sub(Div(Sub($close,$low),Add(Abs(Sub($high,$low)),0.000001)),Mean(Div(Sub($close,$low),Add(Abs(Sub($high,$low)),0.000001)),8))),ZScore(Delta($volume,30))))",rx_interaction::rx_range_location::rx_flow_amount_volume::product,phase3bp_true1min_rx_ucb_native,phase3bp_true1min_rx_ucb_native,close|high|low|volume,"['close', 'high', 'low', 'volume']",30,phase3bp:b1df47eab9785aa06f063dff,0.09582867,1,read_only_research_candidate,rx interaction bar_loc_shift_8 x volume_delta_30 product
phase3bp_02833,8870236775482cec8db99055,"CSRank(Mul(ZScore(Div($m1_first30_range,Add(Abs($open),0.000001))),ZScore(Std(Div(Sub($high,$low),Add(Abs($open),0.000001)),30))))",rx_interaction::rx_opening_range::rx_range_location::product,phase3bp_true1min_rx_ucb_native,phase3bp_true1min_rx_ucb_native,high|low|m1_first30_range|open,"['high', 'low', 'm1_first30_range', 'open']",0,phase3bp:8870236775482cec8db99055,0.09539536,1,read_only_research_candidate,rx interaction m1_first30_range x range_vol_30 product
phase3bp_02834,e37d49511f69dcda7e857c5f,"CSRank(Sub(ZScore(Div($m1_first30_range,Add(Abs($open),0.000001))),ZScore(Std(Div(Sub($high,$low),Add(Abs($open),0.000001)),30))))",rx_interaction::rx_opening_range::rx_range_location::spread,phase3bp_true1min_rx_ucb_native,phase3bp_true1min_rx_ucb_native,high|low|m1_first30_range|open,"['high', 'low', 'm1_first30_range', 'open']",0,phase3bp:e37d49511f69dcda7e857c5f,0.09408097,1,read_only_research_candidate,rx interaction m1_first30_range x range_vol_30 spread
phase3bp_01081,55fe0bd8c6dc51b0c68261ce,"CSRank(Mul(ZScore(Delta($intraday_ret_from_open,8)),ZScore(Div($m1_first30_vol,Add(Abs($volume),0.000001)))))",rx_interaction::rx_intraday_return::rx_opening_amount::product,phase3bp_true1min_rx_ucb_native,phase3bp_true1min_rx_ucb_native,intraday_ret_from_open|m1_first30_vol|volume,"['intraday_ret_from_open', 'm1_first30_vol', 'volume']",8,phase3bp:55fe0bd8c6dc51b0c68261ce,0.09240156,1,read_only_research_candidate,rx interaction intraday_delta_8 x m1_first30_vol product
phase3bp_02665,79b3ec4b5508b6769a4dee3f,"CSRank(Mul(ZScore($m1_first15_vwap_return_vs_open),ZScore(Std(Div(Sub($high,$low),Add(Abs($open),0.000001)),30))))",rx_interaction::rx_opening_divergence::rx_range_location::product,phase3bp_true1min_rx_ucb_native,phase3bp_true1min_rx_ucb_native,high|low|m1_first15_vwap_return_vs_open|open,"['high', 'low', 'm1_first15_vwap_return_vs_open', 'open']",0,phase3bp:79b3ec4b5508b6769a4dee3f,0.09068542,1,read_only_research_candidate,rx interaction m1_first15_vwap_open x range_vol_30 product
phase3bp_02413,3a93f93f5fc1181da1bd188c,"CSRank(Mul(ZScore($m1_first5_vwap_return_vs_open),ZScore(Std(Div(Sub($high,$low),Add(Abs($open),0.000001)),30))))",rx_interaction::rx_opening_divergence::rx_range_location::product,phase3bp_true1min_rx_ucb_native,phase3bp_true1min_rx_ucb_native,high|low|m1_first5_vwap_return_vs_open|open,"['high', 'low', 'm1_first5_vwap_return_vs_open', 'open']",0,phase3bp:3a93f93f5fc1181da1bd188c,0.0906244,1,read_only_research_candidate,rx interaction m1_first5_vwap_open x range_vol_30 product
phase3bp_02183,561e0458e2352b1a47c9f279,"CSRank(Mul(ZScore(Sub(Div(Sub($close,$low),Add(Abs(Sub($high,$low)),0.000001)),Mean(Div(Sub($close,$low),Add(Abs(Sub($high,$low)),0.000001)),30))),ZScore(Div($m1_first5_vol,Add(Abs($volume),0.000001)))))",rx_interaction::rx_range_location::rx_opening_amount::product,phase3bp_true1min_rx_ucb_native,phase3bp_true1min_rx_ucb_native,close|high|low|m1_first5_vol|volume,"['close', 'high', 'low', 'm1_first5_vol', 'volume']",0,phase3bp:561e0458e2352b1a47c9f279,0.09059846,1,read_only_research_candidate,rx interaction bar_loc_shift_30 x m1_first5_vol product
phase3bp_01082,bb808778de991f2a3e9ced07,"CSRank(Sub(ZScore(Delta($intraday_ret_from_open,8)),ZScore(Div($m1_first30_vol,Add(Abs($volume),0.000001)))))",rx_interaction::rx_intraday_return::rx_opening_amount::spread,phase3bp_true1min_rx_ucb_native,phase3bp_true1min_rx_ucb_native,intraday_ret_from_open|m1_first30_vol|volume,"['intraday_ret_from_open', 'm1_first30_vol', 'volume']",8,phase3bp:bb808778de991f2a3e9ced07,0.09001925,1,read_only_research_candidate,rx interaction intraday_delta_8 x m1_first30_vol spread
phase3bp_01171,c0d92f5dd8f353b0f3612d24,"CSRank(Mul(ZScore(Sub(Div(Sub($close,$low),Add(Abs(Sub($high,$low)),0.000001)),Mean(Div(Sub($close,$low),Add(Abs(Sub($high,$low)),0.000001)),8))),ZScore(Div($m1_first30_vol,Add(Abs($volume),0.000001)))))",rx_interaction::rx_range_location::rx_opening_amount::product,phase3bp_true1min_rx_ucb_native,phase3bp_true1min_rx_ucb_native,close|high|low|m1_first30_vol|volume,"['close', 'high', 'low', 'm1_first30_vol', 'volume']",0,phase3bp:c0d92f5dd8f353b0f3612d24,0.08987665,1,read_only_research_candidate,rx interaction bar_loc_shift_8 x m1_first30_vol product
phase3bp_02666,3fd4dd9dfb1d2bf01e6bcb22,"CSRank(Sub(ZScore($m1_first15_vwap_return_vs_open),ZScore(Std(Div(Sub($high,$low),Add(Abs($open),0.000001)),30))))",rx_interaction::rx_opening_divergence::rx_range_location::spread,phase3bp_true1min_rx_ucb_native,phase3bp_true1min_rx_ucb_native,high|low|m1_first15_vwap_return_vs_open|open,"['high', 'low', 'm1_first15_vwap_return_vs_open', 'open']",0,phase3bp:3fd4dd9dfb1d2bf01e6bcb22,0.08937103,1,read_only_research_candidate,rx interaction m1_first15_vwap_open x range_vol_30 spread
phase3bp_02414,46a51b55e743431b747821bf,"CSRank(Sub(ZScore($m1_first5_vwap_return_vs_open),ZScore(Std(Div(Sub($high,$low),Add(Abs($open),0.000001)),30))))",rx_interaction::rx_opening_divergence::rx_range_location::spread,phase3bp_true1min_rx_ucb_native,phase3bp_true1min_rx_ucb_native,high|low|m1_first5_vwap_return_vs_open|open,"['high', 'low', 'm1_first5_vwap_return_vs_open', 'open']",0,phase3bp:46a51b55e743431b747821bf,0.08931001,1,read_only_research_candidate,rx interaction m1_first5_vwap_open x range_vol_30 spread
phase3bp_02185,a54442f9861634d17f663086,"CSRank(Mul(ZScore(Sub(Div(Sub($close,$low),Add(Abs(Sub($high,$low)),0.000001)),Mean(Div(Sub($close,$low),Add(Abs(Sub($high,$low)),0.000001)),30))),ZScore(Div($m1_first15_vol,Add(Abs($volume),0.000001)))))",rx_interaction::rx_range_location::rx_opening_amount::product,phase3bp_true1min_rx_ucb_native,phase3bp_true1min_rx_ucb_native,close|high|low|m1_first15_vol|volume,"['close', 'high', 'low', 'm1_first15_vol', 'volume']",0,phase3bp:a54442f9861634d17f663086,0.08923444,1,read_only_research_candidate,rx interaction bar_loc_shift_30 x m1_first15_vol product
phase3bp_00103,0dfd18625965a70e3c21811d,"CSRank(ZScore(Std(Div(Sub($high,$low),Add(Abs($open),0.000001)),30)))",rx_range_location::rank,phase3bp_true1min_rx_ucb_native,phase3bp_true1min_rx_ucb_native,high|low|open,"['high', 'low', 'open']",0,phase3bp:0dfd18625965a70e3c21811d,0.08859175,1,read_only_research_candidate,rx atom transform range_vol_30
phase3bp_02917,fd794bc3fbeb87c69e28ca56,"CSRank(Mul(ZScore($m1_first30_vwap_return_vs_open),ZScore(Std(Div(Sub($high,$low),Add(Abs($open),0.000001)),30))))",rx_interaction::rx_opening_divergence::rx_range_location::product,phase3bp_true1min_rx_ucb_native,phase3bp_true1min_rx_ucb_native,high|low|m1_first30_vwap_return_vs_open|open,"['high', 'low', 'm1_first30_vwap_return_vs_open', 'open']",0,phase3bp:fd794bc3fbeb87c69e28ca56,0.08843066,1,read_only_research_candidate,rx interaction m1_first30_vwap_open x range_vol_30 product
phase3bp_00104,8e811f788bb0815ae37b04c2,"Neg(CSRank(ZScore(Std(Div(Sub($high,$low),Add(Abs($open),0.000001)),30))))",rx_range_location::inverted,phase3bp_true1min_rx_ucb_native,phase3bp_true1min_rx_ucb_native,high|low|open,"['high', 'low', 'open']",0,phase3bp:8e811f788bb0815ae37b04c2,0.08841012,1,read_only_research_candidate,rx atom transform range_vol_30
phase3bp_02184,b4534e0bb90bc0a942afca65,"CSRank(Sub(ZScore(Sub(Div(Sub($close,$low),Add(Abs(Sub($high,$low)),0.000001)),Mean(Div(Sub($close,$low),Add(Abs(Sub($high,$low)),0.000001)),30))),ZScore(Div($m1_first5_vol,Add(Abs($volume),0.000001)))))",rx_interaction::rx_range_location::rx_opening_amount::spread,phase3bp_true1min_rx_ucb_native,phase3bp_true1min_rx_ucb_native,close|high|low|m1_first5_vol|volume,"['close', 'high', 'low', 'm1_first5_vol', 'volume']",0,phase3bp:b4534e0bb90bc0a942afca65,0.08828886,1,read_only_research_candidate,rx interaction bar_loc_shift_30 x m1_first5_vol spread
phase3bp_01172,eb4b97fd2cd1153daeddd57c,"CSRank(Sub(ZScore(Sub(Div(Sub($close,$low),Add(Abs(Sub($high,$low)),0.000001)),Mean(Div(Sub($close,$low),Add(Abs(Sub($high,$low)),0.000001)),8))),ZScore(Div($m1_first30_vol,Add(Abs($volume),0.000001)))))",rx_interaction::rx_range_location::rx_opening_amount::spread,phase3bp_true1min_rx_ucb_native,phase3bp_true1min_rx_ucb_native,close|high|low|m1_first30_vol|volume,"['close', 'high', 'low', 'm1_first30_vol', 'volume']",0,phase3bp:eb4b97fd2cd1153daeddd57c,0.08756706,1,read_only_research_candidate,rx interaction bar_loc_shift_8 x m1_first30_vol spread
phase3bp_02918,83c415d999020c75216086d1,"CSRank(Sub(ZScore($m1_first30_vwap_return_vs_open),ZScore(Std(Div(Sub($high,$low),Add(Abs($open),0.000001)),30))))",rx_interaction::rx_opening_divergence::rx_range_location::spread,phase3bp_true1min_rx_ucb_native,phase3bp_true1min_rx_ucb_native,high|low|m1_first30_vwap_return_vs_open|open,"['high', 'low', 'm1_first30_vwap_return_vs_open', 'open']",0,phase3bp:83c415d999020c75216086d1,0.08711627,1,read_only_research_candidate,rx interaction m1_first30_vwap_open x range_vol_30 spread
phase3bp_02186,8563d3c7e146fa9af386e693,"CSRank(Sub(ZScore(Sub(Div(Sub($close,$low),Add(Abs(Sub($high,$low)),0.000001)),Mean(Div(Sub($close,$low),Add(Abs(Sub($high,$low)),0.000001)),30))),ZScore(Div($m1_first15_vol,Add(Abs($volume),0.000001)))))",rx_interaction::rx_range_location::rx_opening_amount::spread,phase3bp_true1min_rx_ucb_native,phase3bp_true1min_rx_ucb_native,close|high|low|m1_first15_vol|volume,"['close', 'high', 'low', 'm1_first15_vol', 'volume']",0,phase3bp:8563d3c7e146fa9af386e693,0.08692485,1,read_only_research_candidate,rx interaction bar_loc_shift_30 x m1_first15_vol spread
phase3bp_02093,fbd18edae2eef11c44f3d86a,"CSRank(Mul(ZScore(Delta($intraday_ret_from_open,30)),ZScore(Div($m1_first5_vol,Add(Abs($volume),0.000001)))))",rx_interaction::rx_intraday_return::rx_opening_amount::product,phase3bp_true1min_rx_ucb_native,phase3bp_true1min_rx_ucb_native,intraday_ret_from_open|m1_first5_vol|volume,"['intraday_ret_from_open', 'm1_first5_vol', 'volume']",30,phase3bp:fbd18edae2eef11c44f3d86a,0.0868265,1,read_only_research_candidate,rx interaction intraday_delta_30 x m1_first5_vol product
phase3bp_02801,464bf1f90430f31b0ad594b8,"CSRank(Mul(ZScore(Div($m1_first30_range,Add(Abs($open),0.000001))),ZScore(Std(Div(Sub($high,$low),Add(Abs($open),0.000001)),8))))",rx_interaction::rx_opening_range::rx_range_location::product,phase3bp_true1min_rx_ucb_native,phase3bp_true1min_rx_ucb_native,high|low|m1_first30_range|open,"['high', 'low', 'm1_first30_range', 'open']",0,phase3bp:464bf1f90430f31b0ad594b8,0.08522826,1,read_only_research_candidate,rx interaction m1_first30_range x range_vol_8 product
phase3bp_02095,a53b4131a7d66cba709737b5,"CSRank(Mul(ZScore(Delta($intraday_ret_from_open,30)),ZScore(Div($m1_first15_vol,Add(Abs($volume),0.000001)))))",rx_interaction::rx_intraday_return::rx_opening_amount::product,phase3bp_true1min_rx_ucb_native,phase3bp_true1min_rx_ucb_native,intraday_ret_from_open|m1_first15_vol|volume,"['intraday_ret_from_open', 'm1_first15_vol', 'volume']",30,phase3bp:a53b4131a7d66cba709737b5,0.08455314,1,read_only_research_candidate,rx interaction intraday_delta_30 x m1_first15_vol product
phase3bp_02094,522563e540697d080f5398ac,"CSRank(Sub(ZScore(Delta($intraday_ret_from_open,30)),ZScore(Div($m1_first5_vol,Add(Abs($volume),0.000001)))))",rx_interaction::rx_intraday_return::rx_opening_amount::spread,phase3bp_true1min_rx_ucb_native,phase3bp_true1min_rx_ucb_native,intraday_ret_from_open|m1_first5_vol|volume,"['intraday_ret_from_open', 'm1_first5_vol', 'volume']",30,phase3bp:522563e540697d080f5398ac,0.08444419,1,read_only_research_candidate,rx interaction intraday_delta_30 x m1_first5_vol spread
phase3bp_02802,92794142f33cbe56227295ad,"CSRank(Sub(ZScore(Div($m1_first30_range,Add(Abs($open),0.000001))),ZScore(Std(Div(Sub($high,$low),Add(Abs($open),0.000001)),8))))",rx_interaction::rx_opening_range::rx_range_location::spread,phase3bp_true1min_rx_ucb_native,phase3bp_true1min_rx_ucb_native,high|low|m1_first30_range|open,"['high', 'low', 'm1_first30_range', 'open']",0,phase3bp:92794142f33cbe56227295ad,0.08391387,1,read_only_research_candidate,rx interaction m1_first30_range x range_vol_8 spread
phase3bp_02329,13eef7a6c48940b0cf26177d,"CSRank(Mul(ZScore(Div($m1_first5_range,Add(Abs($open),0.000001))),ZScore(Std(Div(Sub($high,$low),Add(Abs($open),0.000001)),30))))",rx_interaction::rx_opening_range::rx_range_location::product,phase3bp_true1min_rx_ucb_native,phase3bp_true1min_rx_ucb_native,high|low|m1_first5_range|open,"['high', 'low', 'm1_first5_range', 'open']",0,phase3bp:13eef7a6c48940b0cf26177d,0.08358874,1,read_only_research_candidate,rx interaction m1_first5_range x range_vol_30 product
phase3bp_02581,41532e2e56b9ab47db21e666,"CSRank(Mul(ZScore(Div($m1_first15_range,Add(Abs($open),0.000001))),ZScore(Std(Div(Sub($high,$low),Add(Abs($open),0.000001)),30))))",rx_interaction::rx_opening_range::rx_range_location::product,phase3bp_true1min_rx_ucb_native,phase3bp_true1min_rx_ucb_native,high|low|m1_first15_range|open,"['high', 'low', 'm1_first15_range', 'open']",0,phase3bp:41532e2e56b9ab47db21e666,0.08281366,1,read_only_research_candidate,rx interaction m1_first15_range x range_vol_30 product
phase3bp_02330,52d8d0c2c0b7562bd212dc62,"CSRank(Sub(ZScore(Div($m1_first5_range,Add(Abs($open),0.000001))),ZScore(Std(Div(Sub($high,$low),Add(Abs($open),0.000001)),30))))",rx_interaction::rx_opening_range::rx_range_location::spread,phase3bp_true1min_rx_ucb_native,phase3bp_true1min_rx_ucb_native,high|low|m1_first5_range|open,"['high', 'low', 'm1_first5_range', 'open']",0,phase3bp:52d8d0c2c0b7562bd212dc62,0.08227435,1,read_only_research_candidate,rx interaction m1_first5_range x range_vol_30 spread
phase3bp_02096,85c2cd8a3eb1c95f2ff6ee70,"CSRank(Sub(ZScore(Delta($intraday_ret_from_open,30)),ZScore(Div($m1_first15_vol,Add(Abs($volume),0.000001)))))",rx_interaction::rx_intraday_return::rx_opening_amount::spread,phase3bp_true1min_rx_ucb_native,phase3bp_true1min_rx_ucb_native,intraday_ret_from_open|m1_first15_vol|volume,"['intraday_ret_from_open', 'm1_first15_vol', 'volume']",30,phase3bp:85c2cd8a3eb1c95f2ff6ee70,0.08217083,1,read_only_research_candidate,rx interaction intraday_delta_30 x m1_first15_vol spread
phase3bp_02582,3d0bc3d9ac3987e70c31c058,"CSRank(Sub(ZScore(Div($m1_first15_range,Add(Abs($open),0.000001))),ZScore(Std(Div(Sub($high,$low),Add(Abs($open),0.000001)),30))))",rx_interaction::rx_opening_range::rx_range_location::spread,phase3bp_true1min_rx_ucb_native,phase3bp_true1min_rx_ucb_native,high|low|m1_first15_range|open,"['high', 'low', 'm1_first15_range', 'open']",0,phase3bp:3d0bc3d9ac3987e70c31c058,0.08149927,1,read_only_research_candidate,rx interaction m1_first15_range x range_vol_30 spread
phase3bp_02633,c7858c4421e79041355b4c79,"CSRank(Mul(ZScore($m1_first15_vwap_return_vs_open),ZScore(Std(Div(Sub($high,$low),Add(Abs($open),0.000001)),8))))",rx_interaction::rx_opening_divergence::rx_range_location::product,phase3bp_true1min_rx_ucb_native,phase3bp_true1min_rx_ucb_native,high|low|m1_first15_vwap_return_vs_open|open,"['high', 'low', 'm1_first15_vwap_return_vs_open', 'open']",0,phase3bp:c7858c4421e79041355b4c79,0.08051832,1,read_only_research_candidate,rx interaction m1_first15_vwap_open x range_vol_8 product
phase3bp_02381,e46c38531146ae8be0347f9d,"CSRank(Mul(ZScore($m1_first5_vwap_return_vs_open),ZScore(Std(Div(Sub($high,$low),Add(Abs($open),0.000001)),8))))",rx_interaction::rx_opening_divergence::rx_range_location::product,phase3bp_true1min_rx_ucb_native,phase3bp_true1min_rx_ucb_native,high|low|m1_first5_vwap_return_vs_open|open,"['high', 'low', 'm1_first5_vwap_return_vs_open', 'open']",0,phase3bp:e46c38531146ae8be0347f9d,0.0804573,1,read_only_research_candidate,rx interaction m1_first5_vwap_open x range_vol_8 product
phase3bp_01167,b7255b778d027a6b5434674e,"CSRank(Mul(ZScore(Sub(Div(Sub($close,$low),Add(Abs(Sub($high,$low)),0.000001)),Mean(Div(Sub($close,$low),Add(Abs(Sub($high,$low)),0.000001)),8))),ZScore(Div($m1_first5_vol,Add(Abs($volume),0.000001)))))",rx_interaction::rx_range_location::rx_opening_amount::product,phase3bp_true1min_rx_ucb_native,phase3bp_true1min_rx_ucb_native,close|high|low|m1_first5_vol|volume,"['close', 'high', 'low', 'm1_first5_vol', 'volume']",0,phase3bp:b7255b778d027a6b5434674e,0.08043136,1,read_only_research_candidate,rx interaction bar_loc_shift_8 x m1_first5_vol product
phase3bp_02634,cdc539254b7f9af7f5b1e028,"CSRank(Sub(ZScore($m1_first15_vwap_return_vs_open),ZScore(Std(Div(Sub($high,$low),Add(Abs($open),0.000001)),8))))",rx_interaction::rx_opening_divergence::rx_range_location::spread,phase3bp_true1min_rx_ucb_native,phase3bp_true1min_rx_ucb_native,high|low|m1_first15_vwap_return_vs_open|open,"['high', 'low', 'm1_first15_vwap_return_vs_open', 'open']",0,phase3bp:cdc539254b7f9af7f5b1e028,0.07920393,1,read_only_research_candidate,rx interaction m1_first15_vwap_open x range_vol_8 spread
phase3bp_02382,ecdb559616b42866d6c142ab,"CSRank(Sub(ZScore($m1_first5_vwap_return_vs_open),ZScore(Std(Div(Sub($high,$low),Add(Abs($open),0.000001)),8))))",rx_interaction::rx_opening_divergence::rx_range_location::spread,phase3bp_true1min_rx_ucb_native,phase3bp_true1min_rx_ucb_native,high|low|m1_first5_vwap_return_vs_open|open,"['high', 'low', 'm1_first5_vwap_return_vs_open', 'open']",0,phase3bp:ecdb559616b42866d6c142ab,0.07914291,1,read_only_research_candidate,rx interaction m1_first5_vwap_open x range_vol_8 spread
phase3bp_01169,1511bdc94c177f8cda3b372d,"CSRank(Mul(ZScore(Sub(Div(Sub($close,$low),Add(Abs(Sub($high,$low)),0.000001)),Mean(Div(Sub($close,$low),Add(Abs(Sub($high,$low)),0.000001)),8))),ZScore(Div($m1_first15_vol,Add(Abs($volume),0.000001)))))",rx_interaction::rx_range_location::rx_opening_amount::product,phase3bp_true1min_rx_ucb_native,phase3bp_true1min_rx_ucb_native,close|high|low|m1_first15_vol|volume,"['close', 'high', 'low', 'm1_first15_vol', 'volume']",0,phase3bp:1511bdc94c177f8cda3b372d,0.07906734,1,read_only_research_candidate,rx interaction bar_loc_shift_8 x m1_first15_vol product
phase3bp_00047,1816cdd7515264c88ee86e1e,"CSRank(ZScore(Std(Div(Sub($high,$low),Add(Abs($open),0.000001)),8)))",rx_range_location::rank,phase3bp_true1min_rx_ucb_native,phase3bp_true1min_rx_ucb_native,high|low|open,"['high', 'low', 'open']",0,phase3bp:1816cdd7515264c88ee86e1e,0.07842465,1,read_only_research_candidate,rx atom transform range_vol_8
phase3bp_02497,97d813a6ec70101b27c499bc,"CSRank(Mul(ZScore(Div($m1_first15_amount,Add(Abs($amount),0.000001))),ZScore(Std(Div(Sub($high,$low),Add(Abs($open),0.000001)),30))))",rx_interaction::rx_opening_amount::rx_range_location::product,phase3bp_true1min_rx_ucb_native,phase3bp_true1min_rx_ucb_native,amount|high|low|m1_first15_amount|open,"['amount', 'high', 'low', 'm1_first15_amount', 'open']",0,phase3bp:97d813a6ec70101b27c499bc,0.07829667,1,read_only_research_candidate,rx interaction m1_first15_amount x range_vol_30 product
phase3bp_02885,9666e94ad256e7abcc9413da,"CSRank(Mul(ZScore($m1_first30_vwap_return_vs_open),ZScore(Std(Div(Sub($high,$low),Add(Abs($open),0.000001)),8))))",rx_interaction::rx_opening_divergence::rx_range_location::product,phase3bp_true1min_rx_ucb_native,phase3bp_true1min_rx_ucb_native,high|low|m1_first30_vwap_return_vs_open|open,"['high', 'low', 'm1_first30_vwap_return_vs_open', 'open']",0,phase3bp:9666e94ad256e7abcc9413da,0.07826356,1,read_only_research_candidate,rx interaction m1_first30_vwap_open x range_vol_8 product
phase3bp_00048,969513b334b32b608a200dd5,"Neg(CSRank(ZScore(Std(Div(Sub($high,$low),Add(Abs($open),0.000001)),8))))",rx_range_location::inverted,phase3bp_true1min_rx_ucb_native,phase3bp_true1min_rx_ucb_native,high|low|open,"['high', 'low', 'open']",0,phase3bp:969513b334b32b608a200dd5,0.07824302,1,read_only_research_candidate,rx atom transform range_vol_8
phase3bp_01168,569324809acd73aa171bf2c4,"CSRank(Sub(ZScore(Sub(Div(Sub($close,$low),Add(Abs(Sub($high,$low)),0.000001)),Mean(Div(Sub($close,$low),Add(Abs(Sub($high,$low)),0.000001)),8))),ZScore(Div($m1_first5_vol,Add(Abs($volume),0.000001)))))",rx_interaction::rx_range_location::rx_opening_amount::spread,phase3bp_true1min_rx_ucb_native,phase3bp_true1min_rx_ucb_native,close|high|low|m1_first5_vol|volume,"['close', 'high', 'low', 'm1_first5_vol', 'volume']",0,phase3bp:569324809acd73aa171bf2c4,0.07812176,1,read_only_research_candidate,rx interaction bar_loc_shift_8 x m1_first5_vol spread
phase3bp_02245,5eb50966879521c2558f14cb,"CSRank(Mul(ZScore(Div($m1_first5_amount,Add(Abs($amount),0.000001))),ZScore(Std(Div(Sub($high,$low),Add(Abs($open),0.000001)),30))))",rx_interaction::rx_opening_amount::rx_range_location::product,phase3bp_true1min_rx_ucb_native,phase3bp_true1min_rx_ucb_native,amount|high|low|m1_first5_amount|open,"['amount', 'high', 'low', 'm1_first5_amount', 'open']",0,phase3bp:5eb50966879521c2558f14cb,0.07750145,1,read_only_research_candidate,rx interaction m1_first5_amount x range_vol_30 product
phase3bp_02749,937d814dfc67ca4d8ecd5a46,"CSRank(Mul(ZScore(Div($m1_first30_amount,Add(Abs($amount),0.000001))),ZScore(Std(Div(Sub($high,$low),Add(Abs($open),0.000001)),30))))",rx_interaction::rx_opening_amount::rx_range_location::product,phase3bp_true1min_rx_ucb_native,phase3bp_true1min_rx_ucb_native,amount|high|low|m1_first30_amount|open,"['amount', 'high', 'low', 'm1_first30_amount', 'open']",0,phase3bp:937d814dfc67ca4d8ecd5a46,0.07705673,1,read_only_research_candidate,rx interaction m1_first30_amount x range_vol_30 product
phase3bp_02498,72c54f459a3049a3ce3878ba,"CSRank(Sub(ZScore(Div($m1_first15_amount,Add(Abs($amount),0.000001))),ZScore(Std(Div(Sub($high,$low),Add(Abs($open),0.000001)),30))))",rx_interaction::rx_opening_amount::rx_range_location::spread,phase3bp_true1min_rx_ucb_native,phase3bp_true1min_rx_ucb_native,amount|high|low|m1_first15_amount|open,"['amount', 'high', 'low', 'm1_first15_amount', 'open']",0,phase3bp:72c54f459a3049a3ce3878ba,0.07698228,1,read_only_research_candidate,rx interaction m1_first15_amount x range_vol_30 spread
phase3bp_02886,572a87d83795c905edbf0b3a,"CSRank(Sub(ZScore($m1_first30_vwap_return_vs_open),ZScore(Std(Div(Sub($high,$low),Add(Abs($open),0.000001)),8))))",rx_interaction::rx_opening_divergence::rx_range_location::spread,phase3bp_true1min_rx_ucb_native,phase3bp_true1min_rx_ucb_native,high|low|m1_first30_vwap_return_vs_open|open,"['high', 'low', 'm1_first30_vwap_return_vs_open', 'open']",0,phase3bp:572a87d83795c905edbf0b3a,0.07694917,1,read_only_research_candidate,rx interaction m1_first30_vwap_open x range_vol_8 spread
phase3bp_01170,9bcf30cce80ba18f8b864fb8,"CSRank(Sub(ZScore(Sub(Div(Sub($close,$low),Add(Abs(Sub($high,$low)),0.000001)),Mean(Div(Sub($close,$low),Add(Abs(Sub($high,$low)),0.000001)),8))),ZScore(Div($m1_first15_vol,Add(Abs($volume),0.000001)))))",rx_interaction::rx_range_location::rx_opening_amount::spread,phase3bp_true1min_rx_ucb_native,phase3bp_true1min_rx_ucb_native,close|high|low|m1_first15_vol|volume,"['close', 'high', 'low', 'm1_first15_vol', 'volume']",0,phase3bp:9bcf30cce80ba18f8b864fb8,0.07675775,1,read_only_research_candidate,rx interaction bar_loc_shift_8 x m1_first15_vol spread
phase3bp_01077,c5daea93d6c62764bd40deb4,"CSRank(Mul(ZScore(Delta($intraday_ret_from_open,8)),ZScore(Div($m1_first5_vol,Add(Abs($volume),0.000001)))))",rx_interaction::rx_intraday_return::rx_opening_amount::product,phase3bp_true1min_rx_ucb_native,phase3bp_true1min_rx_ucb_native,intraday_ret_from_open|m1_first5_vol|volume,"['intraday_ret_from_open', 'm1_first5_vol', 'volume']",8,phase3bp:c5daea93d6c62764bd40deb4,0.0766594,1,read_only_research_candidate,rx interaction intraday_delta_8 x m1_first5_vol product
phase3bp_02246,fa31569138d684c28bd7dde3,"CSRank(Sub(ZScore(Div($m1_first5_amount,Add(Abs($amount),0.000001))),ZScore(Std(Div(Sub($high,$low),Add(Abs($open),0.000001)),30))))",rx_interaction::rx_opening_amount::rx_range_location::spread,phase3bp_true1min_rx_ucb_native,phase3bp_true1min_rx_ucb_native,amount|high|low|m1_first5_amount|open,"['amount', 'high', 'low', 'm1_first5_amount', 'open']",0,phase3bp:fa31569138d684c28bd7dde3,0.07618706,1,read_only_research_candidate,rx interaction m1_first5_amount x range_vol_30 spread
phase3bp_02750,3a17c59b0483a1b8b716e8f3,"CSRank(Sub(ZScore(Div($m1_first30_amount,Add(Abs($amount),0.000001))),ZScore(Std(Div(Sub($high,$low),Add(Abs($open),0.000001)),30))))",rx_interaction::rx_opening_amount::rx_range_location::spread,phase3bp_true1min_rx_ucb_native,phase3bp_true1min_rx_ucb_native,amount|high|low|m1_first30_amount|open,"['amount', 'high', 'low', 'm1_first30_amount', 'open']",0,phase3bp:3a17c59b0483a1b8b716e8f3,0.07574234,1,read_only_research_candidate,rx interaction m1_first30_amount x range_vol_30 spread
phase3bp_01079,24ee7ed115a6887643ac6fb5,"CSRank(Mul(ZScore(Delta($intraday_ret_from_open,8)),ZScore(Div($m1_first15_vol,Add(Abs($volume),0.000001)))))",rx_interaction::rx_intraday_return::rx_opening_amount::product,phase3bp_true1min_rx_ucb_native,phase3bp_true1min_rx_ucb_native,intraday_ret_from_open|m1_first15_vol|volume,"['intraday_ret_from_open', 'm1_first15_vol', 'volume']",8,phase3bp:24ee7ed115a6887643ac6fb5,0.07438604,1,read_only_research_candidate,rx interaction intraday_delta_8 x m1_first15_vol product
phase3bp_01078,7e37eae2d9e41504483c82a3,"CSRank(Sub(ZScore(Delta($intraday_ret_from_open,8)),ZScore(Div($m1_first5_vol,Add(Abs($volume),0.000001)))))",rx_interaction::rx_intraday_return::rx_opening_amount::spread,phase3bp_true1min_rx_ucb_native,phase3bp_true1min_rx_ucb_native,intraday_ret_from_open|m1_first5_vol|volume,"['intraday_ret_from_open', 'm1_first5_vol', 'volume']",8,phase3bp:7e37eae2d9e41504483c82a3,0.07427709,1,read_only_research_candidate,rx interaction intraday_delta_8 x m1_first5_vol spread
phase3bp_00111,ccfbc7063f3ff40d15a4bed8,"CSRank(ZScore(Std($ret_1m,30)))",rx_volatility_state::rank,phase3bp_true1min_rx_ucb_native,phase3bp_true1min_rx_ucb_native,ret_1m,['ret_1m'],30,phase3bp:ccfbc7063f3ff40d15a4bed8,0.07408381,1,read_only_research_candidate,rx atom transform ret_vol_30
phase3bp_02923,c77794acd90fc5705533a246,"CSRank(Mul(ZScore($m1_first30_vwap_return_vs_open),ZScore(Std($ret_1m,30))))",rx_interaction::rx_opening_divergence::rx_volatility_state::product,phase3bp_true1min_rx_ucb_native,phase3bp_true1min_rx_ucb_native,m1_first30_vwap_return_vs_open|ret_1m,"['m1_first30_vwap_return_vs_open', 'ret_1m']",30,phase3bp:c77794acd90fc5705533a246,0.07348672,1,read_only_research_candidate,rx interaction m1_first30_vwap_open x ret_vol_30 product
phase3bp_02297,3e2b783365f7303864038862,"CSRank(Mul(ZScore(Div($m1_first5_range,Add(Abs($open),0.000001))),ZScore(Std(Div(Sub($high,$low),Add(Abs($open),0.000001)),8))))",rx_interaction::rx_opening_range::rx_range_location::product,phase3bp_true1min_rx_ucb_native,phase3bp_true1min_rx_ucb_native,high|low|m1_first5_range|open,"['high', 'low', 'm1_first5_range', 'open']",0,phase3bp:3e2b783365f7303864038862,0.07342164,1,read_only_research_candidate,rx interaction m1_first5_range x range_vol_8 product
phase3bp_02549,ee01e71cc3ff8dd57a280df5,"CSRank(Mul(ZScore(Div($m1_first15_range,Add(Abs($open),0.000001))),ZScore(Std(Div(Sub($high,$low),Add(Abs($open),0.000001)),8))))",rx_interaction::rx_opening_range::rx_range_location::product,phase3bp_true1min_rx_ucb_native,phase3bp_true1min_rx_ucb_native,high|low|m1_first15_range|open,"['high', 'low', 'm1_first15_range', 'open']",0,phase3bp:ee01e71cc3ff8dd57a280df5,0.07264656,1,read_only_research_candidate,rx interaction m1_first15_range x range_vol_8 product
phase3bp_02839,5d5f9baaba83e3a1cd5f02a1,"CSRank(Mul(ZScore(Div($m1_first30_range,Add(Abs($open),0.000001))),ZScore(Std($ret_1m,30))))",rx_interaction::rx_opening_range::rx_volatility_state::product,phase3bp_true1min_rx_ucb_native,phase3bp_true1min_rx_ucb_native,m1_first30_range|open|ret_1m,"['m1_first30_range', 'open', 'ret_1m']",30,phase3bp:5d5f9baaba83e3a1cd5f02a1,0.07238638,1,read_only_research_candidate,rx interaction m1_first30_range x ret_vol_30 product
phase3bp_02298,ae94069d098f276e4fa1ede4,"CSRank(Sub(ZScore(Div($m1_first5_range,Add(Abs($open),0.000001))),ZScore(Std(Div(Sub($high,$low),Add(Abs($open),0.000001)),8))))",rx_interaction::rx_opening_range::rx_range_location::spread,phase3bp_true1min_rx_ucb_native,phase3bp_true1min_rx_ucb_native,high|low|m1_first5_range|open,"['high', 'low', 'm1_first5_range', 'open']",0,phase3bp:ae94069d098f276e4fa1ede4,0.07210725,1,read_only_research_candidate,rx interaction m1_first5_range x range_vol_8 spread
phase3bp_01080,db38834be4587e09c0d9ca16,"CSRank(Sub(ZScore(Delta($intraday_ret_from_open,8)),ZScore(Div($m1_first15_vol,Add(Abs($volume),0.000001)))))",rx_interaction::rx_intraday_return::rx_opening_amount::spread,phase3bp_true1min_rx_ucb_native,phase3bp_true1min_rx_ucb_native,intraday_ret_from_open|m1_first15_vol|volume,"['intraday_ret_from_open', 'm1_first15_vol', 'volume']",8,phase3bp:db38834be4587e09c0d9ca16,0.07200373,1,read_only_research_candidate,rx interaction intraday_delta_8 x m1_first15_vol spread
phase3bp_02550,2ec381a75757909f12b3c77c,"CSRank(Sub(ZScore(Div($m1_first15_range,Add(Abs($open),0.000001))),ZScore(Std(Div(Sub($high,$low),Add(Abs($open),0.000001)),8))))",rx_interaction::rx_opening_range::rx_range_location::spread,phase3bp_true1min_rx_ucb_native,phase3bp_true1min_rx_ucb_native,high|low|m1_first15_range|open,"['high', 'low', 'm1_first15_range', 'open']",0,phase3bp:2ec381a75757909f12b3c77c,0.07133217,1,read_only_research_candidate,rx interaction m1_first15_range x range_vol_8 spread
phase3bp_00112,3dd18a31b8b2ac7fd843cf6d,"Neg(CSRank(ZScore(Std($ret_1m,30))))",rx_volatility_state::inverted,phase3bp_true1min_rx_ucb_native,phase3bp_true1min_rx_ucb_native,ret_1m,['ret_1m'],30,phase3bp:3dd18a31b8b2ac7fd843cf6d,0.07124944,1,read_only_research_candidate,rx atom transform ret_vol_30
phase3bp_02840,fa19c15c8b01c791c28d4f89,"CSRank(Sub(ZScore(Div($m1_first30_range,Add(Abs($open),0.000001))),ZScore(Std($ret_1m,30))))",rx_interaction::rx_opening_range::rx_volatility_state::spread,phase3bp_true1min_rx_ucb_native,phase3bp_true1min_rx_ucb_native,m1_first30_range|open|ret_1m,"['m1_first30_range', 'open', 'ret_1m']",30,phase3bp:fa19c15c8b01c791c28d4f89,0.07000407,1,read_only_research_candidate,rx interaction m1_first30_range x ret_vol_30 spread
phase3bp_02924,778aa3e2c46dc26281bf869f,"CSRank(Sub(ZScore($m1_first30_vwap_return_vs_open),ZScore(Std($ret_1m,30))))",rx_interaction::rx_opening_divergence::rx_volatility_state::spread,phase3bp_true1min_rx_ucb_native,phase3bp_true1min_rx_ucb_native,m1_first30_vwap_return_vs_open|ret_1m,"['m1_first30_vwap_return_vs_open', 'ret_1m']",30,phase3bp:778aa3e2c46dc26281bf869f,0.06931768,1,read_only_research_candidate,rx interaction m1_first30_vwap_open x ret_vol_30 spread
phase3bp_02465,772af3020433b4ba7d210221,"CSRank(Mul(ZScore(Div($m1_first15_amount,Add(Abs($amount),0.000001))),ZScore(Std(Div(Sub($high,$low),Add(Abs($open),0.000001)),8))))",rx_interaction::rx_opening_amount::rx_range_location::product,phase3bp_true1min_rx_ucb_native,phase3bp_true1min_rx_ucb_native,amount|high|low|m1_first15_amount|open,"['amount', 'high', 'low', 'm1_first15_amount', 'open']",0,phase3bp:772af3020433b4ba7d210221,0.06812957,1,read_only_research_candidate,rx interaction m1_first15_amount x range_vol_8 product
phase3bp_02007,cd9072c9e453c4277d4efb48,"CSRank(Mul(ZScore(Delta($ret_1m,30)),ZScore(Div($m1_first30_vol,Add(Abs($volume),0.000001)))))",rx_interaction::rx_intraday_return::rx_opening_amount::product,phase3bp_true1min_rx_ucb_native,phase3bp_true1min_rx_ucb_native,m1_first30_vol|ret_1m|volume,"['m1_first30_vol', 'ret_1m', 'volume']",30,phase3bp:cd9072c9e453c4277d4efb48,0.06782234,1,read_only_research_candidate,rx interaction ret_delta_30 x m1_first30_vol product
phase3bp_02667,790aa38e6149539683bd09ea,"CSRank(Mul(ZScore($m1_first15_vwap_return_vs_open),ZScore(Delta($amount,30))))",rx_interaction::rx_opening_divergence::rx_flow_amount_volume::product,phase3bp_true1min_rx_ucb_native,phase3bp_true1min_rx_ucb_native,amount|m1_first15_vwap_return_vs_open,"['amount', 'm1_first15_vwap_return_vs_open']",30,phase3bp:790aa38e6149539683bd09ea,0.06735436,1,read_only_research_candidate,rx interaction m1_first15_vwap_open x amount_delta_30 product
phase3bp_02213,cb13525813ba7e2a2b78f695,"CSRank(Mul(ZScore(Div($m1_first5_amount,Add(Abs($amount),0.000001))),ZScore(Std(Div(Sub($high,$low),Add(Abs($open),0.000001)),8))))",rx_interaction::rx_opening_amount::rx_range_location::product,phase3bp_true1min_rx_ucb_native,phase3bp_true1min_rx_ucb_native,amount|high|low|m1_first5_amount|open,"['amount', 'high', 'low', 'm1_first5_amount', 'open']",0,phase3bp:cb13525813ba7e2a2b78f695,0.06733435,1,read_only_research_candidate,rx interaction m1_first5_amount x range_vol_8 product
phase3bp_02415,5df15942ca3dc0271feeab88,"CSRank(Mul(ZScore($m1_first5_vwap_return_vs_open),ZScore(Delta($amount,30))))",rx_interaction::rx_opening_divergence::rx_flow_amount_volume::product,phase3bp_true1min_rx_ucb_native,phase3bp_true1min_rx_ucb_native,amount|m1_first5_vwap_return_vs_open,"['amount', 'm1_first5_vwap_return_vs_open']",30,phase3bp:5df15942ca3dc0271feeab88,0.06723232,1,read_only_research_candidate,rx interaction m1_first5_vwap_open x amount_delta_30 product
phase3bp_02717,b64b8e961d21d8f594ce45f8,"CSRank(Mul(ZScore(Div($m1_first30_amount,Add(Abs($amount),0.000001))),ZScore(Std(Div(Sub($high,$low),Add(Abs($open),0.000001)),8))))",rx_interaction::rx_opening_amount::rx_range_location::product,phase3bp_true1min_rx_ucb_native,phase3bp_true1min_rx_ucb_native,amount|high|low|m1_first30_amount|open,"['amount', 'high', 'low', 'm1_first30_amount', 'open']",0,phase3bp:b64b8e961d21d8f594ce45f8,0.06688963,1,read_only_research_candidate,rx interaction m1_first30_amount x range_vol_8 product
phase3bp_02466,d79ef720c2510971b68cb4e3,"CSRank(Sub(ZScore(Div($m1_first15_amount,Add(Abs($amount),0.000001))),ZScore(Std(Div(Sub($high,$low),Add(Abs($open),0.000001)),8))))",rx_interaction::rx_opening_amount::rx_range_location::spread,phase3bp_true1min_rx_ucb_native,phase3bp_true1min_rx_ucb_native,amount|high|low|m1_first15_amount|open,"['amount', 'high', 'low', 'm1_first15_amount', 'open']",0,phase3bp:d79ef720c2510971b68cb4e3,0.06681518,1,read_only_research_candidate,rx interaction m1_first15_amount x range_vol_8 spread
phase3bp_02214,e1a686878b947a8ce2f6222a,"CSRank(Sub(ZScore(Div($m1_first5_amount,Add(Abs($amount),0.000001))),ZScore(Std(Div(Sub($high,$low),Add(Abs($open),0.000001)),8))))",rx_interaction::rx_opening_amount::rx_range_location::spread,phase3bp_true1min_rx_ucb_native,phase3bp_true1min_rx_ucb_native,amount|high|low|m1_first5_amount|open,"['amount', 'high', 'low', 'm1_first5_amount', 'open']",0,phase3bp:e1a686878b947a8ce2f6222a,0.06601996,1,read_only_research_candidate,rx interaction m1_first5_amount x range_vol_8 spread
phase3bp_02718,cb9eab78dc5c9f512d674c95,"CSRank(Sub(ZScore(Div($m1_first30_amount,Add(Abs($amount),0.000001))),ZScore(Std(Div(Sub($high,$low),Add(Abs($open),0.000001)),8))))",rx_interaction::rx_opening_amount::rx_range_location::spread,phase3bp_true1min_rx_ucb_native,phase3bp_true1min_rx_ucb_native,amount|high|low|m1_first30_amount|open,"['amount', 'high', 'low', 'm1_first30_amount', 'open']",0,phase3bp:cb9eab78dc5c9f512d674c95,0.06557524,1,read_only_research_candidate,rx interaction m1_first30_amount x range_vol_8 spread
phase3bp_02669,65a20f17c480351346231b81,"CSRank(Mul(ZScore($m1_first15_vwap_return_vs_open),ZScore(Delta($volume,30))))",rx_interaction::rx_opening_divergence::rx_flow_amount_volume::product,phase3bp_true1min_rx_ucb_native,phase3bp_true1min_rx_ucb_native,m1_first15_vwap_return_vs_open|volume,"['m1_first15_vwap_return_vs_open', 'volume']",30,phase3bp:65a20f17c480351346231b81,0.06547396,1,read_only_research_candidate,rx interaction m1_first15_vwap_open x volume_delta_30 product
phase3bp_02008,1d79942f19ae86e281dbe032,"CSRank(Sub(ZScore(Delta($ret_1m,30)),ZScore(Div($m1_first30_vol,Add(Abs($volume),0.000001)))))",rx_interaction::rx_intraday_return::rx_opening_amount::spread,phase3bp_true1min_rx_ucb_native,phase3bp_true1min_rx_ucb_native,m1_first30_vol|ret_1m|volume,"['m1_first30_vol', 'ret_1m', 'volume']",30,phase3bp:1d79942f19ae86e281dbe032,0.06544003,1,read_only_research_candidate,rx interaction ret_delta_30 x m1_first30_vol spread
phase3bp_02417,c1103f73afa67b9f5dec7bb3,"CSRank(Mul(ZScore($m1_first5_vwap_return_vs_open),ZScore(Delta($volume,30))))",rx_interaction::rx_opening_divergence::rx_flow_amount_volume::product,phase3bp_true1min_rx_ucb_native,phase3bp_true1min_rx_ucb_native,m1_first5_vwap_return_vs_open|volume,"['m1_first5_vwap_return_vs_open', 'volume']",30,phase3bp:c1103f73afa67b9f5dec7bb3,0.06535192,1,read_only_research_candidate,rx interaction m1_first5_vwap_open x volume_delta_30 product
