expression_hash,candidate_id,phase3bk_rank,factor_lane,fields,expression,horizon_min,shard_count,ic_mean,ic_abs_mean,ic_hit_rate,spread_mean,spread_abs_mean,spread_hit_rate,wrong_lag_prev_ic_mean,wrong_lag_future_ic_mean,mean_one_way_turnover,signal_unique_min,signal_nonnull_sum,eval_rows_sum,expected_direction,primary_horizon_min,aligned_ic_mean,aligned_spread_mean,blocker_flags,phase3bl_decision,source_generator,source_lane,policy_score,note,open_direction,abs_aligned_ic_mean,positive_horizon_count,phase3bp_blocker_flags,phase3bp_decision
8bb84c94da7e4647c7e659f2,phase3bs_00037,,cem_interaction::rx_range_location::rx_opening_amount::spread,close|high|low|m1_first30_vol|volume,"CSRank(Sub(ZScore(Sub(Div(Sub($close,$low),Add(Abs(Sub($high,$low)),0.000001)),Mean(Div(Sub($close,$low),Add(Abs(Sub($high,$low)),0.000001)),20))),ZScore(Div($m1_first30_vol,Add(Abs($volume),0.000001)))))",1,4,-0.2175969885,0.22141326,0.02205882353,-0.0006767572811,0.0007914677009,0.04411764706,-0.004255925095,0.5644209603,0.7869372939,1924,45322,51736,1,0,-0.2175969885,-0.0006767572811,primary_direction_not_reproduced|future_signal_wrong_lag_too_strong,bl_signal_materialized_watch,phase3bs_cem_dominant_rx_entropy,phase3bs_cem_dominant_rx_entropy,0.20650945,phase3bs_cem_dominant_rx_entropy: cem seed interaction bar_loc_shift_20 x m1_first30_vol spread,short_top,0.2175969885,4,signal_corr_abs_ge_0.75|future_signal_wrong_lag_too_strong,bp_watch_or_reject
2bb1a0cb505d03004371d7c5,phase3bs_00057,,cem_interaction::rx_range_location::rx_opening_amount::spread,close|high|low|m1_first5_vol|volume,"CSRank(Sub(ZScore(Sub(Div(Sub($close,$low),Add(Abs(Sub($high,$low)),0.000001)),Mean(Div(Sub($close,$low),Add(Abs(Sub($high,$low)),0.000001)),20))),ZScore(Div($m1_first5_vol,Add(Abs($volume),0.000001)))))",1,4,-0.2165016328,0.2192465856,0.02027027027,-0.0007380881771,0.0007814120386,0.02702702703,-0.005323379668,0.5715372441,0.789481137,1924,49181,51736,1,0,-0.2165016328,-0.0007380881771,primary_direction_not_reproduced|future_signal_wrong_lag_too_strong,bl_signal_materialized_watch,phase3bs_cem_dominant_rx_entropy,phase3bs_cem_dominant_rx_entropy,0.19496088,phase3bs_cem_dominant_rx_entropy: cem seed interaction bar_loc_shift_20 x m1_first5_vol spread,short_top,0.2165016328,4,signal_corr_abs_ge_0.75|future_signal_wrong_lag_too_strong,bp_watch_or_reject
3c33ee4f3d4788aae2d4d49f,phase3bs_00058,,cem_interaction::rx_range_location::rx_opening_amount::spread,close|high|low|m1_first15_vol|volume,"CSRank(Sub(ZScore(Sub(Div(Sub($close,$low),Add(Abs(Sub($high,$low)),0.000001)),Mean(Div(Sub($close,$low),Add(Abs(Sub($high,$low)),0.000001)),20))),ZScore(Div($m1_first15_vol,Add(Abs($volume),0.000001)))))",1,4,-0.2155924818,0.2188068501,0.02027027027,-0.000710431739,0.0007821615307,0.03378378378,-0.005456354355,0.5712030851,0.789589029,1924,49181,51736,1,0,-0.2155924818,-0.000710431739,primary_direction_not_reproduced|future_signal_wrong_lag_too_strong,bl_signal_materialized_watch,phase3bs_cem_dominant_rx_entropy,phase3bs_cem_dominant_rx_entropy,0.19451467,phase3bs_cem_dominant_rx_entropy: cem seed interaction bar_loc_shift_20 x m1_first15_vol spread,short_top,0.2155924818,4,signal_corr_abs_ge_0.75|future_signal_wrong_lag_too_strong,bp_watch_or_reject
0cfef44533a7d9423614c32a,phase3bs_00051,,cem_interaction::rx_range_location::rx_opening_amount::product,close|high|low|m1_first30_vol|volume,"CSRank(Mul(ZScore(Sub(Div(Sub($close,$low),Add(Abs(Sub($high,$low)),0.000001)),Mean(Div(Sub($close,$low),Add(Abs(Sub($high,$low)),0.000001)),20))),ZScore(Div($m1_first30_vol,Add(Abs($volume),0.000001)))))",1,4,0.2117057359,0.212404031,0.9852941176,0.0007382624618,0.0007466740413,0.9926470588,0.006992742702,-0.5591755691,0.7791585764,1924,45322,51736,1,0,0.2117057359,0.0007382624618,future_signal_wrong_lag_too_strong,bl_signal_materialized_watch,phase3bs_cem_dominant_rx_entropy,phase3bs_cem_dominant_rx_entropy,0.2091758,phase3bs_cem_dominant_rx_entropy: cem seed interaction bar_loc_shift_20 x m1_first30_vol product,long_top,0.2117057359,4,signal_corr_abs_ge_0.75|future_signal_wrong_lag_too_strong,bp_watch_or_reject
e9a424f121186b5731b6313a,phase3bs_00056,,cem_interaction::rx_range_location::rx_opening_amount::spread,close|high|low|m1_first15_vol|volume,"CSRank(Sub(ZScore(Sub(Div(Sub($close,$low),Add(Abs(Sub($high,$low)),0.000001)),Mean(Div(Sub($close,$low),Add(Abs(Sub($high,$low)),0.000001)),10))),ZScore(Div($m1_first15_vol,Add(Abs($volume),0.000001)))))",1,4,-0.2096864203,0.213766037,0.02702702703,-0.0006879666331,0.000793454098,0.0472972973,-0.006419931197,0.5803465972,0.7947092653,1924,49181,51736,1,0,-0.2096864203,-0.0006879666331,primary_direction_not_reproduced|future_signal_wrong_lag_too_strong,bl_signal_materialized_watch,phase3bs_cem_dominant_rx_entropy,phase3bs_cem_dominant_rx_entropy,0.19469523,phase3bs_cem_dominant_rx_entropy: cem seed interaction bar_loc_shift_10 x m1_first15_vol spread,short_top,0.2096864203,4,signal_corr_abs_ge_0.75|future_signal_wrong_lag_too_strong,bp_watch_or_reject
9bcf30cce80ba18f8b864fb8,phase3bs_00054,,cem_interaction::rx_range_location::rx_opening_amount::spread,close|high|low|m1_first15_vol|volume,"CSRank(Sub(ZScore(Sub(Div(Sub($close,$low),Add(Abs(Sub($high,$low)),0.000001)),Mean(Div(Sub($close,$low),Add(Abs(Sub($high,$low)),0.000001)),8))),ZScore(Div($m1_first15_vol,Add(Abs($volume),0.000001)))))",1,4,-0.2076829346,0.2109540196,0.02702702703,-0.0006996735802,0.0007945352641,0.03378378378,-0.009026963411,0.5848553924,0.7948023866,1924,49181,51736,1,0,-0.2076829346,-0.0006996735802,primary_direction_not_reproduced|future_signal_wrong_lag_too_strong,bl_signal_materialized_watch,phase3bs_cem_dominant_rx_entropy,phase3bs_cem_dominant_rx_entropy,0.19663995,phase3bs_cem_dominant_rx_entropy: cem seed interaction bar_loc_shift_8 x m1_first15_vol spread,short_top,0.2076829346,4,signal_corr_abs_ge_0.75|future_signal_wrong_lag_too_strong,bp_watch_or_reject
178ad0f9e87965eda7305fb8,phase3bs_00061,,cem_interaction::rx_range_location::rx_opening_amount::product,close|high|low|m1_first15_vol|volume,"CSRank(Mul(ZScore(Sub(Div(Sub($close,$low),Add(Abs(Sub($high,$low)),0.000001)),Mean(Div(Sub($close,$low),Add(Abs(Sub($high,$low)),0.000001)),20))),ZScore(Div($m1_first15_vol,Add(Abs($volume),0.000001)))))",1,4,0.2050465734,0.2058569109,0.9864864865,0.0007344101438,0.0007429456713,0.9864864865,0.007943396316,-0.5628237249,0.7802246979,1924,49181,51736,1,0,0.2050465734,0.0007344101438,future_signal_wrong_lag_too_strong,bl_signal_materialized_watch,phase3bs_cem_dominant_rx_entropy,phase3bs_cem_dominant_rx_entropy,0.19718102,phase3bs_cem_dominant_rx_entropy: cem seed interaction bar_loc_shift_20 x m1_first15_vol product,long_top,0.2050465734,4,signal_corr_abs_ge_0.75|future_signal_wrong_lag_too_strong,bp_watch_or_reject
c6f3475350a855f36f227d8b,phase3bs_00062,,cem_interaction::rx_range_location::rx_opening_amount::product,close|high|low|m1_first5_vol|volume,"CSRank(Mul(ZScore(Sub(Div(Sub($close,$low),Add(Abs(Sub($high,$low)),0.000001)),Mean(Div(Sub($close,$low),Add(Abs(Sub($high,$low)),0.000001)),20))),ZScore(Div($m1_first5_vol,Add(Abs($volume),0.000001)))))",1,4,0.2049191796,0.2060330236,0.9797297297,0.0007129088207,0.0007218386558,0.9797297297,0.007300856479,-0.5636664561,0.7809450295,1924,49181,51736,1,0,0.2049191796,0.0007129088207,future_signal_wrong_lag_too_strong,bl_signal_materialized_watch,phase3bs_cem_dominant_rx_entropy,phase3bs_cem_dominant_rx_entropy,0.19762723,phase3bs_cem_dominant_rx_entropy: cem seed interaction bar_loc_shift_20 x m1_first5_vol product,long_top,0.2049191796,4,signal_corr_abs_ge_0.75|future_signal_wrong_lag_too_strong,bp_watch_or_reject
67ec1b49de73d74fc914e4fd,phase3bs_00063,,cem_interaction::rx_range_location::rx_opening_amount::spread,close|high|low|m1_first30_vol|volume,"CSRank(Sub(ZScore(Sub(Div(Sub($close,$low),Add(Abs(Sub($high,$low)),0.000001)),Mean(Div(Sub($close,$low),Add(Abs(Sub($high,$low)),0.000001)),5))),ZScore(Div($m1_first30_vol,Add(Abs($volume),0.000001)))))",1,4,-0.2002780703,0.2012035395,0.02205882353,-0.0006708423169,0.0007356446493,0.02941176471,-0.006461601601,0.5857575784,0.7982455175,1924,45322,51736,1,0,-0.2002780703,-0.0006708423169,primary_direction_not_reproduced|future_signal_wrong_lag_too_strong,bl_signal_materialized_watch,phase3bs_cem_dominant_rx_entropy,phase3bs_cem_dominant_rx_entropy,0.18375483,phase3bs_cem_dominant_rx_entropy: cem seed interaction bar_loc_shift_5 x m1_first30_vol spread,short_top,0.2002780703,4,signal_corr_abs_ge_0.75|future_signal_wrong_lag_too_strong,bp_watch_or_reject
cf931cd170d0254c3ef5273a,phase3bs_00081,,cem_interaction::rx_range_location::rx_opening_amount::spread,close|high|low|m1_first5_vol|volume,"CSRank(Sub(ZScore(Sub(Div(Sub($close,$low),Add(Abs(Sub($high,$low)),0.000001)),Mean(Div(Sub($close,$low),Add(Abs(Sub($high,$low)),0.000001)),5))),ZScore(Div($m1_first5_vol,Add(Abs($volume),0.000001)))))",1,4,-0.1987309888,0.1995346473,0.02027027027,-0.0007069911723,0.0007348971427,0.02702702703,-0.0071643627,0.592172681,0.8007951227,1924,49181,51736,1,0,-0.1987309888,-0.0007069911723,primary_direction_not_reproduced|future_signal_wrong_lag_too_strong,bl_signal_materialized_watch,phase3bs_cem_dominant_rx_entropy,phase3bs_cem_dominant_rx_entropy,0.17220626,phase3bs_cem_dominant_rx_entropy: cem seed interaction bar_loc_shift_5 x m1_first5_vol spread,short_top,0.1987309888,4,signal_corr_abs_ge_0.75|future_signal_wrong_lag_too_strong,bp_watch_or_reject
ec28b4b419b8dc48861b893c,phase3bs_00149,,rx_interaction::rx_range_location::rx_flow_amount_volume::spread,amount|close|high|low,"CSRank(Sub(ZScore(Sub(Div(Sub($close,$low),Add(Abs(Sub($high,$low)),0.000001)),Mean(Div(Sub($close,$low),Add(Abs(Sub($high,$low)),0.000001)),30))),ZScore(Delta($amount,8))))",1,4,-0.1970152621,0.2068504876,0.05263157895,-0.0005693581202,0.0009176426518,0.05263157895,-0.0112972806,0.5020471371,0.7885456042,1929,50464,51736,1,0,-0.1970152621,-0.0005693581202,primary_direction_not_reproduced|future_signal_wrong_lag_too_strong,bl_signal_materialized_watch,phase3bs_cem_dominant_rx_entropy,phase3bs_cem_dominant_rx_entropy,0.21331715,phase3bs_cem_dominant_rx_entropy: rx interaction bar_loc_shift_30 x amount_delta_8 spread,short_top,0.1970152621,4,signal_corr_abs_ge_0.75|future_signal_wrong_lag_too_strong,bp_watch_or_reject
abeea65b00c601c7be6340b1,phase3bs_00150,,rx_interaction::rx_range_location::rx_flow_amount_volume::spread,close|high|low|volume,"CSRank(Sub(ZScore(Sub(Div(Sub($close,$low),Add(Abs(Sub($high,$low)),0.000001)),Mean(Div(Sub($close,$low),Add(Abs(Sub($high,$low)),0.000001)),30))),ZScore(Delta($volume,8))))",1,4,-0.1921312092,0.2002731486,0.04605263158,-0.0006037056594,0.0008866540856,0.04605263158,-0.01265007093,0.5086658869,0.784653249,1930,50464,51736,1,0,-0.1921312092,-0.0006037056594,primary_direction_not_reproduced|future_signal_wrong_lag_too_strong,bl_signal_materialized_watch,phase3bs_cem_dominant_rx_entropy,phase3bs_cem_dominant_rx_entropy,0.21233272,phase3bs_cem_dominant_rx_entropy: rx interaction bar_loc_shift_30 x volume_delta_8 spread,short_top,0.1921312092,4,signal_corr_abs_ge_0.75|future_signal_wrong_lag_too_strong,bp_watch_or_reject
ab4dc3682a88911b96504982,phase3bs_00152,,rx_interaction::rx_range_location::rx_flow_amount_volume::spread,close|high|low|volume,"CSRank(Sub(ZScore(Sub(Div(Sub($close,$low),Add(Abs(Sub($high,$low)),0.000001)),Mean(Div(Sub($close,$low),Add(Abs(Sub($high,$low)),0.000001)),30))),ZScore(Delta($volume,30))))",1,4,-0.1917295408,0.200093692,0.04605263158,-0.0005621518598,0.000864569004,0.06578947368,-0.007138072584,0.5091521394,0.7837943763,1931,50464,51736,1,0,-0.1917295408,-0.0005621518598,primary_direction_not_reproduced|future_signal_wrong_lag_too_strong,bl_signal_materialized_watch,phase3bs_cem_dominant_rx_entropy,phase3bs_cem_dominant_rx_entropy,0.2120917,phase3bs_cem_dominant_rx_entropy: rx interaction bar_loc_shift_30 x volume_delta_30 spread,short_top,0.1917295408,4,signal_corr_abs_ge_0.75|future_signal_wrong_lag_too_strong,bp_watch_or_reject
4d9ae1ed0ea37382c8c36138,phase3bs_00151,,rx_interaction::rx_range_location::rx_flow_amount_volume::spread,close|high|low|volume,"CSRank(Sub(ZScore(Sub(Div(Sub($close,$low),Add(Abs(Sub($high,$low)),0.000001)),Mean(Div(Sub($close,$low),Add(Abs(Sub($high,$low)),0.000001)),8))),ZScore(Delta($volume,30))))",1,4,-0.1853299846,0.1920926525,0.03289473684,-0.0005539953888,0.000823306507,0.07236842105,-0.008973080734,0.5183720541,0.7876581506,1946,50464,51736,1,0,-0.1853299846,-0.0005539953888,primary_direction_not_reproduced|future_signal_wrong_lag_too_strong,bl_signal_materialized_watch,phase3bs_cem_dominant_rx_entropy,phase3bs_cem_dominant_rx_entropy,0.21233272,phase3bs_cem_dominant_rx_entropy: rx interaction bar_loc_shift_8 x volume_delta_30 spread,short_top,0.1853299846,4,signal_corr_abs_ge_0.75|future_signal_wrong_lag_too_strong,bp_watch_or_reject
f8a0e5bdb791976c9650f1c3,phase3bs_00064,,cem_interaction::rx_range_location::rx_opening_amount::spread,close|high|low|m1_first30_vol|volume,"CSRank(Sub(ZScore(Sub(Div(Sub($close,$low),Add(Abs(Sub($high,$low)),0.000001)),Mean(Div(Sub($close,$low),Add(Abs(Sub($high,$low)),0.000001)),3))),ZScore(Div($m1_first30_vol,Add(Abs($volume),0.000001)))))",1,4,-0.1814622782,0.1816225264,0.01492869875,-0.000619781901,0.0006284447527,0.03721033868,-0.0034090802,0.585985679,0.7911996915,1924,43341,51736,1,0,-0.1814622782,-0.000619781901,primary_direction_not_reproduced|future_signal_wrong_lag_too_strong,bl_signal_materialized_watch,phase3bs_cem_dominant_rx_entropy,phase3bs_cem_dominant_rx_entropy,0.18382131,phase3bs_cem_dominant_rx_entropy: cem seed interaction bar_loc_shift_3 x m1_first30_vol spread,short_top,0.1814622782,4,signal_corr_abs_ge_0.75|future_signal_wrong_lag_too_strong,bp_watch_or_reject
0d37cf30231c23492baba6f3,phase3bs_00083,,cem_interaction::rx_range_location::rx_opening_amount::spread,close|high|low|m1_first5_vol|volume,"CSRank(Sub(ZScore(Sub(Div(Sub($close,$low),Add(Abs(Sub($high,$low)),0.000001)),Mean(Div(Sub($close,$low),Add(Abs(Sub($high,$low)),0.000001)),3))),ZScore(Div($m1_first5_vol,Add(Abs($volume),0.000001)))))",1,4,-0.1797164867,0.1802952646,0.0137012012,-0.0006303830493,0.000648863834,0.0411036036,-0.005033158588,0.5930806419,0.7964395973,1924,47200,51736,1,0,-0.1797164867,-0.0006303830493,primary_direction_not_reproduced|future_signal_wrong_lag_too_strong,bl_signal_materialized_watch,phase3bs_cem_dominant_rx_entropy,phase3bs_cem_dominant_rx_entropy,0.17227274,phase3bs_cem_dominant_rx_entropy: cem seed interaction bar_loc_shift_3 x m1_first5_vol spread,short_top,0.1797164867,4,signal_corr_abs_ge_0.75|future_signal_wrong_lag_too_strong,bp_watch_or_reject
a2d268b8d67f006cf8112c3d,phase3bs_00074,,cem_interaction::rx_intraday_return::rx_opening_amount::product,intraday_ret_from_open|m1_first30_vol|volume,"CSRank(Mul(ZScore(Delta($intraday_ret_from_open,2)),ZScore(Div($m1_first30_vol,Add(Abs($volume),0.000001)))))",1,4,0.1792778816,0.1811147542,0.9779411765,0.0007092078759,0.0008069653935,0.9338235294,0.03644001645,-0.5363026526,0.7842065914,1924,45322,51736,1,0,0.1792778816,0.0007092078759,future_signal_wrong_lag_too_strong,bl_signal_materialized_watch,phase3bs_cem_dominant_rx_entropy,phase3bs_cem_dominant_rx_entropy,0.18610179,phase3bs_cem_dominant_rx_entropy: cem seed interaction intraday_delta_2 x m1_first30_vol product,long_top,0.1792778816,4,future_signal_wrong_lag_too_strong,bp_watch_or_reject
740438a70327aa025354d417,phase3bs_00072,,cem_interaction::rx_range_location::rx_opening_amount::product,close|high|low|m1_first30_vol|volume,"CSRank(Mul(ZScore(Sub(Div(Sub($close,$low),Add(Abs(Sub($high,$low)),0.000001)),Mean(Div(Sub($close,$low),Add(Abs(Sub($high,$low)),0.000001)),3))),ZScore(Div($m1_first30_vol,Add(Abs($volume),0.000001)))))",1,4,0.1760387055,0.1770613588,0.9777183601,0.0006019584601,0.0006099540686,0.9623440285,0.003805250867,-0.5888080232,0.7902126387,1924,43341,51736,1,0,0.1760387055,0.0006019584601,future_signal_wrong_lag_too_strong,bl_signal_materialized_watch,phase3bs_cem_dominant_rx_entropy,phase3bs_cem_dominant_rx_entropy,0.18648766,phase3bs_cem_dominant_rx_entropy: cem seed interaction bar_loc_shift_3 x m1_first30_vol product,long_top,0.1760387055,4,signal_corr_abs_ge_0.75|future_signal_wrong_lag_too_strong,bp_watch_or_reject
0f4875de36695ae3e001525a,phase3bs_00031,,cem_interaction::rx_range_location::rx_volatility_state::spread,close|high|low|ret_1m,"CSRank(Sub(ZScore(Sub(Div(Sub($close,$low),Add(Abs(Sub($high,$low)),0.000001)),Mean(Div(Sub($close,$low),Add(Abs(Sub($high,$low)),0.000001)),30))),ZScore(Std($ret_1m,8))))",1,4,-0.1753233905,0.1833255789,0.03947368421,-0.0005327190883,0.0008240263272,0.05921052632,-0.002628369286,0.4661487732,0.7363533556,1940,50464,51736,1,0,-0.1753233905,-0.0005327190883,primary_direction_not_reproduced|future_signal_wrong_lag_too_strong,bl_signal_materialized_watch,phase3bs_cem_dominant_rx_entropy,phase3bs_cem_dominant_rx_entropy,0.22036482,phase3bs_cem_dominant_rx_entropy: cem seed interaction bar_loc_shift_30 x ret_vol_8 spread,short_top,0.1753233905,4,signal_corr_abs_ge_0.75|future_signal_wrong_lag_too_strong,bp_watch_or_reject
8e83685fde7d1ea36ac52c7a,phase3bs_00039,,cem_interaction::rx_range_location::rx_range_location::spread,close|high|low|open,"CSRank(Sub(ZScore(Sub(Div(Sub($close,$low),Add(Abs(Sub($high,$low)),0.000001)),Mean(Div(Sub($close,$low),Add(Abs(Sub($high,$low)),0.000001)),30))),ZScore(Std(Div(Sub($high,$low),Add(Abs($open),0.000001)),8))))",1,4,-0.1749935355,0.1806136659,0.02631578947,-0.0005738130484,0.0008231887933,0.06578947368,-0.001733581856,0.461321472,0.7476990134,1944,50464,51736,1,0,-0.1749935355,-0.0005738130484,primary_direction_not_reproduced|future_signal_wrong_lag_too_strong,bl_signal_materialized_watch,phase3bs_cem_dominant_rx_entropy,phase3bs_cem_dominant_rx_entropy,0.21548079,phase3bs_cem_dominant_rx_entropy: cem seed interaction bar_loc_shift_30 x range_vol_8 spread,short_top,0.1749935355,4,signal_corr_abs_ge_0.75|future_signal_wrong_lag_too_strong,bp_watch_or_reject
7141a408f474376bfa1a90ce,phase3bs_00034,,cem_interaction::rx_range_location::rx_volatility_state::spread,close|high|low|ret_1m,"CSRank(Sub(ZScore(Sub(Div(Sub($close,$low),Add(Abs(Sub($high,$low)),0.000001)),Mean(Div(Sub($close,$low),Add(Abs(Sub($high,$low)),0.000001)),30))),ZScore(Std($ret_1m,10))))",1,4,-0.1742967129,0.1826399093,0.04605263158,-0.0005310591968,0.0008154670611,0.07236842105,-2.915743163e-05,0.4662832027,0.7316887133,1941,50464,51736,1,0,-0.1742967129,-0.0005310591968,primary_direction_not_reproduced|future_signal_wrong_lag_too_strong,bl_signal_materialized_watch,phase3bs_cem_dominant_rx_entropy,phase3bs_cem_dominant_rx_entropy,0.21939246,phase3bs_cem_dominant_rx_entropy: cem seed interaction bar_loc_shift_30 x ret_vol_10 spread,short_top,0.1742967129,4,signal_corr_abs_ge_0.75|future_signal_wrong_lag_too_strong,bp_watch_or_reject
96f8fb644c0ba13b8940c068,phase3bs_00050,,cem_interaction::rx_range_location::rx_range_location::spread,close|high|low|open,"CSRank(Sub(ZScore(Sub(Div(Sub($close,$low),Add(Abs(Sub($high,$low)),0.000001)),Mean(Div(Sub($close,$low),Add(Abs(Sub($high,$low)),0.000001)),30))),ZScore(Std(Div(Sub($high,$low),Add(Abs($open),0.000001)),15))))",1,4,-0.1727534775,0.1795897537,0.03289473684,-0.0005619572974,0.0008168410948,0.05263157895,0.0009920878698,0.4735331238,0.7432553336,1942,50464,51736,1,0,-0.1727534775,-0.0005619572974,primary_direction_not_reproduced|future_signal_wrong_lag_too_strong,bl_signal_materialized_watch,phase3bs_cem_dominant_rx_entropy,phase3bs_cem_dominant_rx_entropy,0.21441663,phase3bs_cem_dominant_rx_entropy: cem seed interaction bar_loc_shift_30 x range_vol_15 spread,short_top,0.1727534775,4,signal_corr_abs_ge_0.75|future_signal_wrong_lag_too_strong,bp_watch_or_reject
19b865423578c570ea427d78,phase3bs_00044,,cem_interaction::rx_range_location::rx_range_location::spread,close|high|low|open,"CSRank(Sub(ZScore(Sub(Div(Sub($close,$low),Add(Abs(Sub($high,$low)),0.000001)),Mean(Div(Sub($close,$low),Add(Abs(Sub($high,$low)),0.000001)),30))),ZScore(Std(Div(Sub($high,$low),Add(Abs($open),0.000001)),10))))",1,4,-0.1725136317,0.1784584542,0.03289473684,-0.0005619380965,0.0008016348755,0.05263157895,0.001270178847,0.4648756427,0.7469971442,1941,50464,51736,1,0,-0.1725136317,-0.0005619380965,primary_direction_not_reproduced|future_signal_wrong_lag_too_strong,bl_signal_materialized_watch,phase3bs_cem_dominant_rx_entropy,phase3bs_cem_dominant_rx_entropy,0.21450843,phase3bs_cem_dominant_rx_entropy: cem seed interaction bar_loc_shift_30 x range_vol_10 spread,short_top,0.1725136317,4,signal_corr_abs_ge_0.75|future_signal_wrong_lag_too_strong,bp_watch_or_reject
30bbb991ff8991275e8e9507,phase3bs_00035,,cem_interaction::rx_range_location::rx_volatility_state::spread,close|high|low|ret_1m,"CSRank(Sub(ZScore(Sub(Div(Sub($close,$low),Add(Abs(Sub($high,$low)),0.000001)),Mean(Div(Sub($close,$low),Add(Abs(Sub($high,$low)),0.000001)),20))),ZScore(Std($ret_1m,30))))",1,4,-0.1670200404,0.1756334582,0.05263157895,-0.00052728826,0.0008272949306,0.06578947368,0.004616316437,0.4713339797,0.7235278869,1939,50464,51736,1,0,-0.1670200404,-0.00052728826,primary_direction_not_reproduced|future_signal_wrong_lag_too_strong,bl_signal_materialized_watch,phase3bs_cem_dominant_rx_entropy,phase3bs_cem_dominant_rx_entropy,0.21827618,phase3bs_cem_dominant_rx_entropy: cem seed interaction bar_loc_shift_20 x ret_vol_30 spread,short_top,0.1670200404,4,signal_corr_abs_ge_0.75|future_signal_wrong_lag_too_strong,bp_watch_or_reject
c3380f9d0f66ca9cfc5f7b06,phase3bs_00049,,cem_interaction::rx_range_location::rx_flow_amount_volume::spread,close|high|low|volume,"CSRank(Sub(ZScore(Sub(Div(Sub($close,$low),Add(Abs(Sub($high,$low)),0.000001)),Mean(Div(Sub($close,$low),Add(Abs(Sub($high,$low)),0.000001)),30))),ZScore(Div(Mean($volume,8),Add(Abs(Mean($volume,20)),0.000001)))))",1,4,-0.1665818137,0.175473252,0.04605263158,-0.0005514094003,0.0008062968324,0.08552631579,-0.007088904128,0.4303225438,0.7953982077,1924,50464,51736,1,0,-0.1665818137,-0.0005514094003,primary_direction_not_reproduced|future_signal_wrong_lag_too_strong,bl_signal_materialized_watch,phase3bs_cem_dominant_rx_entropy,phase3bs_cem_dominant_rx_entropy,0.20771977,phase3bs_cem_dominant_rx_entropy: cem seed interaction bar_loc_shift_30 x volume_curve_8_20 spread,short_top,0.1665818137,4,signal_corr_abs_ge_0.75|future_signal_wrong_lag_too_strong,bp_watch_or_reject
a0ecbb8eb39057e66282822e,phase3bs_00042,,cem_interaction::rx_range_location::rx_flow_amount_volume::spread,close|high|low|volume,"CSRank(Sub(ZScore(Sub(Div(Sub($close,$low),Add(Abs(Sub($high,$low)),0.000001)),Mean(Div(Sub($close,$low),Add(Abs(Sub($high,$low)),0.000001)),30))),ZScore(Div(Mean($volume,10),Add(Abs(Mean($volume,30)),0.000001)))))",1,4,-0.1665486525,0.1766669165,0.05263157895,-0.0005193373663,0.0008124358279,0.09210526316,-0.001637389335,0.4363016848,0.7948419207,1924,50464,51736,1,0,-0.1665486525,-0.0005193373663,primary_direction_not_reproduced|future_signal_wrong_lag_too_strong,bl_signal_materialized_watch,phase3bs_cem_dominant_rx_entropy,phase3bs_cem_dominant_rx_entropy,0.20957084,phase3bs_cem_dominant_rx_entropy: cem seed interaction bar_loc_shift_30 x volume_curve_10_30 spread,short_top,0.1665486525,4,signal_corr_abs_ge_0.75|future_signal_wrong_lag_too_strong,bp_watch_or_reject
6f0740626b4011adda78ab24,phase3bs_00045,,cem_interaction::rx_range_location::rx_flow_amount_volume::spread,amount|close|high|low,"CSRank(Sub(ZScore(Sub(Div(Sub($close,$low),Add(Abs(Sub($high,$low)),0.000001)),Mean(Div(Sub($close,$low),Add(Abs(Sub($high,$low)),0.000001)),30))),ZScore(Div(Mean($amount,8),Add(Abs(Mean($amount,20)),0.000001)))))",1,4,-0.1664561581,0.175377981,0.04605263158,-0.000554653353,0.0008017196886,0.08552631579,-0.006967247971,0.4302373325,0.7949440194,1924,50464,51736,1,0,-0.1664561581,-0.000554653353,primary_direction_not_reproduced|future_signal_wrong_lag_too_strong,bl_signal_materialized_watch,phase3bs_cem_dominant_rx_entropy,phase3bs_cem_dominant_rx_entropy,0.2087042,phase3bs_cem_dominant_rx_entropy: cem seed interaction bar_loc_shift_30 x amount_curve_8_20 spread,short_top,0.1664561581,4,signal_corr_abs_ge_0.75|future_signal_wrong_lag_too_strong,bp_watch_or_reject
ca4f13c15464c45547c3228c,phase3bs_00046,,cem_interaction::rx_range_location::rx_range_location::spread,close|high|low|open,"CSRank(Sub(ZScore(Sub(Div(Sub($close,$low),Add(Abs(Sub($high,$low)),0.000001)),Mean(Div(Sub($close,$low),Add(Abs(Sub($high,$low)),0.000001)),10))),ZScore(Std(Div(Sub($high,$low),Add(Abs($open),0.000001)),30))))",1,4,-0.1664412167,0.1739179349,0.03289473684,-0.000573983737,0.0008474283301,0.06578947368,0.002494985271,0.4776529109,0.741157457,1941,50464,51736,1,0,-0.1664412167,-0.000573983737,primary_direction_not_reproduced|future_signal_wrong_lag_too_strong,bl_signal_materialized_watch,phase3bs_cem_dominant_rx_entropy,phase3bs_cem_dominant_rx_entropy,0.21450843,phase3bs_cem_dominant_rx_entropy: cem seed interaction bar_loc_shift_10 x range_vol_30 spread,short_top,0.1664412167,4,signal_corr_abs_ge_0.75|future_signal_wrong_lag_too_strong,bp_watch_or_reject
07a79c871e377bb063d60fcc,phase3bs_00036,,cem_interaction::rx_range_location::rx_flow_amount_volume::spread,amount|close|high|low,"CSRank(Sub(ZScore(Sub(Div(Sub($close,$low),Add(Abs(Sub($high,$low)),0.000001)),Mean(Div(Sub($close,$low),Add(Abs(Sub($high,$low)),0.000001)),30))),ZScore(Div(Mean($amount,10),Add(Abs(Mean($amount,30)),0.000001)))))",1,4,-0.1663908823,0.1766002035,0.05921052632,-0.0005223850329,0.000813167371,0.09210526316,-0.001590258103,0.4362133035,0.7943402914,1924,50464,51736,1,0,-0.1663908823,-0.0005223850329,primary_direction_not_reproduced|future_signal_wrong_lag_too_strong,bl_signal_materialized_watch,phase3bs_cem_dominant_rx_entropy,phase3bs_cem_dominant_rx_entropy,0.21055527,phase3bs_cem_dominant_rx_entropy: cem seed interaction bar_loc_shift_30 x amount_curve_10_30 spread,short_top,0.1663908823,4,signal_corr_abs_ge_0.75|future_signal_wrong_lag_too_strong,bp_watch_or_reject
30700761f2f72130996e37b6,phase3bs_00052,,cem_interaction::rx_range_location::rx_flow_amount_volume::spread,close|high|low|volume,"CSRank(Sub(ZScore(Sub(Div(Sub($close,$low),Add(Abs(Sub($high,$low)),0.000001)),Mean(Div(Sub($close,$low),Add(Abs(Sub($high,$low)),0.000001)),20))),ZScore(Div(Mean($volume,10),Add(Abs(Mean($volume,30)),0.000001)))))",1,4,-0.1645330739,0.1733225935,0.05921052632,-0.0005032554496,0.000793246722,0.08552631579,-0.001979693968,0.4352456501,0.7943345626,1924,50464,51736,1,0,-0.1645330739,-0.0005032554496,primary_direction_not_reproduced|future_signal_wrong_lag_too_strong,bl_signal_materialized_watch,phase3bs_cem_dominant_rx_entropy,phase3bs_cem_dominant_rx_entropy,0.20707153,phase3bs_cem_dominant_rx_entropy: cem seed interaction bar_loc_shift_20 x volume_curve_10_30 spread,short_top,0.1645330739,4,signal_corr_abs_ge_0.75|future_signal_wrong_lag_too_strong,bp_watch_or_reject
391bdef38d2bb002dc3139c9,phase3bs_00048,,cem_interaction::rx_range_location::rx_flow_amount_volume::spread,amount|close|high|low,"CSRank(Sub(ZScore(Sub(Div(Sub($close,$low),Add(Abs(Sub($high,$low)),0.000001)),Mean(Div(Sub($close,$low),Add(Abs(Sub($high,$low)),0.000001)),20))),ZScore(Div(Mean($amount,10),Add(Abs(Mean($amount,30)),0.000001)))))",1,4,-0.1643694202,0.1732675984,0.05921052632,-0.0005059674836,0.0007938390069,0.08552631579,-0.001897305692,0.4351461429,0.7947910795,1924,50464,51736,1,0,-0.1643694202,-0.0005059674836,primary_direction_not_reproduced|future_signal_wrong_lag_too_strong,bl_signal_materialized_watch,phase3bs_cem_dominant_rx_entropy,phase3bs_cem_dominant_rx_entropy,0.20805596,phase3bs_cem_dominant_rx_entropy: cem seed interaction bar_loc_shift_20 x amount_curve_10_30 spread,short_top,0.1643694202,4,signal_corr_abs_ge_0.75|future_signal_wrong_lag_too_strong,bp_watch_or_reject
2bc8b5d43656c4aa8fd77e78,phase3bs_00033,,cem_interaction::rx_range_location::rx_volatility_state::spread,close|high|low|ret_1m,"CSRank(Sub(ZScore(Sub(Div(Sub($close,$low),Add(Abs(Sub($high,$low)),0.000001)),Mean(Div(Sub($close,$low),Add(Abs(Sub($high,$low)),0.000001)),10))),ZScore(Std($ret_1m,30))))",1,4,-0.164120965,0.1717897112,0.03289473684,-0.0005478536511,0.0008248569934,0.06578947368,0.003294287294,0.4729871702,0.7242259906,1941,50464,51736,1,0,-0.164120965,-0.0005478536511,primary_direction_not_reproduced|future_signal_wrong_lag_too_strong,bl_signal_materialized_watch,phase3bs_cem_dominant_rx_entropy,phase3bs_cem_dominant_rx_entropy,0.21939246,phase3bs_cem_dominant_rx_entropy: cem seed interaction bar_loc_shift_10 x ret_vol_30 spread,short_top,0.164120965,4,signal_corr_abs_ge_0.75|future_signal_wrong_lag_too_strong,bp_watch_or_reject
7a2852a06be765238dfcfed6,phase3bs_00040,,cem_interaction::rx_range_location::rx_range_location::spread,close|high|low|open,"CSRank(Sub(ZScore(Sub(Div(Sub($close,$low),Add(Abs(Sub($high,$low)),0.000001)),Mean(Div(Sub($close,$low),Add(Abs(Sub($high,$low)),0.000001)),8))),ZScore(Std(Div(Sub($high,$low),Add(Abs($open),0.000001)),30))))",1,4,-0.1633925734,0.1709292063,0.03289473684,-0.000596272125,0.000850248393,0.05263157895,0.001253762011,0.4792364931,0.7454509321,1941,50464,51736,1,0,-0.1633925734,-0.000596272125,primary_direction_not_reproduced|future_signal_wrong_lag_too_strong,bl_signal_materialized_watch,phase3bs_cem_dominant_rx_entropy,phase3bs_cem_dominant_rx_entropy,0.21548079,phase3bs_cem_dominant_rx_entropy: cem seed interaction bar_loc_shift_8 x range_vol_30 spread,short_top,0.1633925734,4,signal_corr_abs_ge_0.75|future_signal_wrong_lag_too_strong,bp_watch_or_reject
d118e0d51da4787e138e5a78,phase3bs_00032,,cem_interaction::rx_range_location::rx_volatility_state::spread,close|high|low|ret_1m,"CSRank(Sub(ZScore(Sub(Div(Sub($close,$low),Add(Abs(Sub($high,$low)),0.000001)),Mean(Div(Sub($close,$low),Add(Abs(Sub($high,$low)),0.000001)),8))),ZScore(Std($ret_1m,30))))",1,4,-0.1610229841,0.1688749352,0.03947368421,-0.0005515300871,0.000826470438,0.06578947368,0.002047111854,0.4737465791,0.7280991533,1942,50464,51736,1,0,-0.1610229841,-0.0005515300871,primary_direction_not_reproduced|future_signal_wrong_lag_too_strong,bl_signal_materialized_watch,phase3bs_cem_dominant_rx_entropy,phase3bs_cem_dominant_rx_entropy,0.22036482,phase3bs_cem_dominant_rx_entropy: cem seed interaction bar_loc_shift_8 x ret_vol_30 spread,short_top,0.1610229841,3,signal_corr_abs_ge_0.75|future_signal_wrong_lag_too_strong,bp_watch_or_reject
e0b8e2b43b9827bbb00773e5,phase3bs_00041,,cem_interaction::rx_range_location::rx_flow_amount_volume::spread,close|high|low|volume,"CSRank(Sub(ZScore(Sub(Div(Sub($close,$low),Add(Abs(Sub($high,$low)),0.000001)),Mean(Div(Sub($close,$low),Add(Abs(Sub($high,$low)),0.000001)),10))),ZScore(Div(Mean($volume,10),Add(Abs(Mean($volume,30)),0.000001)))))",1,4,-0.160152254,0.1669773548,0.03947368421,-0.0005692052294,0.0007450140503,0.07894736842,-0.002439797762,0.4310972193,0.7949701967,1924,50464,51736,1,0,-0.160152254,-0.0005692052294,primary_direction_not_reproduced|future_signal_wrong_lag_too_strong,bl_signal_materialized_watch,phase3bs_cem_dominant_rx_entropy,phase3bs_cem_dominant_rx_entropy,0.20957084,phase3bs_cem_dominant_rx_entropy: cem seed interaction bar_loc_shift_10 x volume_curve_10_30 spread,short_top,0.160152254,4,signal_corr_abs_ge_0.75|future_signal_wrong_lag_too_strong,bp_watch_or_reject
d3212d26de73989934947fea,phase3bs_00038,,cem_interaction::rx_range_location::rx_flow_amount_volume::spread,amount|close|high|low,"CSRank(Sub(ZScore(Sub(Div(Sub($close,$low),Add(Abs(Sub($high,$low)),0.000001)),Mean(Div(Sub($close,$low),Add(Abs(Sub($high,$low)),0.000001)),10))),ZScore(Div(Mean($amount,10),Add(Abs(Mean($amount,30)),0.000001)))))",1,4,-0.1599902311,0.1668759263,0.04605263158,-0.0005757596805,0.0007462167057,0.06578947368,-0.002308334286,0.431126328,0.7951651849,1924,50464,51736,1,0,-0.1599902311,-0.0005757596805,primary_direction_not_reproduced|future_signal_wrong_lag_too_strong,bl_signal_materialized_watch,phase3bs_cem_dominant_rx_entropy,phase3bs_cem_dominant_rx_entropy,0.21055527,phase3bs_cem_dominant_rx_entropy: cem seed interaction bar_loc_shift_10 x amount_curve_10_30 spread,short_top,0.1599902311,4,signal_corr_abs_ge_0.75|future_signal_wrong_lag_too_strong,bp_watch_or_reject
9e362a8630d22483251a7545,phase3bs_00047,,cem_interaction::rx_range_location::rx_flow_amount_volume::spread,close|high|low|volume,"CSRank(Sub(ZScore(Sub(Div(Sub($close,$low),Add(Abs(Sub($high,$low)),0.000001)),Mean(Div(Sub($close,$low),Add(Abs(Sub($high,$low)),0.000001)),8))),ZScore(Div(Mean($volume,10),Add(Abs(Mean($volume,30)),0.000001)))))",1,4,-0.1572059468,0.1637814851,0.05263157895,-0.0005306514782,0.000763110934,0.07894736842,-0.003678097333,0.4312600844,0.7944672269,1924,50464,51736,1,0,-0.1572059468,-0.0005306514782,primary_direction_not_reproduced|future_signal_wrong_lag_too_strong,bl_signal_materialized_watch,phase3bs_cem_dominant_rx_entropy,phase3bs_cem_dominant_rx_entropy,0.20846396,phase3bs_cem_dominant_rx_entropy: cem seed interaction bar_loc_shift_8 x volume_curve_10_30 spread,short_top,0.1572059468,4,signal_corr_abs_ge_0.75|future_signal_wrong_lag_too_strong,bp_watch_or_reject
f7f278159ef837128b209a0b,phase3bs_00043,,cem_interaction::rx_range_location::rx_flow_amount_volume::spread,amount|close|high|low,"CSRank(Sub(ZScore(Sub(Div(Sub($close,$low),Add(Abs(Sub($high,$low)),0.000001)),Mean(Div(Sub($close,$low),Add(Abs(Sub($high,$low)),0.000001)),8))),ZScore(Div(Mean($amount,10),Add(Abs(Mean($amount,30)),0.000001)))))",1,4,-0.157102402,0.1637603781,0.05263157895,-0.0005309085485,0.000765633974,0.08552631579,-0.003523085078,0.4312488614,0.7941639302,1924,50464,51736,1,0,-0.157102402,-0.0005309085485,primary_direction_not_reproduced|future_signal_wrong_lag_too_strong,bl_signal_materialized_watch,phase3bs_cem_dominant_rx_entropy,phase3bs_cem_dominant_rx_entropy,0.20944839,phase3bs_cem_dominant_rx_entropy: cem seed interaction bar_loc_shift_8 x amount_curve_10_30 spread,short_top,0.157102402,4,signal_corr_abs_ge_0.75|future_signal_wrong_lag_too_strong,bp_watch_or_reject
7a2c9851ca15d57d2cedf9e0,phase3bs_00115,,cem_interaction::rx_intraday_return::rx_opening_amount::spread,m1_first30_vol|ret_1m|volume,"CSRank(Sub(ZScore(Delta($ret_1m,8)),ZScore(Div($m1_first30_vol,Add(Abs($volume),0.000001)))))",1,4,-0.1559182983,0.1561086074,0.007352941176,-0.0006813698183,0.0007221272321,0.03676470588,-0.009302652759,0.6318374529,0.7748256657,1924,45322,51736,1,0,-0.1559182983,-0.0006813698183,primary_direction_not_reproduced|future_signal_wrong_lag_too_strong,bl_signal_materialized_watch,phase3bs_cem_dominant_rx_entropy,phase3bs_cem_dominant_rx_entropy,0.17461962,phase3bs_cem_dominant_rx_entropy: cem seed interaction ret_delta_8 x m1_first30_vol spread,short_top,0.1559182983,4,future_signal_wrong_lag_too_strong,bp_watch_or_reject
48b3d1a5f679f25843e29b10,phase3bs_00080,,cem_interaction::rx_range_location::rx_opening_amount::spread,close|high|low|m1_first5_vol|volume,"CSRank(Sub(ZScore(Sub(Div(Sub($close,$low),Add(Abs(Sub($high,$low)),0.000001)),Mean(Div(Sub($close,$low),Add(Abs(Sub($high,$low)),0.000001)),2))),ZScore(Div($m1_first5_vol,Add(Abs($volume),0.000001)))))",1,4,-0.1445485682,0.1450949874,0.01388888889,-0.0006524054703,0.0006541348053,0.01388888889,0.0001800441957,0.5700987099,0.8005706022,1924,46541,51736,1,0,-0.1445485682,-0.0006524054703,primary_direction_not_reproduced|future_signal_wrong_lag_too_strong,bl_signal_materialized_watch,phase3bs_cem_dominant_rx_entropy,phase3bs_cem_dominant_rx_entropy,0.17225218,phase3bs_cem_dominant_rx_entropy: cem seed interaction bar_loc_shift_2 x m1_first5_vol spread,short_top,0.1445485682,4,signal_corr_abs_ge_0.75|future_signal_wrong_lag_too_strong,bp_watch_or_reject
86eda25c5b7815526ac4a1d2,phase3bs_00127,,cem_interaction::rx_intraday_return::rx_opening_amount::spread,m1_first30_vol|ret_1m|volume,"CSRank(Sub(ZScore(Delta($ret_1m,20)),ZScore(Div($m1_first30_vol,Add(Abs($volume),0.000001)))))",1,4,-0.1445240247,0.1449070814,0.01470588235,-0.0006456223511,0.0006652070499,0.06617647059,-0.01984681107,0.6245163069,0.7810357864,1924,45322,51736,1,0,-0.1445240247,-0.0006456223511,primary_direction_not_reproduced|future_signal_wrong_lag_too_strong,bl_signal_materialized_watch,phase3bs_cem_dominant_rx_entropy,phase3bs_cem_dominant_rx_entropy,0.17249434,phase3bs_cem_dominant_rx_entropy: cem seed interaction ret_delta_20 x m1_first30_vol spread,short_top,0.1445240247,4,signal_corr_abs_ge_0.75|future_signal_wrong_lag_too_strong,bp_watch_or_reject
f31d75d58dd483cdfb89a26f,phase3bs_00082,,cem_interaction::rx_range_location::rx_opening_amount::spread,close|high|low|m1_first15_vol|volume,"CSRank(Sub(ZScore(Sub(Div(Sub($close,$low),Add(Abs(Sub($high,$low)),0.000001)),Mean(Div(Sub($close,$low),Add(Abs(Sub($high,$low)),0.000001)),2))),ZScore(Div($m1_first15_vol,Add(Abs($volume),0.000001)))))",1,4,-0.1438675086,0.1445764747,0.01388888889,-0.0006444270897,0.0006461564247,0.01388888889,-0.000659306954,0.5693394829,0.7996868114,1924,46541,51736,1,0,-0.1438675086,-0.0006444270897,primary_direction_not_reproduced|future_signal_wrong_lag_too_strong,bl_signal_materialized_watch,phase3bs_cem_dominant_rx_entropy,phase3bs_cem_dominant_rx_entropy,0.17180597,phase3bs_cem_dominant_rx_entropy: cem seed interaction bar_loc_shift_2 x m1_first15_vol spread,short_top,0.1438675086,4,signal_corr_abs_ge_0.75|future_signal_wrong_lag_too_strong,bp_watch_or_reject
1c2e1a5ecf882b7a621ff5e7,phase3bs_00108,,cem_interaction::rx_intraday_return::rx_opening_amount::product,m1_first30_vol|ret_1m|volume,"CSRank(Mul(ZScore(Delta($ret_1m,20)),ZScore(Div($m1_first30_vol,Add(Abs($volume),0.000001)))))",1,4,0.1419539346,0.142791431,0.9926470588,0.0006072211889,0.0006266298547,0.9485294118,0.0228672877,-0.616794131,0.7819661053,1924,45322,51736,1,0,0.1419539346,0.0006072211889,future_signal_wrong_lag_too_strong,bl_signal_materialized_watch,phase3bs_cem_dominant_rx_entropy,phase3bs_cem_dominant_rx_entropy,0.1754585,phase3bs_cem_dominant_rx_entropy: cem seed interaction ret_delta_20 x m1_first30_vol product,long_top,0.1419539346,4,signal_corr_abs_ge_0.75|future_signal_wrong_lag_too_strong,bp_watch_or_reject
e022b60b2307526ed8a09800,phase3bs_00124,,cem_interaction::rx_intraday_return::rx_opening_amount::spread,m1_first30_vol|ret_1m|volume,"CSRank(Sub(ZScore(Delta($ret_1m,10)),ZScore(Div($m1_first30_vol,Add(Abs($volume),0.000001)))))",1,4,-0.1413693016,0.143038938,0.05147058824,-0.0006406059668,0.0006597634332,0.06617647059,-0.009366165041,0.6436068331,0.7805626429,1924,45322,51736,1,0,-0.1413693016,-0.0006406059668,primary_direction_not_reproduced|future_signal_wrong_lag_too_strong,bl_signal_materialized_watch,phase3bs_cem_dominant_rx_entropy,phase3bs_cem_dominant_rx_entropy,0.1726749,phase3bs_cem_dominant_rx_entropy: cem seed interaction ret_delta_10 x m1_first30_vol spread,short_top,0.1413693016,4,future_signal_wrong_lag_too_strong,bp_watch_or_reject
69bbd4b434d9104a463ac8fe,phase3bs_00053,,cem_interaction::rx_intraday_return::rx_opening_amount::product,intraday_ret_from_open|m1_first30_vol|volume,"CSRank(Mul(ZScore(Delta($intraday_ret_from_open,20)),ZScore(Div($m1_first30_vol,Add(Abs($volume),0.000001)))))",5,4,0.1162693572,0.1225711739,0.9117647059,0.00046421401,0.0007975706259,0.7941176471,0.04781057481,-0.02152598357,0.7748651053,1924,45322,51736,1,0,0.1162693572,0.00046421401,,bl_signal_materialized_pass,phase3bs_cem_dominant_rx_entropy,phase3bs_cem_dominant_rx_entropy,0.20881049,phase3bs_cem_dominant_rx_entropy: cem seed interaction intraday_delta_20 x m1_first30_vol product,long_top,0.1162693572,4,signal_corr_abs_ge_0.75,bp_watch_or_reject
b8134da73640eabc01acfd41,phase3bs_00079,,cem_interaction::rx_intraday_return::rx_opening_amount::signed_state,m1_first30_vol|ret_1m|volume,"CSRank(Mul(Sign(ZScore(Delta($ret_1m,30))),ZScore(Div($m1_first30_vol,Add(Abs($volume),0.000001)))))",1,4,0.1117313286,0.1126670461,0.9705882353,0.0004480543955,0.0004987298083,0.875,0.01082092831,-0.4681302824,0.7945990503,1924,45322,51736,1,0,0.1117313286,0.0004480543955,future_signal_wrong_lag_too_strong,bl_signal_materialized_watch,phase3bs_cem_dominant_rx_entropy,phase3bs_cem_dominant_rx_entropy,0.18635918,phase3bs_cem_dominant_rx_entropy: cem seed interaction ret_delta_30 x m1_first30_vol signed_state,long_top,0.1117313286,4,future_signal_wrong_lag_too_strong,bp_watch_or_reject
95cd54b879907f00126ec896,phase3bs_00006,,cem_interaction::rx_intraday_return::rx_range_location::spread,high|low|open|ret_1m,"CSRank(Sub(ZScore(Delta($ret_1m,8)),ZScore(Std(Div(Sub($high,$low),Add(Abs($open),0.000001)),30))))",1,4,-0.1108368508,0.1148433483,0.04605263158,-0.0005126626734,0.0007435979493,0.07236842105,0.00519216178,0.5220841338,0.7380577619,1936,50464,51736,1,0,-0.1108368508,-0.0005126626734,primary_direction_not_reproduced|future_signal_wrong_lag_too_strong,bl_signal_materialized_watch,phase3bs_cem_dominant_rx_entropy,phase3bs_cem_dominant_rx_entropy,0.25845004,phase3bs_cem_dominant_rx_entropy: cem seed interaction ret_delta_8 x range_vol_30 spread,short_top,0.1108368508,3,future_signal_wrong_lag_too_strong,bp_watch_or_reject
108585721ee095b1a03efaab,phase3bs_00156,,rx_interaction::rx_intraday_return::rx_flow_amount_volume::spread,intraday_ret_from_open|volume,"CSRank(Sub(ZScore(Delta($intraday_ret_from_open,10)),ZScore(Delta($volume,30))))",5,4,-0.1078138033,0.12677061,0.1315789474,-0.000574809447,0.0009091026629,0.2105263158,-0.02776055977,0.03779144821,0.7757551171,1970,50464,51736,1,0,-0.1078138033,-0.000574809447,primary_direction_not_reproduced,bl_signal_materialized_watch,phase3bs_cem_dominant_rx_entropy,phase3bs_cem_dominant_rx_entropy,0.20815985,phase3bs_cem_dominant_rx_entropy: rx interaction intraday_delta_10 x volume_delta_30 spread,short_top,0.1078138033,4,,bp_followup_priority
4585a91ac2810c33b6e000d7,phase3bs_00007,,cem_interaction::rx_intraday_return::rx_range_location::spread,high|low|open|ret_1m,"CSRank(Sub(ZScore(Delta($ret_1m,30)),ZScore(Std(Div(Sub($high,$low),Add(Abs($open),0.000001)),8))))",1,4,-0.1047418558,0.1098519728,0.06578947368,-0.0004612203196,0.0006477000699,0.125,-0.007140508531,0.4843655631,0.7465834971,1942,50464,51736,1,0,-0.1047418558,-0.0004612203196,primary_direction_not_reproduced|future_signal_wrong_lag_too_strong,bl_signal_materialized_watch,phase3bs_cem_dominant_rx_entropy,phase3bs_cem_dominant_rx_entropy,0.25845004,phase3bs_cem_dominant_rx_entropy: cem seed interaction ret_delta_30 x range_vol_8 spread,short_top,0.1047418558,4,signal_corr_abs_ge_0.75|future_signal_wrong_lag_too_strong,bp_watch_or_reject
5d27192275a171befea4f66a,phase3bs_00008,,cem_interaction::rx_intraday_return::rx_range_location::spread,high|low|open|ret_1m,"CSRank(Sub(ZScore(Delta($ret_1m,30)),ZScore(Std(Div(Sub($high,$low),Add(Abs($open),0.000001)),10))))",1,4,-0.1029339938,0.107525989,0.05921052632,-0.0004706573392,0.0006467915718,0.125,-0.004543036725,0.490078837,0.7443994761,1942,50464,51736,1,0,-0.1029339938,-0.0004706573392,primary_direction_not_reproduced|future_signal_wrong_lag_too_strong,bl_signal_materialized_watch,phase3bs_cem_dominant_rx_entropy,phase3bs_cem_dominant_rx_entropy,0.25747768,phase3bs_cem_dominant_rx_entropy: cem seed interaction ret_delta_30 x range_vol_10 spread,short_top,0.1029339938,4,signal_corr_abs_ge_0.75|future_signal_wrong_lag_too_strong,bp_watch_or_reject
ad73db2b6460de7f3e83776f,phase3bs_00009,,cem_interaction::rx_intraday_return::rx_range_location::spread,high|low|open|ret_1m,"CSRank(Sub(ZScore(Delta($ret_1m,10)),ZScore(Std(Div(Sub($high,$low),Add(Abs($open),0.000001)),30))))",1,4,-0.1028889417,0.1103247805,0.09868421053,-0.000439937159,0.000666299564,0.1447368421,0.0025152162,0.526094093,0.7368539322,1941,50464,51736,1,0,-0.1028889417,-0.000439937159,primary_direction_not_reproduced|future_signal_wrong_lag_too_strong,bl_signal_materialized_watch,phase3bs_cem_dominant_rx_entropy,phase3bs_cem_dominant_rx_entropy,0.25747768,phase3bs_cem_dominant_rx_entropy: cem seed interaction ret_delta_10 x range_vol_30 spread,short_top,0.1028889417,3,future_signal_wrong_lag_too_strong,bp_watch_or_reject
9719fd45dfd166dd6b6f60b6,phase3bs_00010,,cem_interaction::rx_intraday_return::rx_range_location::spread,high|low|open|ret_1m,"CSRank(Sub(ZScore(Delta($ret_1m,30)),ZScore(Std(Div(Sub($high,$low),Add(Abs($open),0.000001)),20))))",1,4,-0.1028776556,0.1069908616,0.06578947368,-0.0004897702427,0.0006843125788,0.1052631579,-0.0004540257165,0.5030940776,0.7407596228,1939,50464,51736,1,0,-0.1028776556,-0.0004897702427,primary_direction_not_reproduced|future_signal_wrong_lag_too_strong,bl_signal_materialized_watch,phase3bs_cem_dominant_rx_entropy,phase3bs_cem_dominant_rx_entropy,0.2563614,phase3bs_cem_dominant_rx_entropy: cem seed interaction ret_delta_30 x range_vol_20 spread,short_top,0.1028776556,4,signal_corr_abs_ge_0.75|future_signal_wrong_lag_too_strong,bp_watch_or_reject
462abf6af0969f36f031c94e,phase3bs_00154,,rx_interaction::rx_intraday_return::rx_flow_amount_volume::spread,amount|intraday_ret_from_open,"CSRank(Sub(ZScore(Delta($intraday_ret_from_open,20)),ZScore(Delta($amount,30))))",5,4,-0.100975284,0.1164735019,0.1315789474,-0.000545097058,0.0008559840631,0.2302631579,-0.03583125132,0.005330963488,0.7773892497,1928,50464,51736,1,0,-0.100975284,-0.000545097058,primary_direction_not_reproduced,bl_signal_materialized_watch,phase3bs_cem_dominant_rx_entropy,phase3bs_cem_dominant_rx_entropy,0.20901242,phase3bs_cem_dominant_rx_entropy: rx interaction intraday_delta_20 x amount_delta_30 spread,short_top,0.100975284,4,,bp_followup_priority
067bc76a6d2933fe073340d1,phase3bs_00055,,cem_interaction::rx_intraday_return::rx_opening_amount::signed_state,intraday_ret_from_open|m1_first30_vol|volume,"CSRank(Mul(Sign(ZScore(Delta($intraday_ret_from_open,8))),ZScore(Div($m1_first30_vol,Add(Abs($volume),0.000001)))))",5,4,0.09524373265,0.1050356958,0.8897058824,0.000330473804,0.0006090258063,0.7647058824,0.02047038257,-0.05657738145,0.7934830305,1924,45322,51736,1,0,0.09524373265,0.000330473804,,bl_signal_materialized_pass,phase3bs_cem_dominant_rx_entropy,phase3bs_cem_dominant_rx_entropy,0.20907317,phase3bs_cem_dominant_rx_entropy: cem seed interaction intraday_delta_8 x m1_first30_vol signed_state,long_top,0.09524373265,4,,bp_followup_priority
a4f0497e1fce050d1e18f1ea,phase3bs_00066,,cem_interaction::rx_intraday_return::rx_range_location::spread,high|intraday_ret_from_open|low|open,"CSRank(Sub(ZScore(Delta($intraday_ret_from_open,8)),ZScore(Std(Div(Sub($high,$low),Add(Abs($open),0.000001)),30))))",1,4,-0.09098118551,0.09918882041,0.1315789474,-0.000313692542,0.0005272852131,0.1776315789,-0.006330531606,0.2386037372,0.7222469931,1941,50464,51736,1,0,-0.09098118551,-0.000313692542,primary_direction_not_reproduced|future_signal_wrong_lag_too_strong,bl_signal_materialized_watch,phase3bs_cem_dominant_rx_entropy,phase3bs_cem_dominant_rx_entropy,0.19212333,phase3bs_cem_dominant_rx_entropy: cem seed interaction intraday_delta_8 x range_vol_30 spread,short_top,0.09098118551,4,signal_corr_abs_ge_0.75|future_signal_wrong_lag_too_strong,bp_watch_or_reject
82ec59f526b44720a4f49763,phase3bs_00060,,cem_interaction::rx_intraday_return::rx_opening_amount::signed_state,intraday_ret_from_open|m1_first30_vol|volume,"CSRank(Mul(Sign(ZScore(Delta($intraday_ret_from_open,20))),ZScore(Div($m1_first30_vol,Add(Abs($volume),0.000001)))))",15,4,0.0898384906,0.102376359,0.8676470588,0.0004227536064,0.0009469128399,0.6985294118,0.04785937349,0.001644087575,0.791633401,1924,45322,51736,1,0,0.0898384906,0.0004227536064,,bl_signal_materialized_pass,phase3bs_cem_dominant_rx_entropy,phase3bs_cem_dominant_rx_entropy,0.20694789,phase3bs_cem_dominant_rx_entropy: cem seed interaction intraday_delta_20 x m1_first30_vol signed_state,long_top,0.0898384906,4,signal_corr_abs_ge_0.75,bp_watch_or_reject
879dacd36de63950d6394dcf,phase3bs_00059,,cem_interaction::rx_intraday_return::rx_opening_amount::signed_state,intraday_ret_from_open|m1_first30_vol|volume,"CSRank(Mul(Sign(ZScore(Delta($intraday_ret_from_open,10))),ZScore(Div($m1_first30_vol,Add(Abs($volume),0.000001)))))",1,4,0.0891120458,0.09505053763,0.9191176471,0.0001888319415,0.0003434740329,0.7720588235,0.02174835447,-0.2266097152,0.7949085445,1924,45322,51736,1,0,0.0891120458,0.0001888319415,future_signal_wrong_lag_too_strong,bl_signal_materialized_watch,phase3bs_cem_dominant_rx_entropy,phase3bs_cem_dominant_rx_entropy,0.20712845,phase3bs_cem_dominant_rx_entropy: cem seed interaction intraday_delta_10 x m1_first30_vol signed_state,long_top,0.0891120458,4,future_signal_wrong_lag_too_strong,bp_watch_or_reject
b0c23e7e347ea70eeafc5b41,phase3bs_00070,,cem_interaction::rx_intraday_return::rx_range_location::spread,high|intraday_ret_from_open|low|open,"CSRank(Sub(ZScore(Delta($intraday_ret_from_open,10)),ZScore(Std(Div(Sub($high,$low),Add(Abs($open),0.000001)),30))))",1,4,-0.08124067414,0.09322419337,0.1381578947,-0.0002477461247,0.0004999678933,0.25,-0.01456769409,0.2180654185,0.7218199216,1940,50464,51736,1,0,-0.08124067414,-0.0002477461247,primary_direction_not_reproduced|future_signal_wrong_lag_too_strong,bl_signal_materialized_watch,phase3bs_cem_dominant_rx_entropy,phase3bs_cem_dominant_rx_entropy,0.19115097,phase3bs_cem_dominant_rx_entropy: cem seed interaction intraday_delta_10 x range_vol_30 spread,short_top,0.08124067414,4,signal_corr_abs_ge_0.75|future_signal_wrong_lag_too_strong,bp_watch_or_reject
36206982400c2601fb9cb28c,phase3bs_00155,,rx_interaction::rx_intraday_return::rx_flow_amount_volume::spread,amount|intraday_ret_from_open,"CSRank(Sub(ZScore(Delta($intraday_ret_from_open,30)),ZScore(Delta($amount,20))))",5,4,-0.07802547599,0.1051011512,0.2434210526,-0.000418242468,0.0008804663529,0.3157894737,-0.02368832175,0.00112721158,0.7713495392,1926,50464,51736,1,0,-0.07802547599,-0.000418242468,primary_direction_not_reproduced,bl_signal_materialized_watch,phase3bs_cem_dominant_rx_entropy,phase3bs_cem_dominant_rx_entropy,0.20901242,phase3bs_cem_dominant_rx_entropy: rx interaction intraday_delta_30 x amount_delta_20 spread,short_top,0.07802547599,4,signal_corr_abs_ge_0.75,bp_watch_or_reject
5c629e6b39ae5a3d857dfcac,phase3bs_00153,,rx_interaction::rx_intraday_return::rx_flow_amount_volume::spread,amount|intraday_ret_from_open,"CSRank(Sub(ZScore(Delta($intraday_ret_from_open,30)),ZScore(Delta($amount,10))))",5,4,-0.07702133946,0.1008173479,0.2236842105,-0.0003399153661,0.0008011906537,0.3223684211,-0.02338983069,-0.003854506457,0.7723734352,1926,50464,51736,1,0,-0.07702133946,-0.0003399153661,primary_direction_not_reproduced,bl_signal_materialized_watch,phase3bs_cem_dominant_rx_entropy,phase3bs_cem_dominant_rx_entropy,0.2101287,phase3bs_cem_dominant_rx_entropy: rx interaction intraday_delta_30 x amount_delta_10 spread,short_top,0.07702133946,4,signal_corr_abs_ge_0.75,bp_watch_or_reject
48f70822fe17429c68265b55,phase3bs_00144,,rx_interaction::rx_range_location::rx_range_location::product,close|high|low|open,"CSRank(Mul(ZScore(Sub(Div(Sub($close,$low),Add(Abs(Sub($high,$low)),0.000001)),Mean(Div(Sub($close,$low),Add(Abs(Sub($high,$low)),0.000001)),20))),ZScore(Std(Div(Sub($high,$low),Add(Abs($open),0.000001)),30))))",1,4,0.07396761085,0.08327967584,0.8947368421,-4.246019805e-05,0.0004349559178,0.5526315789,-0.004943592355,-0.05428014083,0.777414269,1942,50464,51736,1,0,0.07396761085,-4.246019805e-05,,bl_signal_materialized_pass,phase3bs_cem_dominant_rx_entropy,phase3bs_cem_dominant_rx_entropy,0.21517979,phase3bs_cem_dominant_rx_entropy: rx interaction bar_loc_shift_20 x range_vol_30 product,long_top,0.07396761085,4,signal_corr_abs_ge_0.75,bp_watch_or_reject
54d25a5c1553822a8435df7c,phase3bs_00142,,rx_interaction::rx_range_location::rx_range_location::product,close|high|low|open,"CSRank(Mul(ZScore(Sub(Div(Sub($close,$low),Add(Abs(Sub($high,$low)),0.000001)),Mean(Div(Sub($close,$low),Add(Abs(Sub($high,$low)),0.000001)),10))),ZScore(Std(Div(Sub($high,$low),Add(Abs($open),0.000001)),30))))",1,4,0.07350562223,0.0842365465,0.8684210526,-2.217719176e-05,0.0004537451234,0.5394736842,-0.004845648302,-0.06095392162,0.7809205142,1940,50464,51736,1,0,0.07350562223,-2.217719176e-05,,bl_signal_materialized_pass,phase3bs_cem_dominant_rx_entropy,phase3bs_cem_dominant_rx_entropy,0.21629607,phase3bs_cem_dominant_rx_entropy: rx interaction bar_loc_shift_10 x range_vol_30 product,long_top,0.07350562223,4,signal_corr_abs_ge_0.75,bp_watch_or_reject
591285e444b864dbca098a87,phase3bs_00143,,rx_interaction::rx_range_location::rx_range_location::product,close|high|low|open,"CSRank(Mul(ZScore(Sub(Div(Sub($close,$low),Add(Abs(Sub($high,$low)),0.000001)),Mean(Div(Sub($close,$low),Add(Abs(Sub($high,$low)),0.000001)),30))),ZScore(Std(Div(Sub($high,$low),Add(Abs($open),0.000001)),20))))",1,4,0.06879185541,0.07736697709,0.8947368421,-8.20973974e-05,0.0004334322502,0.5789473684,-0.000801696371,-0.05099843775,0.7756947922,1942,50464,51736,1,0,0.06879185541,-8.20973974e-05,,bl_signal_materialized_pass,phase3bs_cem_dominant_rx_entropy,phase3bs_cem_dominant_rx_entropy,0.21517979,phase3bs_cem_dominant_rx_entropy: rx interaction bar_loc_shift_30 x range_vol_20 product,long_top,0.06879185541,4,signal_corr_abs_ge_0.75,bp_watch_or_reject
a67938c654848788e0f60528,phase3bs_00141,,rx_interaction::rx_range_location::rx_range_location::product,close|high|low|open,"CSRank(Mul(ZScore(Sub(Div(Sub($close,$low),Add(Abs(Sub($high,$low)),0.000001)),Mean(Div(Sub($close,$low),Add(Abs(Sub($high,$low)),0.000001)),30))),ZScore(Std(Div(Sub($high,$low),Add(Abs($open),0.000001)),10))))",1,4,0.0632526829,0.07335619042,0.8552631579,-7.604720024e-05,0.0004595679558,0.5526315789,-0.001934795709,-0.04992195857,0.7763256395,1942,50464,51736,1,0,0.0632526829,-7.604720024e-05,,bl_signal_materialized_pass,phase3bs_cem_dominant_rx_entropy,phase3bs_cem_dominant_rx_entropy,0.21629607,phase3bs_cem_dominant_rx_entropy: rx interaction bar_loc_shift_30 x range_vol_10 product,long_top,0.0632526829,3,signal_corr_abs_ge_0.75,bp_watch_or_reject
3a17c59b0483a1b8b716e8f3,phase3bs_00110,,cem_interaction::rx_opening_amount::rx_range_location::spread,amount|high|low|m1_first30_amount|open,"CSRank(Sub(ZScore(Div($m1_first30_amount,Add(Abs($amount),0.000001))),ZScore(Std(Div(Sub($high,$low),Add(Abs($open),0.000001)),30))))",30,4,0.05866342276,0.09523796791,0.6764705882,0.0006427693038,0.001997489366,0.5955882353,0.05313853266,0.05549928317,0.6273043469,1924,45322,51736,1,0,0.05866342276,0.0006427693038,future_signal_wrong_lag_too_strong,bl_signal_materialized_watch,phase3bs_cem_dominant_rx_entropy,phase3bs_cem_dominant_rx_entropy,0.16800309,phase3bs_cem_dominant_rx_entropy: cem seed interaction m1_first30_amount x range_vol_30 spread,long_top,0.05866342276,3,signal_corr_abs_ge_0.75|future_signal_wrong_lag_too_strong,bp_watch_or_reject
037df7e5c4b95cdbc7a075b1,phase3bs_00068,,cem_interaction::rx_opening_amount::rx_range_location::signed_state,amount|high|low|m1_first30_amount|open,"CSRank(Mul(Sign(ZScore(Div($m1_first30_amount,Add(Abs($amount),0.000001)))),ZScore(Std(Div(Sub($high,$low),Add(Abs($open),0.000001)),30))))",30,4,0.05245768583,0.09320751874,0.6544117647,0.0002615935209,0.002176855479,0.5661764706,0.05282109222,0.0528751058,0.6232992877,1938,45322,51736,1,0,0.05245768583,0.0002615935209,future_signal_wrong_lag_too_strong,bl_signal_materialized_watch,phase3bs_cem_dominant_rx_entropy,phase3bs_cem_dominant_rx_entropy,0.19334437,phase3bs_cem_dominant_rx_entropy: cem seed interaction m1_first30_amount x range_vol_30 signed_state,long_top,0.05245768583,3,signal_corr_abs_ge_0.75|future_signal_wrong_lag_too_strong,bp_watch_or_reject
fa31569138d684c28bd7dde3,phase3bs_00114,,cem_interaction::rx_opening_amount::rx_range_location::spread,amount|high|low|m1_first5_amount|open,"CSRank(Sub(ZScore(Div($m1_first5_amount,Add(Abs($amount),0.000001))),ZScore(Std(Div(Sub($high,$low),Add(Abs($open),0.000001)),30))))",30,4,0.05114925869,0.09512644047,0.6486486486,0.0003984582819,0.002121140054,0.5743243243,0.04476230495,0.0464870588,0.628530343,1924,49181,51736,1,0,0.05114925869,0.0003984582819,future_signal_wrong_lag_too_strong,bl_signal_materialized_watch,phase3bs_cem_dominant_rx_entropy,phase3bs_cem_dominant_rx_entropy,0.16703129,phase3bs_cem_dominant_rx_entropy: cem seed interaction m1_first5_amount x range_vol_30 spread,long_top,0.05114925869,3,signal_corr_abs_ge_0.75|future_signal_wrong_lag_too_strong,bp_watch_or_reject
bc2f440dc8e9a9ef892f1bef,phase3bs_00071,,cem_interaction::rx_intraday_return::rx_range_location::spread,high|intraday_ret_from_open|low|open,"CSRank(Sub(ZScore(Delta($intraday_ret_from_open,30)),ZScore(Std(Div(Sub($high,$low),Add(Abs($open),0.000001)),20))))",5,4,-0.05090868719,0.08673024603,0.3223684211,-0.0003649380213,0.0008204898208,0.3355263158,-0.008370104495,0.02593907831,0.7020502415,1936,50464,51736,1,0,-0.05090868719,-0.0003649380213,primary_direction_not_reproduced,bl_signal_materialized_watch,phase3bs_cem_dominant_rx_entropy,phase3bs_cem_dominant_rx_entropy,0.19003469,phase3bs_cem_dominant_rx_entropy: cem seed interaction intraday_delta_30 x range_vol_20 spread,short_top,0.05090868719,4,signal_corr_abs_ge_0.75,bp_watch_or_reject
72c54f459a3049a3ce3878ba,phase3bs_00101,,cem_interaction::rx_opening_amount::rx_range_location::spread,amount|high|low|m1_first15_amount|open,"CSRank(Sub(ZScore(Div($m1_first15_amount,Add(Abs($amount),0.000001))),ZScore(Std(Div(Sub($high,$low),Add(Abs($open),0.000001)),30))))",30,4,0.05036107598,0.0943592625,0.6486486486,0.0004038962345,0.002094444113,0.5675675676,0.04422743001,0.04618458813,0.6304903013,1924,49181,51736,1,0,0.05036107598,0.0004038962345,future_signal_wrong_lag_too_strong,bl_signal_materialized_watch,phase3bs_cem_dominant_rx_entropy,phase3bs_cem_dominant_rx_entropy,0.16870831,phase3bs_cem_dominant_rx_entropy: cem seed interaction m1_first15_amount x range_vol_30 spread,long_top,0.05036107598,3,signal_corr_abs_ge_0.75|future_signal_wrong_lag_too_strong,bp_watch_or_reject
47cb578e2f03a5301ac0aa5c,phase3bs_00067,,cem_interaction::rx_intraday_return::rx_range_location::spread,high|intraday_ret_from_open|low|open,"CSRank(Sub(ZScore(Delta($intraday_ret_from_open,30)),ZScore(Std(Div(Sub($high,$low),Add(Abs($open),0.000001)),8))))",1,4,-0.05028819646,0.07014225884,0.2302631579,-0.0001873057583,0.0004452161968,0.2960526316,-0.002665597393,0.1050857407,0.7275562799,1942,50464,51736,1,0,-0.05028819646,-0.0001873057583,primary_direction_not_reproduced|future_signal_wrong_lag_too_strong,bl_signal_materialized_watch,phase3bs_cem_dominant_rx_entropy,phase3bs_cem_dominant_rx_entropy,0.19212333,phase3bs_cem_dominant_rx_entropy: cem seed interaction intraday_delta_30 x range_vol_8 spread,short_top,0.05028819646,4,signal_corr_abs_ge_0.75|future_signal_wrong_lag_too_strong,bp_watch_or_reject
c83e163cd031008bdaaa8967,phase3bs_00069,,cem_interaction::rx_intraday_return::rx_range_location::spread,high|intraday_ret_from_open|low|open,"CSRank(Sub(ZScore(Delta($intraday_ret_from_open,30)),ZScore(Std(Div(Sub($high,$low),Add(Abs($open),0.000001)),10))))",5,4,-0.04951272318,0.0824101851,0.2763157895,-0.0003181354323,0.0008125310822,0.3486842105,-0.0119817705,0.02011057796,0.7221061467,1940,50464,51736,1,0,-0.04951272318,-0.0003181354323,primary_direction_not_reproduced,bl_signal_materialized_watch,phase3bs_cem_dominant_rx_entropy,phase3bs_cem_dominant_rx_entropy,0.19115097,phase3bs_cem_dominant_rx_entropy: cem seed interaction intraday_delta_30 x range_vol_10 spread,short_top,0.04951272318,4,signal_corr_abs_ge_0.75,bp_watch_or_reject
b2f127e18db859a9da1247ea,phase3bs_00073,,cem_interaction::rx_opening_amount::rx_range_location::signed_state,amount|high|low|m1_first5_amount|open,"CSRank(Mul(Sign(ZScore(Div($m1_first5_amount,Add(Abs($amount),0.000001)))),ZScore(Std(Div(Sub($high,$low),Add(Abs($open),0.000001)),30))))",30,4,0.04808085586,0.08989015925,0.6283783784,0.0002548144221,0.002078912697,0.5472972973,0.04632503905,0.0429706222,0.6298287429,1937,49181,51736,1,0,0.04808085586,0.0002548144221,,bl_signal_materialized_pass,phase3bs_cem_dominant_rx_entropy,phase3bs_cem_dominant_rx_entropy,0.19237257,phase3bs_cem_dominant_rx_entropy: cem seed interaction m1_first5_amount x range_vol_30 signed_state,long_top,0.04808085586,3,signal_corr_abs_ge_0.75,bp_watch_or_reject
1968a9411c7724cd1a9da779,phase3bs_00104,,cem_interaction::rx_opening_amount::rx_range_location::signed_state,amount|high|low|m1_first30_amount|open,"CSRank(Mul(Sign(ZScore(Div($m1_first30_amount,Add(Abs($amount),0.000001)))),ZScore(Std(Div(Sub($high,$low),Add(Abs($open),0.000001)),20))))",30,4,0.04744041021,0.08922212392,0.6911764706,0.0001396890182,0.002144798096,0.5367647059,0.04892269652,0.04747629276,0.6368193548,1937,45322,51736,1,0,0.04744041021,0.0001396890182,future_signal_wrong_lag_too_strong,bl_signal_materialized_watch,phase3bs_cem_dominant_rx_entropy,phase3bs_cem_dominant_rx_entropy,0.18058109,phase3bs_cem_dominant_rx_entropy: cem seed interaction m1_first30_amount x range_vol_20 signed_state,long_top,0.04744041021,3,signal_corr_abs_ge_0.75|future_signal_wrong_lag_too_strong,bp_watch_or_reject
39f0b58dd65b2f6e024a60e7,phase3bs_00109,,cem_interaction::rx_opening_range::rx_volatility_state::spread,m1_first30_range|open|ret_1m,"CSRank(Sub(ZScore(Div($m1_first30_range,Add(Abs($open),0.000001))),ZScore(Std($ret_1m,20))))",15,4,0.04626366245,0.08704209635,0.7352941176,0.0002733669367,0.001294461895,0.6323529412,0.04233518953,0.04321329662,0.6203641116,1930,45322,51736,1,0,0.04626366245,0.0002733669367,future_signal_wrong_lag_too_strong,bl_signal_materialized_watch,phase3bs_cem_dominant_rx_entropy,phase3bs_cem_dominant_rx_entropy,0.17603415,phase3bs_cem_dominant_rx_entropy: cem seed interaction m1_first30_range x ret_vol_20 spread,long_top,0.04626366245,2,signal_corr_abs_ge_0.75|future_signal_wrong_lag_too_strong,bp_watch_or_reject
97d813a6ec70101b27c499bc,phase3bs_00128,,cem_interaction::rx_opening_amount::rx_range_location::product,amount|high|low|m1_first15_amount|open,"CSRank(Mul(ZScore(Div($m1_first15_amount,Add(Abs($amount),0.000001))),ZScore(Std(Div(Sub($high,$low),Add(Abs($open),0.000001)),30))))",30,4,0.04518802442,0.08732825213,0.6351351351,0.0001683392093,0.002020650031,0.5337837838,0.04577451276,0.0427107737,0.6385756928,1924,49181,51736,1,0,0.04518802442,0.0001683392093,future_signal_wrong_lag_too_strong,bl_signal_materialized_watch,phase3bs_cem_dominant_rx_entropy,phase3bs_cem_dominant_rx_entropy,0.17064302,phase3bs_cem_dominant_rx_entropy: cem seed interaction m1_first15_amount x range_vol_30 product,long_top,0.04518802442,3,signal_corr_abs_ge_0.75|future_signal_wrong_lag_too_strong,bp_watch_or_reject
44e27ce8dcc22f895b8c45db,phase3bs_00100,,cem_interaction::rx_opening_amount::rx_range_location::signed_state,amount|high|low|m1_first15_amount|open,"CSRank(Mul(Sign(ZScore(Div($m1_first15_amount,Add(Abs($amount),0.000001)))),ZScore(Std(Div(Sub($high,$low),Add(Abs($open),0.000001)),20))))",30,4,0.0438496653,0.08550038257,0.6689189189,0.000118625268,0.002038547317,0.5202702703,0.04317181215,0.0389153857,0.6422254134,1938,49181,51736,1,0,0.0438496653,0.000118625268,,bl_signal_materialized_pass,phase3bs_cem_dominant_rx_entropy,phase3bs_cem_dominant_rx_entropy,0.18128631,phase3bs_cem_dominant_rx_entropy: cem seed interaction m1_first15_amount x range_vol_20 signed_state,long_top,0.0438496653,3,signal_corr_abs_ge_0.75,bp_watch_or_reject
010cd37c5d16de911bdb6c38,phase3bs_00106,,cem_interaction::rx_opening_amount::rx_range_location::signed_state,amount|high|low|m1_first5_amount|open,"CSRank(Mul(Sign(ZScore(Div($m1_first5_amount,Add(Abs($amount),0.000001)))),ZScore(Std(Div(Sub($high,$low),Add(Abs($open),0.000001)),20))))",30,4,0.04362833416,0.08630318755,0.6689189189,0.0001726267866,0.002067672736,0.5202702703,0.04255642756,0.03816923634,0.6419912502,1936,49181,51736,1,0,0.04362833416,0.0001726267866,,bl_signal_materialized_pass,phase3bs_cem_dominant_rx_entropy,phase3bs_cem_dominant_rx_entropy,0.17960929,phase3bs_cem_dominant_rx_entropy: cem seed interaction m1_first5_amount x range_vol_20 signed_state,long_top,0.04362833416,3,signal_corr_abs_ge_0.75,bp_watch_or_reject
bf9958a2b33a702d44493a5c,phase3bs_00065,,cem_atom::rx_range_location::rank,high|low|open,"CSRank(ZScore(Std(Div(Sub($high,$low),Add(Abs($open),0.000001)),20)))",30,4,-0.04344156116,0.0935794962,0.3552631579,-0.0001271580539,0.00215476845,0.4802631579,-0.04350450202,-0.04412300963,0.6142349726,1924,50464,51736,1,0,-0.04344156116,-0.0001271580539,primary_direction_not_reproduced|future_signal_wrong_lag_too_strong,bl_signal_materialized_watch,phase3bs_cem_dominant_rx_entropy,phase3bs_cem_dominant_rx_entropy,0.19048257,phase3bs_cem_dominant_rx_entropy: cem seed atom range_vol_20,short_top,0.04344156116,3,signal_corr_abs_ge_0.75|future_signal_wrong_lag_too_strong,bp_watch_or_reject
ea60004c294ff872e96844c9,phase3bs_00118,,cem_atom::rx_range_location::inverted,high|low|open,"Neg(CSRank(ZScore(Std(Div(Sub($high,$low),Add(Abs($open),0.000001)),20))))",30,4,0.04344156116,0.0935794962,0.6447368421,0.0001842025402,0.002177046058,0.5328947368,0.04350450202,0.04412300963,0.614784446,1924,50464,51736,1,0,0.04344156116,0.0001842025402,future_signal_wrong_lag_too_strong,bl_signal_materialized_watch,phase3bs_cem_dominant_rx_entropy,phase3bs_cem_dominant_rx_entropy,0.18117121,phase3bs_cem_dominant_rx_entropy: cem seed atom range_vol_20,long_top,0.04344156116,3,signal_corr_abs_ge_0.75|future_signal_wrong_lag_too_strong,bp_watch_or_reject
329fe2e8e5a2a59b0c9f9edc,phase3bs_00133,,rx_interaction::rx_intraday_return::rx_range_location::product,high|low|open|ret_1m,"CSRank(Mul(ZScore(Delta($ret_1m,10)),ZScore(Std(Div(Sub($high,$low),Add(Abs($open),0.000001)),30))))",1,4,0.04214863537,0.06133639055,0.7434210526,7.478069453e-05,0.0003576965024,0.5328947368,-0.01039568792,-0.06463316256,0.7857077396,1942,50464,51736,1,0,0.04214863537,7.478069453e-05,future_signal_wrong_lag_too_strong,bl_signal_materialized_watch,phase3bs_cem_dominant_rx_entropy,phase3bs_cem_dominant_rx_entropy,0.25907989,phase3bs_cem_dominant_rx_entropy: rx interaction ret_delta_10 x range_vol_30 product,long_top,0.04214863537,2,future_signal_wrong_lag_too_strong,bp_watch_or_reject
f684c00fc2d5b08d4cda1aab,phase3bs_00103,,cem_interaction::rx_opening_range::rx_volatility_state::spread,m1_first30_range|open|ret_1m,"CSRank(Sub(ZScore(Div($m1_first30_range,Add(Abs($open),0.000001))),ZScore(Std($ret_1m,10))))",15,4,0.04203163735,0.08207357782,0.7058823529,0.0002134654007,0.001197784512,0.6102941176,0.03727355051,0.03445352959,0.6338801393,1931,45322,51736,1,0,0.04203163735,0.0002134654007,,bl_signal_materialized_pass,phase3bs_cem_dominant_rx_entropy,phase3bs_cem_dominant_rx_entropy,0.17621471,phase3bs_cem_dominant_rx_entropy: cem seed interaction m1_first30_range x ret_vol_10 spread,long_top,0.04203163735,2,signal_corr_abs_ge_0.75,bp_watch_or_reject
6236a4c47401a44b6c6f9eb3,phase3bs_00140,,rx_interaction::rx_range_location::rx_volatility_state::product,close|high|low|ret_1m,"CSRank(Mul(ZScore(Sub(Div(Sub($close,$low),Add(Abs(Sub($high,$low)),0.000001)),Mean(Div(Sub($close,$low),Add(Abs(Sub($high,$low)),0.000001)),20))),ZScore(Std($ret_1m,30))))",1,4,0.04158967647,0.06055457795,0.7828947368,-0.0002110012366,0.0004296308274,0.3947368421,-0.003444279986,-0.007119633649,0.7689020673,1941,50464,51736,1,0,0.04158967647,-0.0002110012366,,bl_signal_materialized_pass,phase3bs_cem_dominant_rx_entropy,phase3bs_cem_dominant_rx_entropy,0.22006382,phase3bs_cem_dominant_rx_entropy: rx interaction bar_loc_shift_20 x ret_vol_30 product,long_top,0.04158967647,1,signal_corr_abs_ge_0.75|too_few_positive_horizons,bp_watch_or_reject
78307865e7f513a99f0ebd5a,phase3bs_00121,,cem_interaction::rx_opening_range::rx_range_location::spread,high|low|m1_first30_range|open,"CSRank(Sub(ZScore(Div($m1_first30_range,Add(Abs($open),0.000001))),ZScore(Std(Div(Sub($high,$low),Add(Abs($open),0.000001)),20))))",15,4,0.04152851629,0.08398526775,0.6985294118,0.0002752173206,0.001235666723,0.6102941176,0.03886500062,0.03775633892,0.5894551338,1931,45322,51736,1,0,0.04152851629,0.0002752173206,future_signal_wrong_lag_too_strong,bl_signal_materialized_watch,phase3bs_cem_dominant_rx_entropy,phase3bs_cem_dominant_rx_entropy,0.16982993,phase3bs_cem_dominant_rx_entropy: cem seed interaction m1_first30_range x range_vol_20 spread,long_top,0.04152851629,2,signal_corr_abs_ge_0.75|future_signal_wrong_lag_too_strong,bp_watch_or_reject
7ad2f3fd58a0aa555e273bd8,phase3bs_00138,,rx_interaction::rx_range_location::rx_volatility_state::product,close|high|low|ret_1m,"CSRank(Mul(ZScore(Sub(Div(Sub($close,$low),Add(Abs(Sub($high,$low)),0.000001)),Mean(Div(Sub($close,$low),Add(Abs(Sub($high,$low)),0.000001)),10))),ZScore(Std($ret_1m,30))))",1,4,0.04107582464,0.06004764755,0.7828947368,-0.0002015266272,0.0004098639379,0.375,-0.003004620996,-0.01230690299,0.7738281595,1942,50464,51736,1,0,0.04107582464,-0.0002015266272,,bl_signal_materialized_pass,phase3bs_cem_dominant_rx_entropy,phase3bs_cem_dominant_rx_entropy,0.2211801,phase3bs_cem_dominant_rx_entropy: rx interaction bar_loc_shift_10 x ret_vol_30 product,long_top,0.04107582464,1,signal_corr_abs_ge_0.75|too_few_positive_horizons,bp_watch_or_reject
063ce18c5f890135295329cf,phase3bs_00091,,cem_interaction::rx_opening_range::rx_volatility_state::spread,m1_first30_range|open|ret_1m,"CSRank(Sub(ZScore(Div($m1_first30_range,Add(Abs($open),0.000001))),ZScore(Std($ret_1m,8))))",15,4,0.03539069511,0.076768307,0.6838235294,8.900276278e-05,0.00113463138,0.5514705882,0.0326355599,0.03059623484,0.6443076815,1931,45322,51736,1,0,0.03539069511,8.900276278e-05,,bl_signal_materialized_pass,phase3bs_cem_dominant_rx_entropy,phase3bs_cem_dominant_rx_entropy,0.17815943,phase3bs_cem_dominant_rx_entropy: cem seed interaction m1_first30_range x ret_vol_8 spread,long_top,0.03539069511,2,signal_corr_abs_ge_0.75,bp_watch_or_reject
173a91e31ea187ba2016a800,phase3bs_00136,,rx_interaction::rx_intraday_return::rx_range_location::product,high|low|open|ret_1m,"CSRank(Mul(ZScore(Delta($ret_1m,20)),ZScore(Std(Div(Sub($high,$low),Add(Abs($open),0.000001)),30))))",1,4,0.03387140602,0.05516838904,0.7039473684,4.561564241e-06,0.0003830811122,0.4210526316,-0.00338499863,-0.05630638074,0.783947139,1941,50464,51736,1,0,0.03387140602,4.561564241e-06,future_signal_wrong_lag_too_strong,bl_signal_materialized_watch,phase3bs_cem_dominant_rx_entropy,phase3bs_cem_dominant_rx_entropy,0.25796361,phase3bs_cem_dominant_rx_entropy: rx interaction ret_delta_20 x range_vol_30 product,long_top,0.03387140602,1,future_signal_wrong_lag_too_strong|too_few_positive_horizons,bp_watch_or_reject
2ea6b6c8429d4cbf0daab889,phase3bs_00102,,cem_interaction::rx_opening_amount::rx_range_location::signed_state,amount|high|low|m1_first30_amount|open,"CSRank(Mul(Sign(ZScore(Div($m1_first30_amount,Add(Abs($amount),0.000001)))),ZScore(Std(Div(Sub($high,$low),Add(Abs($open),0.000001)),10))))",15,4,0.03380518274,0.07199628131,0.6911764706,-0.00015596884,0.001125502149,0.5588235294,0.03419023899,0.0296643604,0.6703462651,1943,45322,51736,1,0,0.03380518274,-0.00015596884,,bl_signal_materialized_pass,phase3bs_cem_dominant_rx_entropy,phase3bs_cem_dominant_rx_entropy,0.18076165,phase3bs_cem_dominant_rx_entropy: cem seed interaction m1_first30_amount x range_vol_10 signed_state,long_top,0.03380518274,3,signal_corr_abs_ge_0.75,bp_watch_or_reject
62fd5f9879fac87200fd2149,phase3bs_00017,,cem_resample::rx_intraday_return::rx_flow_amount_volume::elite_inverted_product,intraday_ret_from_open|volume,"Neg(CSRank(Mul(ZScore(Delta($intraday_ret_from_open,15)),ZScore(Delta($volume,30)))))",15,4,0.03362864882,0.07100272751,0.6513157895,0.000440695462,0.001053022921,0.5855263158,0.02938632151,-0.004183851649,0.7734708984,1957,50464,51736,1,0,0.03362864882,0.000440695462,,bl_signal_materialized_pass,phase3bs_cem_dominant_rx_entropy,phase3bs_cem_dominant_rx_entropy,0.21835103,phase3bs_cem_dominant_rx_entropy: cem round 3 elite resample intraday_delta_15 x volume_delta_30,long_top,0.03362864882,3,signal_corr_abs_ge_0.75,bp_watch_or_reject
0292f370e283371ca7ba146a,phase3bs_00013,,cem_resample::rx_intraday_return::rx_flow_amount_volume::elite_inverted_product,amount|intraday_ret_from_open,"Neg(CSRank(Mul(ZScore(Delta($intraday_ret_from_open,15)),ZScore(Delta($amount,30)))))",15,4,0.03352223793,0.06912190489,0.6710526316,0.0003609702675,0.001101115631,0.6184210526,0.02623347151,-0.006501193319,0.768940095,1928,50464,51736,1,0,0.03352223793,0.0003609702675,,bl_signal_materialized_pass,phase3bs_cem_dominant_rx_entropy,phase3bs_cem_dominant_rx_entropy,0.22031989,phase3bs_cem_dominant_rx_entropy: cem round 3 elite resample intraday_delta_15 x amount_delta_30,long_top,0.03352223793,2,signal_corr_abs_ge_0.75,bp_watch_or_reject
e0900009f3dc701787e7b866,phase3bs_00107,,cem_atom::rx_range_location::inverted,high|low|open,"Neg(CSRank(ZScore(Std(Div(Sub($high,$low),Add(Abs($open),0.000001)),10))))",15,4,0.03296053597,0.07440089128,0.6776315789,-0.0002762765856,0.001253499057,0.5,0.0320123743,0.03275489091,0.6552809066,1921,50464,51736,1,0,0.03296053597,-0.0002762765856,future_signal_wrong_lag_too_strong,bl_signal_materialized_watch,phase3bs_cem_dominant_rx_entropy,phase3bs_cem_dominant_rx_entropy,0.18135177,phase3bs_cem_dominant_rx_entropy: cem seed atom range_vol_10,long_top,0.03296053597,3,signal_corr_abs_ge_0.75|future_signal_wrong_lag_too_strong,bp_watch_or_reject
76b1bd6c6bebad0d95beacac,phase3bs_00097,,cem_interaction::rx_opening_amount::rx_range_location::signed_state,amount|high|low|m1_first15_amount|open,"CSRank(Mul(Sign(ZScore(Div($m1_first15_amount,Add(Abs($amount),0.000001)))),ZScore(Std(Div(Sub($high,$low),Add(Abs($open),0.000001)),10))))",15,4,0.03283199259,0.06994986737,0.6689189189,-0.0002276279646,0.001164360359,0.5337837838,0.03244377994,0.02796763268,0.6745720302,1943,49181,51736,1,0,0.03283199259,-0.0002276279646,,bl_signal_materialized_pass,phase3bs_cem_dominant_rx_entropy,phase3bs_cem_dominant_rx_entropy,0.18146687,phase3bs_cem_dominant_rx_entropy: cem seed interaction m1_first15_amount x range_vol_10 signed_state,long_top,0.03283199259,3,signal_corr_abs_ge_0.75,bp_watch_or_reject
70e3592fc3d6ba5402d02358,phase3bs_00139,,rx_interaction::rx_range_location::rx_volatility_state::product,close|high|low|ret_1m,"CSRank(Mul(ZScore(Sub(Div(Sub($close,$low),Add(Abs(Sub($high,$low)),0.000001)),Mean(Div(Sub($close,$low),Add(Abs(Sub($high,$low)),0.000001)),30))),ZScore(Std($ret_1m,20))))",1,4,0.03274989802,0.05424273895,0.7171052632,-0.0002363222963,0.0004804733396,0.3421052632,-0.002114262346,0.004529971338,0.7684452405,1941,50464,51736,1,0,0.03274989802,-0.0002363222963,,bl_signal_materialized_pass,phase3bs_cem_dominant_rx_entropy,phase3bs_cem_dominant_rx_entropy,0.22006382,phase3bs_cem_dominant_rx_entropy: rx interaction bar_loc_shift_30 x ret_vol_20 product,long_top,0.03274989802,1,signal_corr_abs_ge_0.75|too_few_positive_horizons,bp_watch_or_reject
bedc23cb29c7f837b849c758,phase3bs_00015,,cem_resample::rx_intraday_return::rx_flow_amount_volume::elite_inverted_product,amount|intraday_ret_from_open,"Neg(CSRank(Mul(ZScore(Delta($intraday_ret_from_open,20)),ZScore(Delta($amount,30)))))",15,4,0.03247643651,0.06652237493,0.6315789474,0.0003233117278,0.001088005916,0.5855263158,0.02345043727,-0.001883466421,0.7700022506,1928,50464,51736,1,0,0.03247643651,0.0003233117278,,bl_signal_materialized_pass,phase3bs_cem_dominant_rx_entropy,phase3bs_cem_dominant_rx_entropy,0.21929541,phase3bs_cem_dominant_rx_entropy: cem round 3 elite resample intraday_delta_20 x amount_delta_30,long_top,0.03247643651,2,signal_corr_abs_ge_0.75,bp_watch_or_reject
4801ef69ad091956723e7c37,phase3bs_00112,,cem_interaction::rx_opening_amount::rx_range_location::signed_state,amount|high|low|m1_first5_amount|open,"CSRank(Mul(Sign(ZScore(Div($m1_first5_amount,Add(Abs($amount),0.000001)))),ZScore(Std(Div(Sub($high,$low),Add(Abs($open),0.000001)),10))))",15,4,0.03228578766,0.07133416355,0.6756756757,-0.0002109934271,0.001157775401,0.5405405405,0.03252916833,0.02825663641,0.6749015268,1942,49181,51736,1,0,0.03228578766,-0.0002109934271,,bl_signal_materialized_pass,phase3bs_cem_dominant_rx_entropy,phase3bs_cem_dominant_rx_entropy,0.17978985,phase3bs_cem_dominant_rx_entropy: cem seed interaction m1_first5_amount x range_vol_10 signed_state,long_top,0.03228578766,3,signal_corr_abs_ge_0.75,bp_watch_or_reject
942962339ae76931482cc9c4,phase3bs_00085,,cem_interaction::rx_opening_range::rx_volatility_state::product,m1_first30_range|open|ret_1m,"CSRank(Mul(ZScore(Div($m1_first30_range,Add(Abs($open),0.000001))),ZScore(Std($ret_1m,20))))",30,4,0.03188340287,0.07468154787,0.6397058824,0.0003890451241,0.001842008244,0.5882352941,0.03147450501,0.02943546149,0.606410772,1931,45322,51736,1,0,0.03188340287,0.0003890451241,future_signal_wrong_lag_too_strong,bl_signal_materialized_watch,phase3bs_cem_dominant_rx_entropy,phase3bs_cem_dominant_rx_entropy,0.1789983,phase3bs_cem_dominant_rx_entropy: cem seed interaction m1_first30_range x ret_vol_20 product,long_top,0.03188340287,2,future_signal_wrong_lag_too_strong,bp_watch_or_reject
52ce498e751386c5e03cc60e,phase3bs_00018,,cem_resample::rx_intraday_return::rx_flow_amount_volume::elite_inverted_product,intraday_ret_from_open|volume,"Neg(CSRank(Mul(ZScore(Delta($intraday_ret_from_open,20)),ZScore(Delta($volume,30)))))",15,4,0.03174855653,0.06692653593,0.6447368421,0.0003607339219,0.001024766463,0.6184210526,0.02238411202,-0.002980347406,0.7723750719,1945,50464,51736,1,0,0.03174855653,0.0003607339219,,bl_signal_materialized_pass,phase3bs_cem_dominant_rx_entropy,phase3bs_cem_dominant_rx_entropy,0.21732655,phase3bs_cem_dominant_rx_entropy: cem round 3 elite resample intraday_delta_20 x volume_delta_30,long_top,0.03174855653,2,signal_corr_abs_ge_0.75,bp_watch_or_reject
